{"features":[{"geometry":{"coordinates":[112.74564805027232,-7.269287947372131],"type":"Point"},"properties":{"address":"JL EMBONG KEMIRI 15","analysis_version":"p0-central-v1","category_l1":"MAKANAN DAN MINUMAN","category_l2":"ROTI DAN KUE","category_l3":"ROTI","collected_at":"Q2 2026","district":"GENTENG","merchant_id":"009e8a6b-2213-5674-a8e5-0e615bf94818","merchant_name":"P.S.I PATISSERIE","phone":"0838-5670-1212","source":"MAKANAN DAN MINUMAN DI KOTA SURABAYA TAHUN 2025.geojson","source_feature_index":2029,"source_file":"data/raw/culinary/MAKANAN DAN MINUMAN DI KOTA SURABAYA TAHUN 2025.geojson","source_sha256":"0CDAE67E83D996938967A7A1C72CB2F46C94E15BCD9146E53138BA5D67E925AF","status":"BUKA","updated_at":"09/04/2026","validation_status":"valid","village":"EMBONG KALIASIN"},"type":"Feature"},{"geometry":{"coordinates":[112.740218,-7.258510899999976],"type":"Point"},"properties":{"address":"GENTENG, KEC. GENTENG, SURABAYA, JAWA TIMUR 60275","analysis_version":"p0-central-v1","category_l1":"MAKANAN DAN MINUMAN","category_l2":"RESTORAN","category_l3":"RESTORAN PADANG","collected_at":"Q4 2023","district":"GENTENG","merchant_id":"014c0750-27da-5b7e-a49b-d092cf349ce2","merchant_name":"WARUNG NASI PADANG LAPAU","phone":"0853-3123-0149","source":"MAKANAN DAN MINUMAN DI KOTA SURABAYA TAHUN 2025.geojson","source_feature_index":1414,"source_file":"data/raw/culinary/MAKANAN DAN MINUMAN DI KOTA SURABAYA TAHUN 2025.geojson","source_sha256":"0CDAE67E83D996938967A7A1C72CB2F46C94E15BCD9146E53138BA5D67E925AF","status":"BUKA","updated_at":"27/02/2025","validation_status":"valid","village":"GENTENG"},"type":"Feature"},{"geometry":{"coordinates":[112.73937560000002,-7.259352299999932],"type":"Point"},"properties":{"address":"JL. TUNJUNGAN NO.53K, GENTENG, KEC. GENTENG, SURABAYA, JAWA TIMUR 60275","analysis_version":"p0-central-v1","category_l1":"MAKANAN DAN MINUMAN","category_l2":"RESTORAN","category_l3":"RESTORAN JEPANG","collected_at":"Q4 2023","district":"GENTENG","merchant_id":"01fa8dac-f84b-58ef-ba6c-94b9b1b5c8f5","merchant_name":"GOODLIFE SUKI GRILL & BAR","phone":"0812-1880-5553","source":"MAKANAN DAN MINUMAN DI KOTA SURABAYA TAHUN 2025.geojson","source_feature_index":949,"source_file":"data/raw/culinary/MAKANAN DAN MINUMAN DI KOTA SURABAYA TAHUN 2025.geojson","source_sha256":"0CDAE67E83D996938967A7A1C72CB2F46C94E15BCD9146E53138BA5D67E925AF","status":"BUKA","updated_at":"27/02/2025","validation_status":"valid","village":"GENTENG"},"type":"Feature"},{"geometry":{"coordinates":[112.74887070000013,-7.274493899999931],"type":"Point"},"properties":{"address":"JL. BALI NO.27, GUBENG, KEC. GUBENG, SURABAYA, JAWA TIMUR 60281","analysis_version":"p0-central-v1","category_l1":"MAKANAN DAN MINUMAN","category_l2":"RESTORAN","category_l3":"KAFE DAN RESTO","collected_at":"Q4 2023","district":"GUBENG","merchant_id":"024d6189-c52e-58c0-8d3e-3f61ad1534ef","merchant_name":"ALLEGRA","phone":"0857-1620-0261","source":"MAKANAN DAN MINUMAN DI KOTA SURABAYA TAHUN 2025.geojson","source_feature_index":1120,"source_file":"data/raw/culinary/MAKANAN DAN MINUMAN DI KOTA SURABAYA TAHUN 2025.geojson","source_sha256":"0CDAE67E83D996938967A7A1C72CB2F46C94E15BCD9146E53138BA5D67E925AF","status":"BUKA","updated_at":"27/02/2025","validation_status":"valid","village":"GUBENG"},"type":"Feature"},{"geometry":{"coordinates":[112.7382894000001,-7.261831299999926],"type":"Point"},"properties":{"address":"LT. 5.12 TUNJUNGAN PLAZA 6, JL. EMBONG MALANG NO.36, KEDUNGDORO, KEC. TEGALSARI, SURABAYA, JAWA TIMUR 60261","analysis_version":"p0-central-v1","category_l1":"MAKANAN DAN MINUMAN","category_l2":"RESTORAN","category_l3":"RESTORAN JEPANG","collected_at":"Q4 2023","district":"TEGALSARI","merchant_id":"02d16877-f0f7-5e07-8222-e6c22336a3c2","merchant_name":"ZENBU HOUSE OF MOZARU","phone":"(031) 99246604","source":"MAKANAN DAN MINUMAN DI KOTA SURABAYA TAHUN 2025.geojson","source_feature_index":952,"source_file":"data/raw/culinary/MAKANAN DAN MINUMAN DI KOTA SURABAYA TAHUN 2025.geojson","source_sha256":"0CDAE67E83D996938967A7A1C72CB2F46C94E15BCD9146E53138BA5D67E925AF","status":"BUKA","updated_at":"27/02/2025","validation_status":"valid","village":"KEDUNGDORO"},"type":"Feature"},{"geometry":{"coordinates":[112.74925540000004,-7.269391499999927],"type":"Point"},"properties":{"address":"JL. SUMATERA NO.40, GUBENG, KEC. GUBENG, SURABAYA, JAWA TIMUR 60281","analysis_version":"p0-central-v1","category_l1":"MAKANAN DAN MINUMAN","category_l2":"MINUMAN","category_l3":"COFFEESHOP","collected_at":"Q4 2023","district":"GUBENG","merchant_id":"02e72006-c501-5cd0-9691-00133a996b0c","merchant_name":"HISTORICA","phone":"(031) 5033003","source":"MAKANAN DAN MINUMAN DI KOTA SURABAYA TAHUN 2025.geojson","source_feature_index":856,"source_file":"data/raw/culinary/MAKANAN DAN MINUMAN DI KOTA SURABAYA TAHUN 2025.geojson","source_sha256":"0CDAE67E83D996938967A7A1C72CB2F46C94E15BCD9146E53138BA5D67E925AF","status":"BUKA","updated_at":"27/02/2025","validation_status":"valid","village":"GUBENG"},"type":"Feature"},{"geometry":{"coordinates":[112.7476604,-7.263187],"type":"Point"},"properties":{"address":"WORLD TRADE CENTRE LANTAI 1 NO. 171, JL. PEMUDA NO. 27-31, EMBONG KALIASIN, KEC. GENTENG, SURABAYA, JAWA TIMUR 60271","analysis_version":"p0-central-v1","category_l1":"MAKANAN DAN MINUMAN","category_l2":"RESTORAN","category_l3":"NASI GORENG","collected_at":"Q4 2023","district":"GENTENG","merchant_id":"030502be-1b7a-558d-97a5-0e94a3d18c14","merchant_name":"NASI GORENG TOP","phone":"(031) 5313179","source":"MAKANAN DAN MINUMAN DI KOTA SURABAYA TAHUN 2025.geojson","source_feature_index":598,"source_file":"data/raw/culinary/MAKANAN DAN MINUMAN DI KOTA SURABAYA TAHUN 2025.geojson","source_sha256":"0CDAE67E83D996938967A7A1C72CB2F46C94E15BCD9146E53138BA5D67E925AF","status":"BUKA","updated_at":"27/02/2025","validation_status":"valid","village":"EMBONG KALIASIN"},"type":"Feature"},{"geometry":{"coordinates":[112.748591,-7.258033],"type":"Point"},"properties":{"address":"JL. JIMERTO NO.37, KETABANG, KEC. GENTENG, SURABAYA, JAWA TIMUR 60272","analysis_version":"p0-central-v1","category_l1":"MAKANAN DAN MINUMAN","category_l2":"RESTORAN","category_l3":"RESTORAN PADANG","collected_at":"Q4 2023","district":"GENTENG","merchant_id":"03175b0e-2f3c-5b63-8a11-62db3a17d1b0","merchant_name":"PALAPA","phone":"0821-6891-1678","source":"MAKANAN DAN MINUMAN DI KOTA SURABAYA TAHUN 2025.geojson","source_feature_index":198,"source_file":"data/raw/culinary/MAKANAN DAN MINUMAN DI KOTA SURABAYA TAHUN 2025.geojson","source_sha256":"0CDAE67E83D996938967A7A1C72CB2F46C94E15BCD9146E53138BA5D67E925AF","status":"BUKA","updated_at":"27/02/2025","validation_status":"valid","village":"KETABANG"},"type":"Feature"},{"geometry":{"coordinates":[112.732166,-7.258194],"type":"Point"},"properties":{"address":"JL. TIDAR NO.7, SAWAHAN, KEC. SAWAHAN, SURABAYA, JAWA TIMUR 60251","analysis_version":"p0-central-v1","category_l1":"MAKANAN DAN MINUMAN","category_l2":"RESTORAN","category_l3":"SEAFOOD","collected_at":"Q4 2023","district":"SAWAHAN","merchant_id":"05050b22-9bd1-5acd-a50d-211bdc199c9f","merchant_name":"MASAKAN TIO CIU CHINESE FOOD & SEAFOOD","phone":"(031) 5482999","source":"MAKANAN DAN MINUMAN DI KOTA SURABAYA TAHUN 2025.geojson","source_feature_index":277,"source_file":"data/raw/culinary/MAKANAN DAN MINUMAN DI KOTA SURABAYA TAHUN 2025.geojson","source_sha256":"0CDAE67E83D996938967A7A1C72CB2F46C94E15BCD9146E53138BA5D67E925AF","status":"BUKA","updated_at":"27/02/2025","validation_status":"valid","village":"SAWAHAN"},"type":"Feature"},{"geometry":{"coordinates":[112.7390288,-7.2599783],"type":"Point"},"properties":{"address":"JL. TUNJUNGAN NO.82, RT.001/RW.03, GENTENG, KEC. GENTENG, SURABAYA, JAWA TIMUR 60275","analysis_version":"p0-central-v1","category_l1":"MAKANAN DAN MINUMAN","category_l2":"MINUMAN","category_l3":"MINUMAN BOBA DAN MILK TEA","collected_at":"Q4 2023","district":"GENTENG","merchant_id":"05ab56c4-245f-5a0d-bf69-1fa3b0c80299","merchant_name":"STREET BOBA - TUNJUNGAN","phone":"0895-3042-7780","source":"MAKANAN DAN MINUMAN DI KOTA SURABAYA TAHUN 2025.geojson","source_feature_index":537,"source_file":"data/raw/culinary/MAKANAN DAN MINUMAN DI KOTA SURABAYA TAHUN 2025.geojson","source_sha256":"0CDAE67E83D996938967A7A1C72CB2F46C94E15BCD9146E53138BA5D67E925AF","status":"BUKA","updated_at":"27/02/2025","validation_status":"valid","village":"GENTENG"},"type":"Feature"},{"geometry":{"coordinates":[112.73436067569864,-7.255964350401002],"type":"Point"},"properties":{"address":"BG JUNCTION","analysis_version":"p0-central-v1","category_l1":"MAKANAN DAN MINUMAN","category_l2":"ROTI DAN KUE","category_l3":"ROTI","collected_at":"Q2 2026","district":"GENTENG","merchant_id":"06146be3-107d-5490-82a8-d3f066bc9e08","merchant_name":"ROTIBOY BAKESHOPPE","phone":"(0623) 15461055","source":"MAKANAN DAN MINUMAN DI KOTA SURABAYA TAHUN 2025.geojson","source_feature_index":2096,"source_file":"data/raw/culinary/MAKANAN DAN MINUMAN DI KOTA SURABAYA TAHUN 2025.geojson","source_sha256":"0CDAE67E83D996938967A7A1C72CB2F46C94E15BCD9146E53138BA5D67E925AF","status":"BUKA","updated_at":"09/04/2026","validation_status":"valid","village":"GENTENG"},"type":"Feature"},{"geometry":{"coordinates":[112.73870290000002,-7.259367299999951],"type":"Point"},"properties":{"address":"JL. TUNJUNGAN NO.64, GENTENG, KEC. GENTENG, SURABAYA, JAWA TIMUR 60275","analysis_version":"p0-central-v1","category_l1":"MAKANAN DAN MINUMAN","category_l2":"RESTORAN","category_l3":"RESTORAN KOREA","collected_at":"Q4 2023","district":"GENTENG","merchant_id":"06652414-df96-5a82-803d-1365e769cda3","merchant_name":"SEOUL BUNSIK","phone":"0881-0265-87888","source":"MAKANAN DAN MINUMAN DI KOTA SURABAYA TAHUN 2025.geojson","source_feature_index":1048,"source_file":"data/raw/culinary/MAKANAN DAN MINUMAN DI KOTA SURABAYA TAHUN 2025.geojson","source_sha256":"0CDAE67E83D996938967A7A1C72CB2F46C94E15BCD9146E53138BA5D67E925AF","status":"BUKA","updated_at":"27/02/2025","validation_status":"valid","village":"GENTENG"},"type":"Feature"},{"geometry":{"coordinates":[112.74736780000002,-7.271847199999971],"type":"Point"},"properties":{"address":"JL. SUMATERA NO.81, GUBENG, SURABAYA, EAST JAVA 60281","analysis_version":"p0-central-v1","category_l1":"MAKANAN DAN MINUMAN","category_l2":"RESTORAN","category_l3":"KAFE DAN RESTO","collected_at":"Q4 2023","district":"GUBENG","merchant_id":"07b0d0c7-f794-5760-bdcc-fdedd028b739","merchant_name":"COLORS PUB & RESTAURANT","phone":"0811-3971-8181","source":"MAKANAN DAN MINUMAN DI KOTA SURABAYA TAHUN 2025.geojson","source_feature_index":1350,"source_file":"data/raw/culinary/MAKANAN DAN MINUMAN DI KOTA SURABAYA TAHUN 2025.geojson","source_sha256":"0CDAE67E83D996938967A7A1C72CB2F46C94E15BCD9146E53138BA5D67E925AF","status":"BUKA","updated_at":"27/02/2025","validation_status":"valid","village":"GUBENG"},"type":"Feature"},{"geometry":{"coordinates":[112.736362,-7.270260199999941],"type":"Point"},"properties":{"address":"JL. KP. MALANG UTARA V NO.16, RT.006/RW.04, TEGALSARI, KEC. TEGALSARI, SURABAYA, JAWA TIMUR 60262","analysis_version":"p0-central-v1","category_l1":"MAKANAN DAN MINUMAN","category_l2":"RESTORAN","category_l3":"CEPAT SAJI","collected_at":"Q4 2023","district":"TEGALSARI","merchant_id":"07d822b5-4d98-52a2-a8e3-212af252fd0b","merchant_name":"BURGER & HOTDOGS FALS","phone":"0896-1275-3706","source":"MAKANAN DAN MINUMAN DI KOTA SURABAYA TAHUN 2025.geojson","source_feature_index":1214,"source_file":"data/raw/culinary/MAKANAN DAN MINUMAN DI KOTA SURABAYA TAHUN 2025.geojson","source_sha256":"0CDAE67E83D996938967A7A1C72CB2F46C94E15BCD9146E53138BA5D67E925AF","status":"BUKA","updated_at":"27/02/2025","validation_status":"valid","village":"TEGALSARI"},"type":"Feature"},{"geometry":{"coordinates":[112.7526471,-7.2682813],"type":"Point"},"properties":{"address":"JL. GUBENG KLINGSINGAN NO.21, GUBENG, KEC. GUBENG, SURABAYA, JAWA TIMUR 60281","analysis_version":"p0-central-v1","category_l1":"MAKANAN DAN MINUMAN","category_l2":"MINUMAN","category_l3":"ES KRIM DAN DESSERT","collected_at":"Q4 2023","district":"GUBENG","merchant_id":"07eb7239-0901-55eb-8c2a-9b977731b0ca","merchant_name":"OTLET RESMI ES CREAM AICE","phone":"0812-1699-0357","source":"MAKANAN DAN MINUMAN DI KOTA SURABAYA TAHUN 2025.geojson","source_feature_index":89,"source_file":"data/raw/culinary/MAKANAN DAN MINUMAN DI KOTA SURABAYA TAHUN 2025.geojson","source_sha256":"0CDAE67E83D996938967A7A1C72CB2F46C94E15BCD9146E53138BA5D67E925AF","status":"BUKA","updated_at":"27/02/2025","validation_status":"valid","village":"GUBENG"},"type":"Feature"},{"geometry":{"coordinates":[112.7386562,-7.2520257],"type":"Point"},"properties":{"address":"JL. PENELEH GG. X JL. PENELEH NO.11","analysis_version":"p0-central-v1","category_l1":"MAKANAN DAN MINUMAN","category_l2":"ROTI DAN KUE","category_l3":"KUE","collected_at":"Q2 2026","district":"GENTENG","merchant_id":"07ff63f6-b9a8-5e49-8ef5-e267ab9b3758","merchant_name":"JENK SISSY CAKE","phone":"+6289673643927","source":"MAKANAN DAN MINUMAN DI KOTA SURABAYA TAHUN 2025.geojson","source_feature_index":2101,"source_file":"data/raw/culinary/MAKANAN DAN MINUMAN DI KOTA SURABAYA TAHUN 2025.geojson","source_sha256":"0CDAE67E83D996938967A7A1C72CB2F46C94E15BCD9146E53138BA5D67E925AF","status":"BUKA","updated_at":"09/04/2026","validation_status":"valid","village":"PENELEH"},"type":"Feature"},{"geometry":{"coordinates":[112.7538448,-7.258965],"type":"Point"},"properties":{"address":"JALAN RESIDEN SUDIRMAN 35","analysis_version":"p0-central-v1","category_l1":"MAKANAN DAN MINUMAN","category_l2":"ROTI DAN KUE","category_l3":"KUE","collected_at":"Q2 2026","district":"TAMBAKSARI","merchant_id":"081514f4-c6e4-5a65-825e-175a4c96e513","merchant_name":"THERANCYS CAKE","phone":"+6285107026699","source":"MAKANAN DAN MINUMAN DI KOTA SURABAYA TAHUN 2025.geojson","source_feature_index":2068,"source_file":"data/raw/culinary/MAKANAN DAN MINUMAN DI KOTA SURABAYA TAHUN 2025.geojson","source_sha256":"0CDAE67E83D996938967A7A1C72CB2F46C94E15BCD9146E53138BA5D67E925AF","status":"BUKA","updated_at":"09/04/2026","validation_status":"valid","village":"PACARKELING"},"type":"Feature"},{"geometry":{"coordinates":[112.7476323,-7.2715568],"type":"Point"},"properties":{"address":"JL. SUMATERA NO.75, GUBENG, KEC. GUBENG, SURABAYA, JAWA TIMUR 60281","analysis_version":"p0-central-v1","category_l1":"MAKANAN DAN MINUMAN","category_l2":"RESTORAN","category_l3":"RESTORAN EROPA","collected_at":"Q4 2023","district":"GUBENG","merchant_id":"08d5dd3a-cc15-5568-8878-d10dbc263b66","merchant_name":"DE SOEMATRA","phone":"(031) 5010666","source":"MAKANAN DAN MINUMAN DI KOTA SURABAYA TAHUN 2025.geojson","source_feature_index":465,"source_file":"data/raw/culinary/MAKANAN DAN MINUMAN DI KOTA SURABAYA TAHUN 2025.geojson","source_sha256":"0CDAE67E83D996938967A7A1C72CB2F46C94E15BCD9146E53138BA5D67E925AF","status":"BUKA","updated_at":"27/02/2025","validation_status":"valid","village":"GUBENG"},"type":"Feature"},{"geometry":{"coordinates":[112.7477087,-7.2632326],"type":"Point"},"properties":{"address":"WTC JL. PEMUDA NO.21 - 31, EMBONG KALIASIN, GENTENG, SURABAYA, EAST JAVA 60271","analysis_version":"p0-central-v1","category_l1":"MAKANAN DAN MINUMAN","category_l2":"MINUMAN","category_l3":"ES KRIM DAN DESSERT","collected_at":"Q4 2023","district":"GENTENG","merchant_id":"08fb3090-a72e-5c1b-8063-57c4153941a4","merchant_name":"JUAREAZ ICE CREAM","phone":null,"source":"MAKANAN DAN MINUMAN DI KOTA SURABAYA TAHUN 2025.geojson","source_feature_index":83,"source_file":"data/raw/culinary/MAKANAN DAN MINUMAN DI KOTA SURABAYA TAHUN 2025.geojson","source_sha256":"0CDAE67E83D996938967A7A1C72CB2F46C94E15BCD9146E53138BA5D67E925AF","status":"BUKA","updated_at":"27/02/2025","validation_status":"valid","village":"EMBONG KALIASIN"},"type":"Feature"},{"geometry":{"coordinates":[112.7394342,-7.2633577],"type":"Point"},"properties":{"address":"JL. BASUKI RAHMAT NO.8-12, KEDUNGDORO, KEC. TEGALSARI, SURABAYA, JAWA TIMUR 60261","analysis_version":"p0-central-v1","category_l1":"MAKANAN DAN MINUMAN","category_l2":"MINUMAN","category_l3":"MINUMAN BOBA DAN MILK TEA","collected_at":"Q4 2023","district":"TEGALSARI","merchant_id":"09989b52-14f7-5cec-bb70-732e8820e05a","merchant_name":"QUICKLY - TUNJUNGAN PLAZA 3","phone":"(031) 5353927","source":"MAKANAN DAN MINUMAN DI KOTA SURABAYA TAHUN 2025.geojson","source_feature_index":579,"source_file":"data/raw/culinary/MAKANAN DAN MINUMAN DI KOTA SURABAYA TAHUN 2025.geojson","source_sha256":"0CDAE67E83D996938967A7A1C72CB2F46C94E15BCD9146E53138BA5D67E925AF","status":"BUKA","updated_at":"27/02/2025","validation_status":"valid","village":"KEDUNGDORO"},"type":"Feature"},{"geometry":{"coordinates":[112.75081350000005,-7.255854699999929],"type":"Point"},"properties":{"address":"JL. AMBENGAN NO.67, TAMBAKSARI, KEC. TAMBAKSARI, SURABAYA, JAWA TIMUR 60136","analysis_version":"p0-central-v1","category_l1":"MAKANAN DAN MINUMAN","category_l2":"RESTORAN","category_l3":"RESTORAN KOREA","collected_at":"Q4 2023","district":"TAMBAKSARI","merchant_id":"0a58b935-e19d-546d-a6ad-77b2288ce191","merchant_name":"TOPOCI AMBENGAN SURABAYA - ANGKRINGAN ASLI KOREA","phone":"0859-1069-01901","source":"MAKANAN DAN MINUMAN DI KOTA SURABAYA TAHUN 2025.geojson","source_feature_index":1044,"source_file":"data/raw/culinary/MAKANAN DAN MINUMAN DI KOTA SURABAYA TAHUN 2025.geojson","source_sha256":"0CDAE67E83D996938967A7A1C72CB2F46C94E15BCD9146E53138BA5D67E925AF","status":"BUKA","updated_at":"27/02/2025","validation_status":"valid","village":"TAMBAKSARI"},"type":"Feature"},{"geometry":{"coordinates":[112.73909010000011,-7.262446],"type":"Point"},"properties":{"address":"TUNJUNGAN PLAZA 4, JL. BASUKI RAHMAT NO.52, KEDUNGDORO, SURABAYA, EAST JAVA","analysis_version":"p0-central-v1","category_l1":"MAKANAN DAN MINUMAN","category_l2":"RESTORAN","category_l3":"RESTORAN KOREA","collected_at":"Q4 2023","district":"TEGALSARI","merchant_id":"0b008399-e148-5cbe-b4e3-3900f9841519","merchant_name":"TTEOKBOKKI QUEEN - TUNJUNGAN PLAZA 4","phone":"0877-8775-5308","source":"MAKANAN DAN MINUMAN DI KOTA SURABAYA TAHUN 2025.geojson","source_feature_index":1043,"source_file":"data/raw/culinary/MAKANAN DAN MINUMAN DI KOTA SURABAYA TAHUN 2025.geojson","source_sha256":"0CDAE67E83D996938967A7A1C72CB2F46C94E15BCD9146E53138BA5D67E925AF","status":"BUKA","updated_at":"27/02/2025","validation_status":"valid","village":"KEDUNGDORO"},"type":"Feature"},{"geometry":{"coordinates":[112.7320796,-7.2559697],"type":"Point"},"properties":{"address":"JL. KRANGGAN NO.67 A, BUBUTAN, KEC. BUBUTAN, SURABAYA, JAWA TIMUR 60174","analysis_version":"p0-central-v1","category_l1":"MAKANAN DAN MINUMAN","category_l2":"RESTORAN","category_l3":"NASI GORENG","collected_at":"Q4 2023","district":"SAWAHAN","merchant_id":"0ccefadb-bdb1-5dc5-b45b-745c3694c0a1","merchant_name":"NASI GORENG DAN MIE GORENG JAWA","phone":null,"source":"MAKANAN DAN MINUMAN DI KOTA SURABAYA TAHUN 2025.geojson","source_feature_index":638,"source_file":"data/raw/culinary/MAKANAN DAN MINUMAN DI KOTA SURABAYA TAHUN 2025.geojson","source_sha256":"0CDAE67E83D996938967A7A1C72CB2F46C94E15BCD9146E53138BA5D67E925AF","status":"BUKA","updated_at":"27/02/2025","validation_status":"valid","village":"SAWAHAN"},"type":"Feature"},{"geometry":{"coordinates":[112.74766040000009,-7.263187],"type":"Point"},"properties":{"address":"WTC LANTAI 3, JL. PEMUDA, EMBONG KALIASIN, KEC. GENTENG, SURABAYA, JAWA TIMUR 60271","analysis_version":"p0-central-v1","category_l1":"MAKANAN DAN MINUMAN","category_l2":"MINUMAN","category_l3":"COFFEESHOP","collected_at":"Q4 2023","district":"GENTENG","merchant_id":"0e12320b-9582-5d3e-86db-6c710ef8b2f7","merchant_name":"IJEN CAFE","phone":"0813-3371-6061","source":"MAKANAN DAN MINUMAN DI KOTA SURABAYA TAHUN 2025.geojson","source_feature_index":857,"source_file":"data/raw/culinary/MAKANAN DAN MINUMAN DI KOTA SURABAYA TAHUN 2025.geojson","source_sha256":"0CDAE67E83D996938967A7A1C72CB2F46C94E15BCD9146E53138BA5D67E925AF","status":"BUKA","updated_at":"27/02/2025","validation_status":"valid","village":"EMBONG KALIASIN"},"type":"Feature"},{"geometry":{"coordinates":[112.733764,-7.255375],"type":"Point"},"properties":{"address":"BG JUNCTION LEVEL 1 UNIT L1-C92, JL. BUBUTAN, NO. 1-7, 60174, BUBUTAN, KEC. BUBUTAN, SURABAYA, JAWA TIMUR 60174","analysis_version":"p0-central-v1","category_l1":"MAKANAN DAN MINUMAN","category_l2":"MINUMAN","category_l3":"ES KRIM DAN DESSERT","collected_at":"Q4 2023","district":"BUBUTAN","merchant_id":"0e3139d9-737f-51ed-9875-947c46173e36","merchant_name":"MINIMELTS BG JUNCTION SURABAYA","phone":"(031) 5467958","source":"MAKANAN DAN MINUMAN DI KOTA SURABAYA TAHUN 2025.geojson","source_feature_index":116,"source_file":"data/raw/culinary/MAKANAN DAN MINUMAN DI KOTA SURABAYA TAHUN 2025.geojson","source_sha256":"0CDAE67E83D996938967A7A1C72CB2F46C94E15BCD9146E53138BA5D67E925AF","status":"BUKA","updated_at":"27/02/2025","validation_status":"valid","village":"BUBUTAN"},"type":"Feature"},{"geometry":{"coordinates":[112.7315699,-7.2628818],"type":"Point"},"properties":{"address":"001, JL. KEDUNG DORO NO.139, RW.07, KEDUNGDORO, KEC. TEGALSARI, SURABAYA, JAWA TIMUR 60261","analysis_version":"p0-central-v1","category_l1":"MAKANAN DAN MINUMAN","category_l2":"RESTORAN","category_l3":"SEAFOOD","collected_at":"Q4 2023","district":"TEGALSARI","merchant_id":"0ed82483-f745-5cb8-bce4-f8723d95431d","merchant_name":"DEPOT BAROKAH SEAFOOD & IKAN BAKAR","phone":"0813-3218-7499","source":"MAKANAN DAN MINUMAN DI KOTA SURABAYA TAHUN 2025.geojson","source_feature_index":235,"source_file":"data/raw/culinary/MAKANAN DAN MINUMAN DI KOTA SURABAYA TAHUN 2025.geojson","source_sha256":"0CDAE67E83D996938967A7A1C72CB2F46C94E15BCD9146E53138BA5D67E925AF","status":"BUKA","updated_at":"27/02/2025","validation_status":"valid","village":"KEDUNGDORO"},"type":"Feature"},{"geometry":{"coordinates":[112.7363351,-7.266161],"type":"Point"},"properties":{"address":"JL. TEGALSARI NO.52, KEDUNGDORO, KEC. TEGALSARI, SURABAYA, JAWA TIMUR 60261","analysis_version":"p0-central-v1","category_l1":"MAKANAN DAN MINUMAN","category_l2":"RESTORAN","category_l3":"SEAFOOD","collected_at":"Q4 2023","district":"TEGALSARI","merchant_id":"0f494ea9-10ba-549c-8827-b4d212f4342f","merchant_name":"IKAN BAKAR CIANJUR","phone":"(031) 99246666","source":"MAKANAN DAN MINUMAN DI KOTA SURABAYA TAHUN 2025.geojson","source_feature_index":242,"source_file":"data/raw/culinary/MAKANAN DAN MINUMAN DI KOTA SURABAYA TAHUN 2025.geojson","source_sha256":"0CDAE67E83D996938967A7A1C72CB2F46C94E15BCD9146E53138BA5D67E925AF","status":"BUKA","updated_at":"27/02/2025","validation_status":"valid","village":"KEDUNGDORO"},"type":"Feature"},{"geometry":{"coordinates":[112.73791060000008,-7.257935599999939],"type":"Point"},"properties":{"address":"TUNJUNGAN ST NO.34, GENTENG, SURABAYA, EAST JAVA 60275","analysis_version":"p0-central-v1","category_l1":"MAKANAN DAN MINUMAN","category_l2":"MINUMAN","category_l3":"COFFEESHOP","collected_at":"Q4 2023","district":"GENTENG","merchant_id":"0fa5b050-bcf9-5f05-8be1-435a5985e528","merchant_name":"THIRTY THREE COFFEE BAR","phone":null,"source":"MAKANAN DAN MINUMAN DI KOTA SURABAYA TAHUN 2025.geojson","source_feature_index":145,"source_file":"data/raw/culinary/MAKANAN DAN MINUMAN DI KOTA SURABAYA TAHUN 2025.geojson","source_sha256":"0CDAE67E83D996938967A7A1C72CB2F46C94E15BCD9146E53138BA5D67E925AF","status":"BUKA","updated_at":"27/02/2025","validation_status":"valid","village":"GENTENG"},"type":"Feature"},{"geometry":{"coordinates":[112.7504196,-7.2728348],"type":"Point"},"properties":{"address":"JL. BILITON NO.27, GUBENG, KEC. GUBENG, SURABAYA, JAWA TIMUR 60281","analysis_version":"p0-central-v1","category_l1":"MAKANAN DAN MINUMAN","category_l2":"RESTORAN","category_l3":"RESTORAN TIMUR TENGAH","collected_at":"Q4 2023","district":"GUBENG","merchant_id":"11108311-0972-5ad5-8f54-38eb0253dda5","merchant_name":"LARAZETA MIDDLE EAST RESTAURANT & GALLERY","phone":"0811-301-425","source":"MAKANAN DAN MINUMAN DI KOTA SURABAYA TAHUN 2025.geojson","source_feature_index":471,"source_file":"data/raw/culinary/MAKANAN DAN MINUMAN DI KOTA SURABAYA TAHUN 2025.geojson","source_sha256":"0CDAE67E83D996938967A7A1C72CB2F46C94E15BCD9146E53138BA5D67E925AF","status":"BUKA","updated_at":"27/02/2025","validation_status":"valid","village":"GUBENG"},"type":"Feature"},{"geometry":{"coordinates":[112.7392482,-7.2626513],"type":"Point"},"properties":{"address":"PLAZA WEST, LG #3-4","analysis_version":"p0-central-v1","category_l1":"MAKANAN DAN MINUMAN","category_l2":"ROTI DAN KUE","category_l3":"ROTI","collected_at":"Q2 2026","district":"TEGALSARI","merchant_id":"121e51bf-3621-55c6-b5ba-bb9fdc82e4a9","merchant_name":"EATON BAKERY AND NOODLE HOUSE","phone":"+62315342588","source":"MAKANAN DAN MINUMAN DI KOTA SURABAYA TAHUN 2025.geojson","source_feature_index":2057,"source_file":"data/raw/culinary/MAKANAN DAN MINUMAN DI KOTA SURABAYA TAHUN 2025.geojson","source_sha256":"0CDAE67E83D996938967A7A1C72CB2F46C94E15BCD9146E53138BA5D67E925AF","status":"BUKA","updated_at":"09/04/2026","validation_status":"valid","village":"KEDUNGDORO"},"type":"Feature"},{"geometry":{"coordinates":[112.74067800000012,-7.263362],"type":"Point"},"properties":{"address":"JL. BASUKI RAHMAT NO. 8 - 12, TUNJUNGAN PLAZA LT. 5 - OFC 27-28, KEDUNGDORO, SURABAYA, EAST JAVA 60261","analysis_version":"p0-central-v1","category_l1":"MAKANAN DAN MINUMAN","category_l2":"RESTORAN","category_l3":"SUSHI","collected_at":"Q4 2023","district":"TEGALSARI","merchant_id":"130206e0-7faa-52b6-b465-cff4d84d79c8","merchant_name":"SUSHI DONBOURI","phone":"0819-0111-5758","source":"MAKANAN DAN MINUMAN DI KOTA SURABAYA TAHUN 2025.geojson","source_feature_index":929,"source_file":"data/raw/culinary/MAKANAN DAN MINUMAN DI KOTA SURABAYA TAHUN 2025.geojson","source_sha256":"0CDAE67E83D996938967A7A1C72CB2F46C94E15BCD9146E53138BA5D67E925AF","status":"BUKA","updated_at":"27/02/2025","validation_status":"valid","village":"KEDUNGDORO"},"type":"Feature"},{"geometry":{"coordinates":[112.74095160289995,-7.263432383212344],"type":"Point"},"properties":{"address":"TUNJUNGAN PLAZA I, UG","analysis_version":"p0-central-v1","category_l1":"MAKANAN DAN MINUMAN","category_l2":"ROTI DAN KUE","category_l3":"DONAT","collected_at":"Q2 2026","district":"GENTENG","merchant_id":"13350483-bdb2-529d-8b17-4935d802912a","merchant_name":"J.CO DONUTS & COFFEE","phone":"(0623) 15459549","source":"MAKANAN DAN MINUMAN DI KOTA SURABAYA TAHUN 2025.geojson","source_feature_index":2049,"source_file":"data/raw/culinary/MAKANAN DAN MINUMAN DI KOTA SURABAYA TAHUN 2025.geojson","source_sha256":"0CDAE67E83D996938967A7A1C72CB2F46C94E15BCD9146E53138BA5D67E925AF","status":"BUKA","updated_at":"09/04/2026","validation_status":"valid","village":"EMBONG KALIASIN"},"type":"Feature"},{"geometry":{"coordinates":[112.7391372,-7.2626602],"type":"Point"},"properties":{"address":"TUNJUNGAN PLAZA, JL. BASUKI RAHMAT, KEDUNGDORO, TEGALSARI, SURABAYA, EAST JAVA 60261","analysis_version":"p0-central-v1","category_l1":"MAKANAN DAN MINUMAN","category_l2":"RESTORAN","category_l3":"RESTORAN THAILAND","collected_at":"Q4 2023","district":"TEGALSARI","merchant_id":"13c611cc-c87f-57fc-a78f-a6313fae0a2b","merchant_name":"SANTHAI MODERN THAI CUISINE - TUNJUNGAN PLAZA 4","phone":null,"source":"MAKANAN DAN MINUMAN DI KOTA SURABAYA TAHUN 2025.geojson","source_feature_index":459,"source_file":"data/raw/culinary/MAKANAN DAN MINUMAN DI KOTA SURABAYA TAHUN 2025.geojson","source_sha256":"0CDAE67E83D996938967A7A1C72CB2F46C94E15BCD9146E53138BA5D67E925AF","status":"BUKA","updated_at":"27/02/2025","validation_status":"valid","village":"KEDUNGDORO"},"type":"Feature"},{"geometry":{"coordinates":[112.7504172,-7.2615886],"type":"Point"},"properties":{"address":"GRAND CITY, KETABANG, GENTENG, SURABAYA, EAST JAVA 60272","analysis_version":"p0-central-v1","category_l1":"MAKANAN DAN MINUMAN","category_l2":"RESTORAN","category_l3":"RESTORAN THAILAND","collected_at":"Q4 2023","district":"GENTENG","merchant_id":"14072cfe-cc6b-5cb1-8409-72d29ba45b18","merchant_name":"RAA CHA - GRAND CITY MALL SURABAYA","phone":"0813-2033-3673","source":"MAKANAN DAN MINUMAN DI KOTA SURABAYA TAHUN 2025.geojson","source_feature_index":318,"source_file":"data/raw/culinary/MAKANAN DAN MINUMAN DI KOTA SURABAYA TAHUN 2025.geojson","source_sha256":"0CDAE67E83D996938967A7A1C72CB2F46C94E15BCD9146E53138BA5D67E925AF","status":"BUKA","updated_at":"27/02/2025","validation_status":"valid","village":"KETABANG"},"type":"Feature"},{"geometry":{"coordinates":[112.73923560000003,-7.261878],"type":"Point"},"properties":{"address":"TUNJUNGAN PLAZA 1, JL. BASUKI RAHMAT NO.8-12, KEDUNGDORO, KEC. TEGALSARI, SURABAYA, JAWA TIMUR 60261","analysis_version":"p0-central-v1","category_l1":"MAKANAN DAN MINUMAN","category_l2":"RESTORAN","category_l3":"RESTORAN TIMUR TENGAH","collected_at":"Q4 2023","district":"TEGALSARI","merchant_id":"14a6317d-8412-5422-9120-523637c21de6","merchant_name":"KEBAB TURKI BABA RAFI TUNJUNGAN PLAZA","phone":"0857-0724-5907","source":"MAKANAN DAN MINUMAN DI KOTA SURABAYA TAHUN 2025.geojson","source_feature_index":404,"source_file":"data/raw/culinary/MAKANAN DAN MINUMAN DI KOTA SURABAYA TAHUN 2025.geojson","source_sha256":"0CDAE67E83D996938967A7A1C72CB2F46C94E15BCD9146E53138BA5D67E925AF","status":"BUKA","updated_at":"27/02/2025","validation_status":"valid","village":"KEDUNGDORO"},"type":"Feature"},{"geometry":{"coordinates":[112.750469,-7.264805099999933],"type":"Point"},"properties":{"address":"JL. PEMUDA NO.39, EMBONG KALIASIN, KEC. GENTENG, SURABAYA, JAWA TIMUR 60271","analysis_version":"p0-central-v1","category_l1":"MAKANAN DAN MINUMAN","category_l2":"MINUMAN","category_l3":"COFFEESHOP","collected_at":"Q4 2023","district":"GENTENG","merchant_id":"150d16a2-3b4c-5c44-97e6-fe0118f4b7ff","merchant_name":"NAJAMECAFE","phone":"0887-7008-090","source":"MAKANAN DAN MINUMAN DI KOTA SURABAYA TAHUN 2025.geojson","source_feature_index":4,"source_file":"data/raw/culinary/MAKANAN DAN MINUMAN DI KOTA SURABAYA TAHUN 2025.geojson","source_sha256":"0CDAE67E83D996938967A7A1C72CB2F46C94E15BCD9146E53138BA5D67E925AF","status":"BUKA","updated_at":"27/02/2025","validation_status":"valid","village":"EMBONG KALIASIN"},"type":"Feature"},{"geometry":{"coordinates":[112.748752,-7.2651978],"type":"Point"},"properties":{"address":"PLAZA SURABAYA, LT.3 NO.33, JL. PEMUDA NO.33-37, EMBONG KALIASIN, KEC. GENTENG, SURABAYA, JAWA TIMUR 60271","analysis_version":"p0-central-v1","category_l1":"MAKANAN DAN MINUMAN","category_l2":"MINUMAN","category_l3":"ES KRIM DAN DESSERT","collected_at":"Q4 2023","district":"GENTENG","merchant_id":"156f4e0b-4a5b-5cf0-9f7c-cc03a08d765d","merchant_name":"MON CHERI","phone":"(031) 5939025","source":"MAKANAN DAN MINUMAN DI KOTA SURABAYA TAHUN 2025.geojson","source_feature_index":18,"source_file":"data/raw/culinary/MAKANAN DAN MINUMAN DI KOTA SURABAYA TAHUN 2025.geojson","source_sha256":"0CDAE67E83D996938967A7A1C72CB2F46C94E15BCD9146E53138BA5D67E925AF","status":"BUKA","updated_at":"27/02/2025","validation_status":"valid","village":"EMBONG KALIASIN"},"type":"Feature"},{"geometry":{"coordinates":[112.7405888,-7.2635309],"type":"Point"},"properties":{"address":"JL. BASUKI RAHMAT, KEDUNGDORO, TEGALSARI, SURABAYA, EAST JAVA","analysis_version":"p0-central-v1","category_l1":"MAKANAN DAN MINUMAN","category_l2":"RESTORAN","category_l3":"CEPAT SAJI","collected_at":"Q4 2023","district":"TEGALSARI","merchant_id":"16285420-6ec4-5aa3-be27-190f2d02a424","merchant_name":"MONTATO TUNJUNGAN PLAZA","phone":null,"source":"MAKANAN DAN MINUMAN DI KOTA SURABAYA TAHUN 2025.geojson","source_feature_index":1459,"source_file":"data/raw/culinary/MAKANAN DAN MINUMAN DI KOTA SURABAYA TAHUN 2025.geojson","source_sha256":"0CDAE67E83D996938967A7A1C72CB2F46C94E15BCD9146E53138BA5D67E925AF","status":"BUKA","updated_at":"27/02/2025","validation_status":"valid","village":"KEDUNGDORO"},"type":"Feature"},{"geometry":{"coordinates":[112.73900460000004,-7.263495699999964],"type":"Point"},"properties":{"address":"TUNJUNGAN PLAZA 3, JL. BASUKI RAHMAT NO.8-12, KEDUNGDORO, TEGALSARI, SURABAYA, EAST JAVA 60261","analysis_version":"p0-central-v1","category_l1":"MAKANAN DAN MINUMAN","category_l2":"RESTORAN","category_l3":"SUSHI","collected_at":"Q4 2023","district":"TEGALSARI","merchant_id":"16aed19f-9ffe-582d-83fc-d5da0a48bd2e","merchant_name":"ICHIBAN SUSHI TUNJUNGAN PLAZA 3","phone":null,"source":"MAKANAN DAN MINUMAN DI KOTA SURABAYA TAHUN 2025.geojson","source_feature_index":986,"source_file":"data/raw/culinary/MAKANAN DAN MINUMAN DI KOTA SURABAYA TAHUN 2025.geojson","source_sha256":"0CDAE67E83D996938967A7A1C72CB2F46C94E15BCD9146E53138BA5D67E925AF","status":"BUKA","updated_at":"27/02/2025","validation_status":"valid","village":"KEDUNGDORO"},"type":"Feature"},{"geometry":{"coordinates":[112.73308830000008,-7.254772199999934],"type":"Point"},"properties":{"address":"60174BG JUNCTION (FOODCOURT, JL. BUBUTAN NO.1-7, BUBUTAN, SURABAYA, EAST JAVA 60174","analysis_version":"p0-central-v1","category_l1":"MAKANAN DAN MINUMAN","category_l2":"RESTORAN","category_l3":"RESTORAN KOREA","collected_at":"Q4 2023","district":"BUBUTAN","merchant_id":"1762335a-7911-5bb2-a0f6-f0d70ab00c59","merchant_name":"MANSE KOREAN FOOD - BG JUNCTION","phone":"0812-5292-9217","source":"MAKANAN DAN MINUMAN DI KOTA SURABAYA TAHUN 2025.geojson","source_feature_index":1020,"source_file":"data/raw/culinary/MAKANAN DAN MINUMAN DI KOTA SURABAYA TAHUN 2025.geojson","source_sha256":"0CDAE67E83D996938967A7A1C72CB2F46C94E15BCD9146E53138BA5D67E925AF","status":"BUKA","updated_at":"27/02/2025","validation_status":"valid","village":"BUBUTAN"},"type":"Feature"},{"geometry":{"coordinates":[112.739914,-7.2577836],"type":"Point"},"properties":{"address":"GENTENG CANDIREJO 8","analysis_version":"p0-central-v1","category_l1":"MAKANAN DAN MINUMAN","category_l2":"ROTI DAN KUE","category_l3":"KUE","collected_at":"Q2 2026","district":"GENTENG","merchant_id":"1791f9a3-7ca9-5875-93d0-f65f509a7d15","merchant_name":"KUE KERING KLETHIKAN SUROBOYO","phone":"+6281331000425","source":"MAKANAN DAN MINUMAN DI KOTA SURABAYA TAHUN 2025.geojson","source_feature_index":2084,"source_file":"data/raw/culinary/MAKANAN DAN MINUMAN DI KOTA SURABAYA TAHUN 2025.geojson","source_sha256":"0CDAE67E83D996938967A7A1C72CB2F46C94E15BCD9146E53138BA5D67E925AF","status":"BUKA","updated_at":"09/04/2026","validation_status":"valid","village":"GENTENG"},"type":"Feature"},{"geometry":{"coordinates":[112.75051,-7.258664199999942],"type":"Point"},"properties":{"address":"JL. PANDAN NO.5, KETABANG, GENTENG, SURABAYA, EAST JAVA 60272","analysis_version":"p0-central-v1","category_l1":"MAKANAN DAN MINUMAN","category_l2":"MINUMAN","category_l3":"COFFEESHOP","collected_at":"Q4 2023","district":"GENTENG","merchant_id":"189c3254-ed51-500a-953e-c132733c4a74","merchant_name":"MAWU CAFE","phone":"0813-3639-0565","source":"MAKANAN DAN MINUMAN DI KOTA SURABAYA TAHUN 2025.geojson","source_feature_index":881,"source_file":"data/raw/culinary/MAKANAN DAN MINUMAN DI KOTA SURABAYA TAHUN 2025.geojson","source_sha256":"0CDAE67E83D996938967A7A1C72CB2F46C94E15BCD9146E53138BA5D67E925AF","status":"BUKA","updated_at":"27/02/2025","validation_status":"valid","village":"KETABANG"},"type":"Feature"},{"geometry":{"coordinates":[112.748497,-7.256214],"type":"Point"},"properties":{"address":"JL. WIJAYA KUSUMA NO.61, KETABANG, KEC. GENTENG, SURABAYA, JAWA TIMUR 60272","analysis_version":"p0-central-v1","category_l1":"MAKANAN DAN MINUMAN","category_l2":"RESTORAN","category_l3":"CEPAT SAJI","collected_at":"Q4 2023","district":"GENTENG","merchant_id":"19cc59a2-6dea-568f-9100-b765b50538ca","merchant_name":"A&W RESTORAN - WIJAYA KUSUMA","phone":"(031) 5316161","source":"MAKANAN DAN MINUMAN DI KOTA SURABAYA TAHUN 2025.geojson","source_feature_index":1462,"source_file":"data/raw/culinary/MAKANAN DAN MINUMAN DI KOTA SURABAYA TAHUN 2025.geojson","source_sha256":"0CDAE67E83D996938967A7A1C72CB2F46C94E15BCD9146E53138BA5D67E925AF","status":"BUKA","updated_at":"27/02/2025","validation_status":"valid","village":"KETABANG"},"type":"Feature"},{"geometry":{"coordinates":[112.7501608,-7.2732897],"type":"Point"},"properties":{"address":"JL. BILITON NO.39, GUBENG, KEC. GUBENG, SURABAYA, JAWA TIMUR 60281","analysis_version":"p0-central-v1","category_l1":"MAKANAN DAN MINUMAN","category_l2":"MINUMAN","category_l3":"MINUMAN BOBA DAN MILK TEA","collected_at":"Q4 2023","district":"GUBENG","merchant_id":"1a1a6d08-49fb-5be6-992c-c1aafbf85e84","merchant_name":"XIE XIE BOBA BILITON","phone":null,"source":"MAKANAN DAN MINUMAN DI KOTA SURABAYA TAHUN 2025.geojson","source_feature_index":578,"source_file":"data/raw/culinary/MAKANAN DAN MINUMAN DI KOTA SURABAYA TAHUN 2025.geojson","source_sha256":"0CDAE67E83D996938967A7A1C72CB2F46C94E15BCD9146E53138BA5D67E925AF","status":"BUKA","updated_at":"27/02/2025","validation_status":"valid","village":"GUBENG"},"type":"Feature"},{"geometry":{"coordinates":[112.7419509,-7.268128599999955],"type":"Point"},"properties":{"address":"JL. EMBONG GAYAM NO.27-29, EMBONG KALIASIN, KEC. GENTENG, SURABAYA, JAWA TIMUR 60271","analysis_version":"p0-central-v1","category_l1":"MAKANAN DAN MINUMAN","category_l2":"MINUMAN","category_l3":"COFFEESHOP","collected_at":"Q4 2023","district":"GENTENG","merchant_id":"1ab25f70-1061-5e93-b07b-e7aed9e6e275","merchant_name":"PAUSE COFFEE","phone":null,"source":"MAKANAN DAN MINUMAN DI KOTA SURABAYA TAHUN 2025.geojson","source_feature_index":7,"source_file":"data/raw/culinary/MAKANAN DAN MINUMAN DI KOTA SURABAYA TAHUN 2025.geojson","source_sha256":"0CDAE67E83D996938967A7A1C72CB2F46C94E15BCD9146E53138BA5D67E925AF","status":"BUKA","updated_at":"27/02/2025","validation_status":"valid","village":"EMBONG KALIASIN"},"type":"Feature"},{"geometry":{"coordinates":[112.74228610000011,-7.25650329999996],"type":"Point"},"properties":{"address":"JL. GENTENG KALI NO.51-53, GENTENG, KEC. GENTENG, SURABAYA, JAWA TIMUR 60275","analysis_version":"p0-central-v1","category_l1":"MAKANAN DAN MINUMAN","category_l2":"RESTORAN","category_l3":"KAFE DAN RESTO","collected_at":"Q4 2023","district":"GENTENG","merchant_id":"1c51d8e6-93ba-5a65-89aa-20f3f90c6cc6","merchant_name":"FLAMINGO","phone":"(031) 5312115","source":"MAKANAN DAN MINUMAN DI KOTA SURABAYA TAHUN 2025.geojson","source_feature_index":1096,"source_file":"data/raw/culinary/MAKANAN DAN MINUMAN DI KOTA SURABAYA TAHUN 2025.geojson","source_sha256":"0CDAE67E83D996938967A7A1C72CB2F46C94E15BCD9146E53138BA5D67E925AF","status":"BUKA","updated_at":"27/02/2025","validation_status":"valid","village":"GENTENG"},"type":"Feature"},{"geometry":{"coordinates":[112.73813,-7.2514965],"type":"Point"},"properties":{"address":"JALAN PENELEH 32","analysis_version":"p0-central-v1","category_l1":"MAKANAN DAN MINUMAN","category_l2":"ROTI DAN KUE","category_l3":"KUE TRADISIONAL","collected_at":"Q2 2026","district":"GENTENG","merchant_id":"1e4147ea-36a3-5659-9a15-3d7f61ee7c9e","merchant_name":"BIKANG CAKE PENELEH","phone":"+62315483051","source":"MAKANAN DAN MINUMAN DI KOTA SURABAYA TAHUN 2025.geojson","source_feature_index":2103,"source_file":"data/raw/culinary/MAKANAN DAN MINUMAN DI KOTA SURABAYA TAHUN 2025.geojson","source_sha256":"0CDAE67E83D996938967A7A1C72CB2F46C94E15BCD9146E53138BA5D67E925AF","status":"BUKA","updated_at":"09/04/2026","validation_status":"valid","village":"PENELEH"},"type":"Feature"},{"geometry":{"coordinates":[112.7457432,-7.2708074],"type":"Point"},"properties":{"address":"JL. KAYOON, EMBONG KALIASIN, KEC. GENTENG, SURABAYA, JAWA TIMUR 60271","analysis_version":"p0-central-v1","category_l1":"MAKANAN DAN MINUMAN","category_l2":"RESTORAN","category_l3":"SEAFOOD","collected_at":"Q4 2023","district":"GENTENG","merchant_id":"1f6a1224-b91f-5398-b878-5f6c89b18672","merchant_name":"DEPOT WAHYU SEAFOOD & IKAN BAKAR","phone":"(031) 5483169","source":"MAKANAN DAN MINUMAN DI KOTA SURABAYA TAHUN 2025.geojson","source_feature_index":285,"source_file":"data/raw/culinary/MAKANAN DAN MINUMAN DI KOTA SURABAYA TAHUN 2025.geojson","source_sha256":"0CDAE67E83D996938967A7A1C72CB2F46C94E15BCD9146E53138BA5D67E925AF","status":"BUKA","updated_at":"27/02/2025","validation_status":"valid","village":"EMBONG KALIASIN"},"type":"Feature"},{"geometry":{"coordinates":[112.7510152,-7.2603128],"type":"Point"},"properties":{"address":"JL. KUSUMA BANGSA NO.1-3, KETABANG, KEC. GENTENG, SURABAYA, JAWA TIMUR 60272","analysis_version":"p0-central-v1","category_l1":"MAKANAN DAN MINUMAN","category_l2":"MINUMAN","category_l3":"ES KRIM DAN DESSERT","collected_at":"Q4 2023","district":"GENTENG","merchant_id":"209c84bb-60b0-536c-b468-9423c5c2ca67","merchant_name":"OH GELATO CAFE","phone":"0877-8088-8410","source":"MAKANAN DAN MINUMAN DI KOTA SURABAYA TAHUN 2025.geojson","source_feature_index":106,"source_file":"data/raw/culinary/MAKANAN DAN MINUMAN DI KOTA SURABAYA TAHUN 2025.geojson","source_sha256":"0CDAE67E83D996938967A7A1C72CB2F46C94E15BCD9146E53138BA5D67E925AF","status":"BUKA","updated_at":"27/02/2025","validation_status":"valid","village":"KETABANG"},"type":"Feature"},{"geometry":{"coordinates":[112.743812,-7.2551595],"type":"Point"},"properties":{"address":"JL. UNDAAN WETAN NO.4, KETABANG, KEC. GENTENG, SURABAYA, JAWA TIMUR 60272","analysis_version":"p0-central-v1","category_l1":"MAKANAN DAN MINUMAN","category_l2":"RESTORAN","category_l3":"SEAFOOD","collected_at":"Q4 2023","district":"GENTENG","merchant_id":"21e7b4b0-814a-558c-9f00-75d7b439db91","merchant_name":"CAK BADRUN SEAFOOD","phone":"0852-5740-2466","source":"MAKANAN DAN MINUMAN DI KOTA SURABAYA TAHUN 2025.geojson","source_feature_index":298,"source_file":"data/raw/culinary/MAKANAN DAN MINUMAN DI KOTA SURABAYA TAHUN 2025.geojson","source_sha256":"0CDAE67E83D996938967A7A1C72CB2F46C94E15BCD9146E53138BA5D67E925AF","status":"BUKA","updated_at":"27/02/2025","validation_status":"valid","village":"KETABANG"},"type":"Feature"},{"geometry":{"coordinates":[112.7414441,-7.264237],"type":"Point"},"properties":{"address":"JL. BASUKI RAHMAT NO.21-23, EMBONG KALIASIN, KEC. GENTENG, SURABAYA, JAWA TIMUR 60271","analysis_version":"p0-central-v1","category_l1":"MAKANAN DAN MINUMAN","category_l2":"RESTORAN","category_l3":"CEPAT SAJI","collected_at":"Q4 2023","district":"GENTENG","merchant_id":"22a58f43-d7d3-5184-8915-dff4f940e5d9","merchant_name":"MCDONALD'S BASUKI RAHMAT","phone":"(031) 5317520","source":"MAKANAN DAN MINUMAN DI KOTA SURABAYA TAHUN 2025.geojson","source_feature_index":1561,"source_file":"data/raw/culinary/MAKANAN DAN MINUMAN DI KOTA SURABAYA TAHUN 2025.geojson","source_sha256":"0CDAE67E83D996938967A7A1C72CB2F46C94E15BCD9146E53138BA5D67E925AF","status":"BUKA","updated_at":"27/02/2025","validation_status":"valid","village":"EMBONG KALIASIN"},"type":"Feature"},{"geometry":{"coordinates":[112.7509377,-7.2620666],"type":"Point"},"properties":{"address":"GRAND CITY, JL. GUBENG POJOK, KETABANG, KEC. GENTENG, SURABAYA, JAWA TIMUR 60272","analysis_version":"p0-central-v1","category_l1":"MAKANAN DAN MINUMAN","category_l2":"MINUMAN","category_l3":"ES KRIM DAN DESSERT","collected_at":"Q4 2023","district":"GENTENG","merchant_id":"22d81232-6e6c-50a8-b45d-24afd4fd023a","merchant_name":"ES PUTER KELAPA SINGAPURA - GRAND CITY MALL SURABAYA","phone":"(031) 77775537","source":"MAKANAN DAN MINUMAN DI KOTA SURABAYA TAHUN 2025.geojson","source_feature_index":61,"source_file":"data/raw/culinary/MAKANAN DAN MINUMAN DI KOTA SURABAYA TAHUN 2025.geojson","source_sha256":"0CDAE67E83D996938967A7A1C72CB2F46C94E15BCD9146E53138BA5D67E925AF","status":"BUKA","updated_at":"27/02/2025","validation_status":"valid","village":"KETABANG"},"type":"Feature"},{"geometry":{"coordinates":[112.73908940000001,-7.262061799999969],"type":"Point"},"properties":{"address":"TUNJUNGAN PLAZA 4, JL. JENDERAL BASUKI RACHMAT NO.8-12, KEDUNGDORO, TEGALSARI, SURABAYA, EAST JAVA 60261","analysis_version":"p0-central-v1","category_l1":"MAKANAN DAN MINUMAN","category_l2":"RESTORAN","category_l3":"RESTORAN JEPANG","collected_at":"Q4 2023","district":"TEGALSARI","merchant_id":"26e1aa2c-1ce4-5d35-bf31-2cbf186f051f","merchant_name":"HACHI HACHI BISTRO TUNJUNGAN PLAZA 4","phone":"(031) 5451003","source":"MAKANAN DAN MINUMAN DI KOTA SURABAYA TAHUN 2025.geojson","source_feature_index":942,"source_file":"data/raw/culinary/MAKANAN DAN MINUMAN DI KOTA SURABAYA TAHUN 2025.geojson","source_sha256":"0CDAE67E83D996938967A7A1C72CB2F46C94E15BCD9146E53138BA5D67E925AF","status":"BUKA","updated_at":"27/02/2025","validation_status":"valid","village":"KEDUNGDORO"},"type":"Feature"},{"geometry":{"coordinates":[112.7472891,-7.2729656],"type":"Point"},"properties":{"address":"JALAN RAYA GUBENG 64","analysis_version":"p0-central-v1","category_l1":"MAKANAN DAN MINUMAN","category_l2":"ROTI DAN KUE","category_l3":"ROTI","collected_at":"Q2 2026","district":"GUBENG","merchant_id":"27448c33-a7cc-526c-b8c4-b78eb6990dc5","merchant_name":"FRANS BAKERY AND ICE CREAM","phone":"+62315014580","source":"MAKANAN DAN MINUMAN DI KOTA SURABAYA TAHUN 2025.geojson","source_feature_index":2018,"source_file":"data/raw/culinary/MAKANAN DAN MINUMAN DI KOTA SURABAYA TAHUN 2025.geojson","source_sha256":"0CDAE67E83D996938967A7A1C72CB2F46C94E15BCD9146E53138BA5D67E925AF","status":"BUKA","updated_at":"09/04/2026","validation_status":"valid","village":"GUBENG"},"type":"Feature"},{"geometry":{"coordinates":[112.73919155339482,-7.262979697415207],"type":"Point"},"properties":{"address":"PLAZA WEST (TP4), LG #3-4","analysis_version":"p0-central-v1","category_l1":"MAKANAN DAN MINUMAN","category_l2":"ROTI DAN KUE","category_l3":"ROTI","collected_at":"Q2 2026","district":"TEGALSARI","merchant_id":"2756f2ec-864c-5b24-bc2a-29f1d01b2765","merchant_name":"EATON BAKERY & RESTAURANT","phone":"(0623) 15342588","source":"MAKANAN DAN MINUMAN DI KOTA SURABAYA TAHUN 2025.geojson","source_feature_index":2054,"source_file":"data/raw/culinary/MAKANAN DAN MINUMAN DI KOTA SURABAYA TAHUN 2025.geojson","source_sha256":"0CDAE67E83D996938967A7A1C72CB2F46C94E15BCD9146E53138BA5D67E925AF","status":"BUKA","updated_at":"09/04/2026","validation_status":"valid","village":"KEDUNGDORO"},"type":"Feature"},{"geometry":{"coordinates":[112.7383541,-7.2622],"type":"Point"},"properties":{"address":"TUNJUNGAN PLAZA, JALAN BASUKI RAHMAT 12","analysis_version":"p0-central-v1","category_l1":"MAKANAN DAN MINUMAN","category_l2":"ROTI DAN KUE","category_l3":"ROTI","collected_at":"Q2 2026","district":"TEGALSARI","merchant_id":"27b4e1eb-d557-594d-b2a3-5c7b00941acb","merchant_name":"MAISON FEERIE","phone":"+623199148088","source":"MAKANAN DAN MINUMAN DI KOTA SURABAYA TAHUN 2025.geojson","source_feature_index":2058,"source_file":"data/raw/culinary/MAKANAN DAN MINUMAN DI KOTA SURABAYA TAHUN 2025.geojson","source_sha256":"0CDAE67E83D996938967A7A1C72CB2F46C94E15BCD9146E53138BA5D67E925AF","status":"BUKA","updated_at":"09/04/2026","validation_status":"valid","village":"KEDUNGDORO"},"type":"Feature"},{"geometry":{"coordinates":[112.74075840000012,-7.263666599999967],"type":"Point"},"properties":{"address":"JL. JENDERAL BASUKI RACHMAT NO.8-12, KEDUNGDORO, TEGALSARI, SURABAYA, EAST JAVA 60261","analysis_version":"p0-central-v1","category_l1":"MAKANAN DAN MINUMAN","category_l2":"RESTORAN","category_l3":"CEPAT SAJI","collected_at":"Q4 2023","district":"TEGALSARI","merchant_id":"27f39273-9ffe-5a31-8ddb-06ed3d637c9e","merchant_name":"A&W - TUNJUNGAN PLAZA 3","phone":"(031) 5347096","source":"MAKANAN DAN MINUMAN DI KOTA SURABAYA TAHUN 2025.geojson","source_feature_index":1456,"source_file":"data/raw/culinary/MAKANAN DAN MINUMAN DI KOTA SURABAYA TAHUN 2025.geojson","source_sha256":"0CDAE67E83D996938967A7A1C72CB2F46C94E15BCD9146E53138BA5D67E925AF","status":"BUKA","updated_at":"27/02/2025","validation_status":"valid","village":"KEDUNGDORO"},"type":"Feature"},{"geometry":{"coordinates":[112.7391136,-7.2630739],"type":"Point"},"properties":{"address":"TUNJUNGAN PLAZA, JALAN BASUKI RAHMAT 12","analysis_version":"p0-central-v1","category_l1":"MAKANAN DAN MINUMAN","category_l2":"ROTI DAN KUE","category_l3":"ROTI","collected_at":"Q2 2026","district":"TEGALSARI","merchant_id":"286b39ad-c0b4-5308-b148-7a3a48b00fe8","merchant_name":"CHEWY JUNIOR","phone":"+62315318055","source":"MAKANAN DAN MINUMAN DI KOTA SURABAYA TAHUN 2025.geojson","source_feature_index":2051,"source_file":"data/raw/culinary/MAKANAN DAN MINUMAN DI KOTA SURABAYA TAHUN 2025.geojson","source_sha256":"0CDAE67E83D996938967A7A1C72CB2F46C94E15BCD9146E53138BA5D67E925AF","status":"BUKA","updated_at":"09/04/2026","validation_status":"valid","village":"KEDUNGDORO"},"type":"Feature"},{"geometry":{"coordinates":[112.7485448,-7.2648774],"type":"Point"},"properties":{"address":"PLAZA SURABAYA FOOD COURT LT.5, EMBONG KALIASIN, KEC. GENTENG, SURABAYA, JAWA TIMUR 60271","analysis_version":"p0-central-v1","category_l1":"MAKANAN DAN MINUMAN","category_l2":"RESTORAN","category_l3":"CEPAT SAJI","collected_at":"Q4 2023","district":"GENTENG","merchant_id":"2a63eb29-e5e9-52f0-ac84-314edbd3e29c","merchant_name":"BURGER UP2GO - PLAZA SURABAYA","phone":"(031) 59176417","source":"MAKANAN DAN MINUMAN DI KOTA SURABAYA TAHUN 2025.geojson","source_feature_index":1476,"source_file":"data/raw/culinary/MAKANAN DAN MINUMAN DI KOTA SURABAYA TAHUN 2025.geojson","source_sha256":"0CDAE67E83D996938967A7A1C72CB2F46C94E15BCD9146E53138BA5D67E925AF","status":"BUKA","updated_at":"27/02/2025","validation_status":"valid","village":"EMBONG KALIASIN"},"type":"Feature"},{"geometry":{"coordinates":[112.746149,-7.258736399999975],"type":"Point"},"properties":{"address":"JL. JAKSA AGUNG SUPRAPTO NO.19, KETABANG, KEC. GENTENG, SURABAYA, JAWA TIMUR 60272","analysis_version":"p0-central-v1","category_l1":"MAKANAN DAN MINUMAN","category_l2":"RESTORAN","category_l3":"RESTORAN TIMUR TENGAH","collected_at":"Q4 2023","district":"GENTENG","merchant_id":"2a7e3413-721f-5fe8-ad2e-fda7a8c11084","merchant_name":"ALHAMRA RESTAURANT","phone":"(031) 5353631","source":"MAKANAN DAN MINUMAN DI KOTA SURABAYA TAHUN 2025.geojson","source_feature_index":384,"source_file":"data/raw/culinary/MAKANAN DAN MINUMAN DI KOTA SURABAYA TAHUN 2025.geojson","source_sha256":"0CDAE67E83D996938967A7A1C72CB2F46C94E15BCD9146E53138BA5D67E925AF","status":"BUKA","updated_at":"27/02/2025","validation_status":"valid","village":"KETABANG"},"type":"Feature"},{"geometry":{"coordinates":[112.741332,-7.251046899999949],"type":"Point"},"properties":{"address":"JL. LAWANG SEKETENG GG. 1 NO.9, PENELEH, KEC. GENTENG, SURABAYA, JAWA TIMUR 60274","analysis_version":"p0-central-v1","category_l1":"MAKANAN DAN MINUMAN","category_l2":"RESTORAN","category_l3":"NASI GORENG","collected_at":"Q4 2023","district":"GENTENG","merchant_id":"2ae0b2ad-022e-594c-8de3-f70a4c06c1d7","merchant_name":"NASI GORENG LAWANG SEKETENG","phone":"0851-0341-9934","source":"MAKANAN DAN MINUMAN DI KOTA SURABAYA TAHUN 2025.geojson","source_feature_index":807,"source_file":"data/raw/culinary/MAKANAN DAN MINUMAN DI KOTA SURABAYA TAHUN 2025.geojson","source_sha256":"0CDAE67E83D996938967A7A1C72CB2F46C94E15BCD9146E53138BA5D67E925AF","status":"BUKA","updated_at":"27/02/2025","validation_status":"valid","village":"PENELEH"},"type":"Feature"},{"geometry":{"coordinates":[112.7515292,-7.2607439],"type":"Point"},"properties":{"address":"GUBENG, JL. KUSUMA BANGSA NO.22, KETABANG, KEC. GENTENG, SURABAYA, JAWA TIMUR 60272","analysis_version":"p0-central-v1","category_l1":"MAKANAN DAN MINUMAN","category_l2":"RESTORAN","category_l3":"CEPAT SAJI","collected_at":"Q4 2023","district":"GENTENG","merchant_id":"2be8e52a-50cc-5c16-89b1-057e646d2f3a","merchant_name":"TOBY'S - KUSUMA BANGSA","phone":"0851-0172-0000","source":"MAKANAN DAN MINUMAN DI KOTA SURABAYA TAHUN 2025.geojson","source_feature_index":1504,"source_file":"data/raw/culinary/MAKANAN DAN MINUMAN DI KOTA SURABAYA TAHUN 2025.geojson","source_sha256":"0CDAE67E83D996938967A7A1C72CB2F46C94E15BCD9146E53138BA5D67E925AF","status":"BUKA","updated_at":"27/02/2025","validation_status":"valid","village":"KETABANG"},"type":"Feature"},{"geometry":{"coordinates":[112.7440808,-7.2527047],"type":"Point"},"properties":{"address":"JL. UNDAAN KULON NO.41, PENELEH, KEC. GENTENG, SURABAYA, JAWA TIMUR 60274","analysis_version":"p0-central-v1","category_l1":"MAKANAN DAN MINUMAN","category_l2":"RESTORAN","category_l3":"SEAFOOD","collected_at":"Q4 2023","district":"GENTENG","merchant_id":"2dc5cfa8-8424-5d89-99a2-82afd166dbc2","merchant_name":"SARI LAUT PAK JI","phone":"0822-5748-9550","source":"MAKANAN DAN MINUMAN DI KOTA SURABAYA TAHUN 2025.geojson","source_feature_index":258,"source_file":"data/raw/culinary/MAKANAN DAN MINUMAN DI KOTA SURABAYA TAHUN 2025.geojson","source_sha256":"0CDAE67E83D996938967A7A1C72CB2F46C94E15BCD9146E53138BA5D67E925AF","status":"BUKA","updated_at":"27/02/2025","validation_status":"valid","village":"PENELEH"},"type":"Feature"},{"geometry":{"coordinates":[112.74410680000005,-7.253613],"type":"Point"},"properties":{"address":"JL. UNDAAN KULON NO.25, PENELEH, KEC. GENTENG, SURABAYA, JAWA TIMUR 60274","analysis_version":"p0-central-v1","category_l1":"MAKANAN DAN MINUMAN","category_l2":"RESTORAN","category_l3":"MIE DAN BAKSO","collected_at":"Q4 2023","district":"GENTENG","merchant_id":"2f276cbb-e709-5975-be52-8ae07d5039d1","merchant_name":"MIE MENUR","phone":"(031) 5343360","source":"MAKANAN DAN MINUMAN DI KOTA SURABAYA TAHUN 2025.geojson","source_feature_index":734,"source_file":"data/raw/culinary/MAKANAN DAN MINUMAN DI KOTA SURABAYA TAHUN 2025.geojson","source_sha256":"0CDAE67E83D996938967A7A1C72CB2F46C94E15BCD9146E53138BA5D67E925AF","status":"BUKA","updated_at":"27/02/2025","validation_status":"valid","village":"PENELEH"},"type":"Feature"},{"geometry":{"coordinates":[112.7396179,-7.2604261],"type":"Point"},"properties":{"address":"MANAGED BY ACCOR HOTELS, LANTAI 2 HOTEL MAJAPAHIT SURABAYA, JL. TUNJUNGAN NO.65, GENTENG, KEC. GENTENG, SURABAYA, JAWA TIMUR 60275","analysis_version":"p0-central-v1","category_l1":"MAKANAN DAN MINUMAN","category_l2":"RESTORAN","category_l3":"SEAFOOD","collected_at":"Q4 2023","district":"GENTENG","merchant_id":"302b9bf5-d6a9-5c9c-85db-951253ef785b","merchant_name":"SARKIES SEAFOOD RESTAURANT","phone":"(031) 5454333","source":"MAKANAN DAN MINUMAN DI KOTA SURABAYA TAHUN 2025.geojson","source_feature_index":217,"source_file":"data/raw/culinary/MAKANAN DAN MINUMAN DI KOTA SURABAYA TAHUN 2025.geojson","source_sha256":"0CDAE67E83D996938967A7A1C72CB2F46C94E15BCD9146E53138BA5D67E925AF","status":"BUKA","updated_at":"27/02/2025","validation_status":"valid","village":"GENTENG"},"type":"Feature"},{"geometry":{"coordinates":[112.75228740000011,-7.25781859999995],"type":"Point"},"properties":{"address":"JL. BKR PELAJAR NO.53, KETABANG, GENTENG, SURABAYA, EAST JAVA 60272","analysis_version":"p0-central-v1","category_l1":"MAKANAN DAN MINUMAN","category_l2":"RESTORAN","category_l3":"RESTORAN PADANG","collected_at":"Q4 2023","district":"GENTENG","merchant_id":"31222436-eb4f-533e-89c6-9e21fba96f01","merchant_name":"RUMAH MAKAN PADANG GARUDA","phone":null,"source":"MAKANAN DAN MINUMAN DI KOTA SURABAYA TAHUN 2025.geojson","source_feature_index":1077,"source_file":"data/raw/culinary/MAKANAN DAN MINUMAN DI KOTA SURABAYA TAHUN 2025.geojson","source_sha256":"0CDAE67E83D996938967A7A1C72CB2F46C94E15BCD9146E53138BA5D67E925AF","status":"BUKA","updated_at":"27/02/2025","validation_status":"valid","village":"KETABANG"},"type":"Feature"},{"geometry":{"coordinates":[112.737697,-7.265204],"type":"Point"},"properties":{"address":"JL. TEGALSARI NO.32, KEDUNGDORO, TEGALSARI, SURABAYA, EAST JAVA 68485","analysis_version":"p0-central-v1","category_l1":"MAKANAN DAN MINUMAN","category_l2":"RESTORAN","category_l3":"CEPAT SAJI","collected_at":"Q4 2023","district":"TEGALSARI","merchant_id":"32004fb0-4275-5603-847a-58a82afeebab","merchant_name":"MR SUPREK TEGALSARI","phone":"0815-1545-6182","source":"MAKANAN DAN MINUMAN DI KOTA SURABAYA TAHUN 2025.geojson","source_feature_index":1460,"source_file":"data/raw/culinary/MAKANAN DAN MINUMAN DI KOTA SURABAYA TAHUN 2025.geojson","source_sha256":"0CDAE67E83D996938967A7A1C72CB2F46C94E15BCD9146E53138BA5D67E925AF","status":"BUKA","updated_at":"27/02/2025","validation_status":"valid","village":"KEDUNGDORO"},"type":"Feature"},{"geometry":{"coordinates":[112.75197480000008,-7.265200799999946],"type":"Point"},"properties":{"address":"JL. STASIUN GUBENG, KETABANG, KEC. GENTENG, SURABAYA, JAWA TIMUR 60272","analysis_version":"p0-central-v1","category_l1":"MAKANAN DAN MINUMAN","category_l2":"MINUMAN","category_l3":"COFFEESHOP","collected_at":"Q4 2023","district":"TAMBAKSARI","merchant_id":"32410f22-5530-53c6-a37b-aa653bdc1804","merchant_name":"TEH JAWA CAFEÊ§‹Ê¦ Ê¦ºÊ¦ƑÊ¦—Ê¦®Ê¦•Ê¦¥Ê¦³Ê¦º","phone":"0858-2808-8844","source":"MAKANAN DAN MINUMAN DI KOTA SURABAYA TAHUN 2025.geojson","source_feature_index":139,"source_file":"data/raw/culinary/MAKANAN DAN MINUMAN DI KOTA SURABAYA TAHUN 2025.geojson","source_sha256":"0CDAE67E83D996938967A7A1C72CB2F46C94E15BCD9146E53138BA5D67E925AF","status":"BUKA","updated_at":"27/02/2025","validation_status":"valid","village":"PACARKELING"},"type":"Feature"},{"geometry":{"coordinates":[112.73385070000006,-7.255704799999939],"type":"Point"},"properties":{"address":"MALL BG JUNTION, BUBUTAN, KEC. BUBUTAN, SURABAYA, JAWA TIMUR 60174","analysis_version":"p0-central-v1","category_l1":"MAKANAN DAN MINUMAN","category_l2":"RESTORAN","category_l3":"CEPAT SAJI","collected_at":"Q4 2023","district":"BUBUTAN","merchant_id":"35075fba-5a91-564d-961b-222569b1c041","merchant_name":"HOTDOG BOOTH","phone":null,"source":"MAKANAN DAN MINUMAN DI KOTA SURABAYA TAHUN 2025.geojson","source_feature_index":1312,"source_file":"data/raw/culinary/MAKANAN DAN MINUMAN DI KOTA SURABAYA TAHUN 2025.geojson","source_sha256":"0CDAE67E83D996938967A7A1C72CB2F46C94E15BCD9146E53138BA5D67E925AF","status":"BUKA","updated_at":"27/02/2025","validation_status":"valid","village":"BUBUTAN"},"type":"Feature"},{"geometry":{"coordinates":[112.74980260000007,-7.266658199999938],"type":"Point"},"properties":{"address":"JL. KAYOON NO.5, EMBONG KALIASIN, KEC. GENTENG, SURABAYA, JAWA TIMUR 60271","analysis_version":"p0-central-v1","category_l1":"MAKANAN DAN MINUMAN","category_l2":"MINUMAN","category_l3":"COFFEESHOP","collected_at":"Q4 2023","district":"GENTENG","merchant_id":"3511a325-de87-5f95-a109-fc1ca4b45293","merchant_name":"MR COFFEE INDONESIA","phone":"0822-3101-7668","source":"MAKANAN DAN MINUMAN DI KOTA SURABAYA TAHUN 2025.geojson","source_feature_index":884,"source_file":"data/raw/culinary/MAKANAN DAN MINUMAN DI KOTA SURABAYA TAHUN 2025.geojson","source_sha256":"0CDAE67E83D996938967A7A1C72CB2F46C94E15BCD9146E53138BA5D67E925AF","status":"BUKA","updated_at":"27/02/2025","validation_status":"valid","village":"EMBONG KALIASIN"},"type":"Feature"},{"geometry":{"coordinates":[112.753933,-7.266751],"type":"Point"},"properties":{"address":"GUBENG MASJID I NO.18, PACAR KELING, KEC. TAMBAKSARI, SURABAYA, JAWA TIMUR 60131","analysis_version":"p0-central-v1","category_l1":"MAKANAN DAN MINUMAN","category_l2":"RESTORAN","category_l3":"WARUNG TEGAL","collected_at":"Q4 2023","district":"TAMBAKSARI","merchant_id":"3522e474-ac26-57ac-917e-8a85cadb509b","merchant_name":"WARUNG MAKAN BU TITIS","phone":null,"source":"MAKANAN DAN MINUMAN DI KOTA SURABAYA TAHUN 2025.geojson","source_feature_index":822,"source_file":"data/raw/culinary/MAKANAN DAN MINUMAN DI KOTA SURABAYA TAHUN 2025.geojson","source_sha256":"0CDAE67E83D996938967A7A1C72CB2F46C94E15BCD9146E53138BA5D67E925AF","status":"BUKA","updated_at":"27/02/2025","validation_status":"valid","village":"PACARKELING"},"type":"Feature"},{"geometry":{"coordinates":[112.7545824,-7.2580771],"type":"Point"},"properties":{"address":"JL. PACAR KELING NO.7, PACAR KELING, TAMBAKSARI, SURABAYA, EAST JAVA 60131","analysis_version":"p0-central-v1","category_l1":"MAKANAN DAN MINUMAN","category_l2":"MINUMAN","category_l3":"ES KRIM DAN DESSERT","collected_at":"Q4 2023","district":"TAMBAKSARI","merchant_id":"35408474-98d5-5af6-9c43-4f5f9988ef06","merchant_name":"STILL IN PROGRESS - TAMBAKSARI","phone":"0811-336-560","source":"MAKANAN DAN MINUMAN DI KOTA SURABAYA TAHUN 2025.geojson","source_feature_index":93,"source_file":"data/raw/culinary/MAKANAN DAN MINUMAN DI KOTA SURABAYA TAHUN 2025.geojson","source_sha256":"0CDAE67E83D996938967A7A1C72CB2F46C94E15BCD9146E53138BA5D67E925AF","status":"BUKA","updated_at":"27/02/2025","validation_status":"valid","village":"PACARKELING"},"type":"Feature"},{"geometry":{"coordinates":[112.73508070000003,-7.269129699999946],"type":"Point"},"properties":{"address":"JL. WONOREJO I NO.1, WONOREJO, KEC. TEGALSARI, SURABAYA, JAWA TIMUR 60263","analysis_version":"p0-central-v1","category_l1":"MAKANAN DAN MINUMAN","category_l2":"MINUMAN","category_l3":"MINUMAN BOBA DAN MILK TEA","collected_at":"Q4 2023","district":"TEGALSARI","merchant_id":"35ea88cd-7562-55bc-83ff-9cc6c3742c54","merchant_name":"BOBA BABE","phone":null,"source":"MAKANAN DAN MINUMAN DI KOTA SURABAYA TAHUN 2025.geojson","source_feature_index":1276,"source_file":"data/raw/culinary/MAKANAN DAN MINUMAN DI KOTA SURABAYA TAHUN 2025.geojson","source_sha256":"0CDAE67E83D996938967A7A1C72CB2F46C94E15BCD9146E53138BA5D67E925AF","status":"BUKA","updated_at":"27/02/2025","validation_status":"valid","village":"WONOREJO"},"type":"Feature"},{"geometry":{"coordinates":[112.740731,-7.2636897],"type":"Point"},"properties":{"address":"JALAN JENDERAL BASUKI RAHMAT 8","analysis_version":"p0-central-v1","category_l1":"MAKANAN DAN MINUMAN","category_l2":"ROTI DAN KUE","category_l3":"ROTI","collected_at":"Q2 2026","district":"TEGALSARI","merchant_id":"3685e028-f5f7-5311-8fbb-f266c2ddb83e","merchant_name":"HOLLAND BAKERY","phone":"+62315311088","source":"MAKANAN DAN MINUMAN DI KOTA SURABAYA TAHUN 2025.geojson","source_feature_index":2044,"source_file":"data/raw/culinary/MAKANAN DAN MINUMAN DI KOTA SURABAYA TAHUN 2025.geojson","source_sha256":"0CDAE67E83D996938967A7A1C72CB2F46C94E15BCD9146E53138BA5D67E925AF","status":"BUKA","updated_at":"09/04/2026","validation_status":"valid","village":"KEDUNGDORO"},"type":"Feature"},{"geometry":{"coordinates":[112.74039040000002,-7.271381199999951],"type":"Point"},"properties":{"address":"JL. BASUKI RAHMAT NO.106, EMBONG KALIASIN, KEC. GENTENG, SURABAYA, JAWA TIMUR 60271","analysis_version":"p0-central-v1","category_l1":"MAKANAN DAN MINUMAN","category_l2":"RESTORAN","category_l3":"RESTORAN JEPANG","collected_at":"Q4 2023","district":"GENTENG","merchant_id":"377b63f3-ec14-53b8-96b6-477841071841","merchant_name":"KIZAHASHI RESTAURANT","phone":"(031) 5311234","source":"MAKANAN DAN MINUMAN DI KOTA SURABAYA TAHUN 2025.geojson","source_feature_index":945,"source_file":"data/raw/culinary/MAKANAN DAN MINUMAN DI KOTA SURABAYA TAHUN 2025.geojson","source_sha256":"0CDAE67E83D996938967A7A1C72CB2F46C94E15BCD9146E53138BA5D67E925AF","status":"BUKA","updated_at":"27/02/2025","validation_status":"valid","village":"EMBONG KALIASIN"},"type":"Feature"},{"geometry":{"coordinates":[112.74041349999999,-7.2637518],"type":"Point"},"properties":{"address":"JL. JENDERAL BASUKI RACHMAT NO.8-12, KEDUNGDORO, KEC. TEGALSARI, SURABAYA, JAWA TIMUR 60261","analysis_version":"p0-central-v1","category_l1":"MAKANAN DAN MINUMAN","category_l2":"RESTORAN","category_l3":"NASI GORENG","collected_at":"Q4 2023","district":"TEGALSARI","merchant_id":"37c18e0c-ae38-5552-b136-70b4d59ede2c","merchant_name":"NASI GORENG 69","phone":"(031) 8077272","source":"MAKANAN DAN MINUMAN DI KOTA SURABAYA TAHUN 2025.geojson","source_feature_index":678,"source_file":"data/raw/culinary/MAKANAN DAN MINUMAN DI KOTA SURABAYA TAHUN 2025.geojson","source_sha256":"0CDAE67E83D996938967A7A1C72CB2F46C94E15BCD9146E53138BA5D67E925AF","status":"BUKA","updated_at":"27/02/2025","validation_status":"valid","village":"KEDUNGDORO"},"type":"Feature"},{"geometry":{"coordinates":[112.7401063,-7.2627336],"type":"Point"},"properties":{"address":"JALAN BASUKI RAHMAT 8","analysis_version":"p0-central-v1","category_l1":"MAKANAN DAN MINUMAN","category_l2":"ROTI DAN KUE","category_l3":"DONAT","collected_at":"Q2 2026","district":"TEGALSARI","merchant_id":"37df9e02-fd76-502a-bef4-7df3692582eb","merchant_name":"IVY DONUT","phone":"+62315311088","source":"MAKANAN DAN MINUMAN DI KOTA SURABAYA TAHUN 2025.geojson","source_feature_index":2055,"source_file":"data/raw/culinary/MAKANAN DAN MINUMAN DI KOTA SURABAYA TAHUN 2025.geojson","source_sha256":"0CDAE67E83D996938967A7A1C72CB2F46C94E15BCD9146E53138BA5D67E925AF","status":"BUKA","updated_at":"09/04/2026","validation_status":"valid","village":"KEDUNGDORO"},"type":"Feature"},{"geometry":{"coordinates":[112.7383134,-7.2620315],"type":"Point"},"properties":{"address":"TUNJUNGAN PLAZA 6, LANTAI 5, JL. EMBONG MALANG NO.32-36, KEDUNGDORO, TEGALSARI, SURABAYA, EAST JAVA 60261","analysis_version":"p0-central-v1","category_l1":"MAKANAN DAN MINUMAN","category_l2":"RESTORAN","category_l3":"RESTORAN THAILAND","collected_at":"Q4 2023","district":"TEGALSARI","merchant_id":"38545110-29db-554c-afa6-2096e1a4fe2b","merchant_name":"THAI STREET - TUNJUNGAN PLAZA 6","phone":"(031) 99245885","source":"MAKANAN DAN MINUMAN DI KOTA SURABAYA TAHUN 2025.geojson","source_feature_index":462,"source_file":"data/raw/culinary/MAKANAN DAN MINUMAN DI KOTA SURABAYA TAHUN 2025.geojson","source_sha256":"0CDAE67E83D996938967A7A1C72CB2F46C94E15BCD9146E53138BA5D67E925AF","status":"BUKA","updated_at":"27/02/2025","validation_status":"valid","village":"KEDUNGDORO"},"type":"Feature"},{"geometry":{"coordinates":[112.7365341,-7.2569375],"type":"Point"},"properties":{"address":"JL. TUNJUNGAN NO.12, GENTENG, KEC. GENTENG, SURABAYA, JAWA TIMUR 60275","analysis_version":"p0-central-v1","category_l1":"MAKANAN DAN MINUMAN","category_l2":"RESTORAN","category_l3":"CEPAT SAJI","collected_at":"Q4 2023","district":"GENTENG","merchant_id":"38a71a71-e221-55cc-b91b-f480da1f3db7","merchant_name":"MAKAN KITCHEN SURABAYA","phone":"0811-3200-5300","source":"MAKANAN DAN MINUMAN DI KOTA SURABAYA TAHUN 2025.geojson","source_feature_index":1557,"source_file":"data/raw/culinary/MAKANAN DAN MINUMAN DI KOTA SURABAYA TAHUN 2025.geojson","source_sha256":"0CDAE67E83D996938967A7A1C72CB2F46C94E15BCD9146E53138BA5D67E925AF","status":"BUKA","updated_at":"27/02/2025","validation_status":"valid","village":"GENTENG"},"type":"Feature"},{"geometry":{"coordinates":[112.74176160000002,-7.260846299999967],"type":"Point"},"properties":{"address":"JL. SIMPANG DUKUH NO.44-42, GENTENG, KEC. GENTENG, SURABAYA, JAWA TIMUR 60275","analysis_version":"p0-central-v1","category_l1":"MAKANAN DAN MINUMAN","category_l2":"RESTORAN","category_l3":"RESTORAN NUSANTARA","collected_at":"Q4 2023","district":"GENTENG","merchant_id":"38dc00cd-5e0e-57d5-9937-bc2406ddc9cb","merchant_name":"RUMAH MAKAN NUSRET BOLAPELANGI","phone":null,"source":"MAKANAN DAN MINUMAN DI KOTA SURABAYA TAHUN 2025.geojson","source_feature_index":1458,"source_file":"data/raw/culinary/MAKANAN DAN MINUMAN DI KOTA SURABAYA TAHUN 2025.geojson","source_sha256":"0CDAE67E83D996938967A7A1C72CB2F46C94E15BCD9146E53138BA5D67E925AF","status":"BUKA","updated_at":"27/02/2025","validation_status":"valid","village":"GENTENG"},"type":"Feature"},{"geometry":{"coordinates":[112.752088,-7.257472],"type":"Point"},"properties":{"address":"GRAND CITY LANTAI LG, KETABANG, SURABAYA, JAWA TIMUR 60272","analysis_version":"p0-central-v1","category_l1":"MAKANAN DAN MINUMAN","category_l2":"MINUMAN","category_l3":"ES KRIM DAN DESSERT","collected_at":"Q4 2023","district":"GENTENG","merchant_id":"3a92e621-6c8a-5ae2-a049-f527d145d1a8","merchant_name":"NEW ZEALAND NATURAL","phone":"0838-4056-7536","source":"MAKANAN DAN MINUMAN DI KOTA SURABAYA TAHUN 2025.geojson","source_feature_index":112,"source_file":"data/raw/culinary/MAKANAN DAN MINUMAN DI KOTA SURABAYA TAHUN 2025.geojson","source_sha256":"0CDAE67E83D996938967A7A1C72CB2F46C94E15BCD9146E53138BA5D67E925AF","status":"BUKA","updated_at":"27/02/2025","validation_status":"valid","village":"KETABANG"},"type":"Feature"},{"geometry":{"coordinates":[112.7505633,-7.2543848],"type":"Point"},"properties":{"address":"JL. AMBENGAN BATU IV NO.2","analysis_version":"p0-central-v1","category_l1":"MAKANAN DAN MINUMAN","category_l2":"ROTI DAN KUE","category_l3":"ROTI","collected_at":"Q2 2026","district":"TAMBAKSARI","merchant_id":"3bcc0718-325f-5ef1-89d3-3a5e71da8a2e","merchant_name":"KUE KERING SURABAYA NAUFAL COOKIES","phone":"+6282302576461","source":"MAKANAN DAN MINUMAN DI KOTA SURABAYA TAHUN 2025.geojson","source_feature_index":2099,"source_file":"data/raw/culinary/MAKANAN DAN MINUMAN DI KOTA SURABAYA TAHUN 2025.geojson","source_sha256":"0CDAE67E83D996938967A7A1C72CB2F46C94E15BCD9146E53138BA5D67E925AF","status":"BUKA","updated_at":"09/04/2026","validation_status":"valid","village":"TAMBAKSARI"},"type":"Feature"},{"geometry":{"coordinates":[112.73901750000005,-7.262595],"type":"Point"},"properties":{"address":"JL LINGKAR TIMUR PRASUNG, KEDUNGDORO, KEC. TEGALSARI, SURABAYA, JAWA TIMUR 38225","analysis_version":"p0-central-v1","category_l1":"MAKANAN DAN MINUMAN","category_l2":"RESTORAN","category_l3":"RESTORAN PADANG","collected_at":"Q4 2023","district":"TEGALSARI","merchant_id":"3d5b409a-bd3d-546b-803c-025162b7567a","merchant_name":"RM KAPAU","phone":"(031) 88175511","source":"MAKANAN DAN MINUMAN DI KOTA SURABAYA TAHUN 2025.geojson","source_feature_index":1059,"source_file":"data/raw/culinary/MAKANAN DAN MINUMAN DI KOTA SURABAYA TAHUN 2025.geojson","source_sha256":"0CDAE67E83D996938967A7A1C72CB2F46C94E15BCD9146E53138BA5D67E925AF","status":"BUKA","updated_at":"27/02/2025","validation_status":"valid","village":"KEDUNGDORO"},"type":"Feature"},{"geometry":{"coordinates":[112.736251,-7.248694],"type":"Point"},"properties":{"address":"JL. MASPATI II NO.6, BUBUTAN, KEC. BUBUTAN, SURABAYA, JAWA TIMUR 60174","analysis_version":"p0-central-v1","category_l1":"MAKANAN DAN MINUMAN","category_l2":"RESTORAN","category_l3":"RESTORAN PADANG","collected_at":"Q4 2023","district":"BUBUTAN","merchant_id":"3d7f2074-4aef-5828-8841-e027d14c8dc5","merchant_name":"WARUNG NASI PADANG AMPERA","phone":"0896-8821-9854","source":"MAKANAN DAN MINUMAN DI KOTA SURABAYA TAHUN 2025.geojson","source_feature_index":1415,"source_file":"data/raw/culinary/MAKANAN DAN MINUMAN DI KOTA SURABAYA TAHUN 2025.geojson","source_sha256":"0CDAE67E83D996938967A7A1C72CB2F46C94E15BCD9146E53138BA5D67E925AF","status":"BUKA","updated_at":"27/02/2025","validation_status":"valid","village":"BUBUTAN"},"type":"Feature"},{"geometry":{"coordinates":[112.75014137443395,-7.261904974244707],"type":"Point"},"properties":{"address":"GRAND CITY, LG #04","analysis_version":"p0-central-v1","category_l1":"MAKANAN DAN MINUMAN","category_l2":"ROTI DAN KUE","category_l3":"ROTI","collected_at":"Q2 2026","district":"GENTENG","merchant_id":"3f01db27-98d3-5afc-9393-abe22f30f4a4","merchant_name":"BREADTALK","phone":null,"source":"MAKANAN DAN MINUMAN DI KOTA SURABAYA TAHUN 2025.geojson","source_feature_index":2063,"source_file":"data/raw/culinary/MAKANAN DAN MINUMAN DI KOTA SURABAYA TAHUN 2025.geojson","source_sha256":"0CDAE67E83D996938967A7A1C72CB2F46C94E15BCD9146E53138BA5D67E925AF","status":"BUKA","updated_at":"09/04/2026","validation_status":"valid","village":"KETABANG"},"type":"Feature"},{"geometry":{"coordinates":[112.7510102,-7.271362],"type":"Point"},"properties":{"address":"JALAN KALIMANTAN 20","analysis_version":"p0-central-v1","category_l1":"MAKANAN DAN MINUMAN","category_l2":"ROTI DAN KUE","category_l3":"ROTI","collected_at":"Q2 2026","district":"GUBENG","merchant_id":"3f663982-6546-5a41-b48f-b4593d2007a2","merchant_name":"PADOVA BAKERY","phone":"+6283830601000","source":"MAKANAN DAN MINUMAN DI KOTA SURABAYA TAHUN 2025.geojson","source_feature_index":2024,"source_file":"data/raw/culinary/MAKANAN DAN MINUMAN DI KOTA SURABAYA TAHUN 2025.geojson","source_sha256":"0CDAE67E83D996938967A7A1C72CB2F46C94E15BCD9146E53138BA5D67E925AF","status":"BUKA","updated_at":"09/04/2026","validation_status":"valid","village":"GUBENG"},"type":"Feature"},{"geometry":{"coordinates":[112.75031410000008,-7.261804099999949],"type":"Point"},"properties":{"address":"UNIT 3.23, GRAND CITY, JL. WALIKOTA MUSTAJAB NO.1, KETABANG, GENTENG, SURABAYA, EAST JAVA 60272","analysis_version":"p0-central-v1","category_l1":"MAKANAN DAN MINUMAN","category_l2":"MINUMAN","category_l3":"COFFEESHOP","collected_at":"Q4 2023","district":"GENTENG","merchant_id":"40d42b6a-9278-5168-b22b-d1bfa9ae55f7","merchant_name":"MY KOPI-O! - GRAND CITY MALL SURABAYA","phone":"(031) 52405918","source":"MAKANAN DAN MINUMAN DI KOTA SURABAYA TAHUN 2025.geojson","source_feature_index":5,"source_file":"data/raw/culinary/MAKANAN DAN MINUMAN DI KOTA SURABAYA TAHUN 2025.geojson","source_sha256":"0CDAE67E83D996938967A7A1C72CB2F46C94E15BCD9146E53138BA5D67E925AF","status":"BUKA","updated_at":"27/02/2025","validation_status":"valid","village":"KETABANG"},"type":"Feature"},{"geometry":{"coordinates":[112.7427986,-7.2680796],"type":"Point"},"properties":{"address":"JALAN EMBONG GAYAM 11","analysis_version":"p0-central-v1","category_l1":"MAKANAN DAN MINUMAN","category_l2":"ROTI DAN KUE","category_l3":"ROTI","collected_at":"Q2 2026","district":"GENTENG","merchant_id":"41e16a40-52d5-5270-bb35-7839457eeb08","merchant_name":"BON AMI BAKERY","phone":"+62315453201","source":"MAKANAN DAN MINUMAN DI KOTA SURABAYA TAHUN 2025.geojson","source_feature_index":2038,"source_file":"data/raw/culinary/MAKANAN DAN MINUMAN DI KOTA SURABAYA TAHUN 2025.geojson","source_sha256":"0CDAE67E83D996938967A7A1C72CB2F46C94E15BCD9146E53138BA5D67E925AF","status":"BUKA","updated_at":"09/04/2026","validation_status":"valid","village":"EMBONG KALIASIN"},"type":"Feature"},{"geometry":{"coordinates":[112.7487573,-7.2583762],"type":"Point"},"properties":{"address":"JALAN JIMERTO 14","analysis_version":"p0-central-v1","category_l1":"MAKANAN DAN MINUMAN","category_l2":"ROTI DAN KUE","category_l3":"ROTI","collected_at":"Q2 2026","district":"GENTENG","merchant_id":"431dd9d7-d05a-5f11-92b8-63c029ac3668","merchant_name":"CACTOAST","phone":"+628113403399","source":"MAKANAN DAN MINUMAN DI KOTA SURABAYA TAHUN 2025.geojson","source_feature_index":2067,"source_file":"data/raw/culinary/MAKANAN DAN MINUMAN DI KOTA SURABAYA TAHUN 2025.geojson","source_sha256":"0CDAE67E83D996938967A7A1C72CB2F46C94E15BCD9146E53138BA5D67E925AF","status":"BUKA","updated_at":"09/04/2026","validation_status":"valid","village":"KETABANG"},"type":"Feature"},{"geometry":{"coordinates":[112.748614,-7.264771],"type":"Point"},"properties":{"address":"PLAZA SURABAYA, JL. PEMUDA NO.33-37, EMBONG KALIASIN, GENTENG, SURABAYA, EAST JAVA 60271","analysis_version":"p0-central-v1","category_l1":"MAKANAN DAN MINUMAN","category_l2":"RESTORAN","category_l3":"RAMEN","collected_at":"Q4 2023","district":"GENTENG","merchant_id":"443f928e-5e63-5dcc-afb4-e9fc67f53366","merchant_name":"GOKANA RAMEN & TEPPAN - PLAZA SURABAYA","phone":null,"source":"MAKANAN DAN MINUMAN DI KOTA SURABAYA TAHUN 2025.geojson","source_feature_index":972,"source_file":"data/raw/culinary/MAKANAN DAN MINUMAN DI KOTA SURABAYA TAHUN 2025.geojson","source_sha256":"0CDAE67E83D996938967A7A1C72CB2F46C94E15BCD9146E53138BA5D67E925AF","status":"BUKA","updated_at":"27/02/2025","validation_status":"valid","village":"EMBONG KALIASIN"},"type":"Feature"},{"geometry":{"coordinates":[112.74071029999999,-7.2646499],"type":"Point"},"properties":{"address":"TERRACE 18, JL. BASUKI RAHMAT NO.MOR 16-18, KEDUNGDORO, TEGALSARI, SURABAYA, EAST JAVA 60261","analysis_version":"p0-central-v1","category_l1":"MAKANAN DAN MINUMAN","category_l2":"MINUMAN","category_l3":"ES KRIM DAN DESSERT","collected_at":"Q4 2023","district":"TEGALSARI","merchant_id":"4460cd42-e624-50cf-8a57-21c9c596f634","merchant_name":"RED BRIDGE ICE CREAM","phone":"0813-3683-0737","source":"MAKANAN DAN MINUMAN DI KOTA SURABAYA TAHUN 2025.geojson","source_feature_index":56,"source_file":"data/raw/culinary/MAKANAN DAN MINUMAN DI KOTA SURABAYA TAHUN 2025.geojson","source_sha256":"0CDAE67E83D996938967A7A1C72CB2F46C94E15BCD9146E53138BA5D67E925AF","status":"BUKA","updated_at":"27/02/2025","validation_status":"valid","village":"KEDUNGDORO"},"type":"Feature"},{"geometry":{"coordinates":[112.7485448000001,-7.264877399999931],"type":"Point"},"properties":{"address":"PLAZA SURABAYA FOOD COURT LT.5, EMBONG KALIASIN, KEC. GENTENG, SURABAYA, JAWA TIMUR 60271","analysis_version":"p0-central-v1","category_l1":"MAKANAN DAN MINUMAN","category_l2":"RESTORAN","category_l3":"CEPAT SAJI","collected_at":"Q4 2023","district":"GENTENG","merchant_id":"45044d1d-c44f-5f5a-900b-996c82140f2f","merchant_name":"BURGER UP - PLAZA SURABAYA","phone":"(031) 59176417","source":"MAKANAN DAN MINUMAN DI KOTA SURABAYA TAHUN 2025.geojson","source_feature_index":1448,"source_file":"data/raw/culinary/MAKANAN DAN MINUMAN DI KOTA SURABAYA TAHUN 2025.geojson","source_sha256":"0CDAE67E83D996938967A7A1C72CB2F46C94E15BCD9146E53138BA5D67E925AF","status":"BUKA","updated_at":"27/02/2025","validation_status":"valid","village":"EMBONG KALIASIN"},"type":"Feature"},{"geometry":{"coordinates":[112.7388475,-7.2595668],"type":"Point"},"properties":{"address":"TUNJUNGAN ST NO.70, GENTENG, SURABAYA, EAST JAVA 60275","analysis_version":"p0-central-v1","category_l1":"MAKANAN DAN MINUMAN","category_l2":"MINUMAN","category_l3":"ES KRIM DAN DESSERT","collected_at":"Q4 2023","district":"GENTENG","merchant_id":"45091b64-fbdd-51ba-beb7-bcd9ee271b54","merchant_name":"GELATERIA","phone":"0822-3317-5096","source":"MAKANAN DAN MINUMAN DI KOTA SURABAYA TAHUN 2025.geojson","source_feature_index":114,"source_file":"data/raw/culinary/MAKANAN DAN MINUMAN DI KOTA SURABAYA TAHUN 2025.geojson","source_sha256":"0CDAE67E83D996938967A7A1C72CB2F46C94E15BCD9146E53138BA5D67E925AF","status":"BUKA","updated_at":"27/02/2025","validation_status":"valid","village":"GENTENG"},"type":"Feature"},{"geometry":{"coordinates":[112.7413196,-7.2575065],"type":"Point"},"properties":{"address":"JL. GENTENG DALAM, GENTENG, KEC. GENTENG, SURABAYA, JAWA TIMUR 60275","analysis_version":"p0-central-v1","category_l1":"MAKANAN DAN MINUMAN","category_l2":"RESTORAN","category_l3":"SEAFOOD","collected_at":"Q4 2023","district":"GENTENG","merchant_id":"4572f88b-b8f3-58e3-a610-c654e781fcc9","merchant_name":"BANG JAJA IKAN BAKAR & SEAFOOD","phone":"0822-2888-4686","source":"MAKANAN DAN MINUMAN DI KOTA SURABAYA TAHUN 2025.geojson","source_feature_index":246,"source_file":"data/raw/culinary/MAKANAN DAN MINUMAN DI KOTA SURABAYA TAHUN 2025.geojson","source_sha256":"0CDAE67E83D996938967A7A1C72CB2F46C94E15BCD9146E53138BA5D67E925AF","status":"BUKA","updated_at":"27/02/2025","validation_status":"valid","village":"GENTENG"},"type":"Feature"},{"geometry":{"coordinates":[112.736595,-7.264249],"type":"Point"},"properties":{"address":"JL. PLEMAHAN BESAR NO.53, KEDUNGDORO, KEC. TEGALSARI, SURABAYA, JAWA TIMUR 60261","analysis_version":"p0-central-v1","category_l1":"MAKANAN DAN MINUMAN","category_l2":"RESTORAN","category_l3":"RESTORAN TIMUR TENGAH","collected_at":"Q4 2023","district":"TEGALSARI","merchant_id":"45b25676-550e-5043-8cb7-3bbee645e81c","merchant_name":"KEBAB TURKI BABA RAFI","phone":"0819-9933-0946","source":"MAKANAN DAN MINUMAN DI KOTA SURABAYA TAHUN 2025.geojson","source_feature_index":393,"source_file":"data/raw/culinary/MAKANAN DAN MINUMAN DI KOTA SURABAYA TAHUN 2025.geojson","source_sha256":"0CDAE67E83D996938967A7A1C72CB2F46C94E15BCD9146E53138BA5D67E925AF","status":"BUKA","updated_at":"27/02/2025","validation_status":"valid","village":"KEDUNGDORO"},"type":"Feature"},{"geometry":{"coordinates":[112.7507795,-7.2619299],"type":"Point"},"properties":{"address":"GRAND CITY MALL, JL. WALIKOTA MUSTAJAB, KETABANG, KEC. GENTENG, SURABAYA, JAWA TIMUR 60272","analysis_version":"p0-central-v1","category_l1":"MAKANAN DAN MINUMAN","category_l2":"RESTORAN","category_l3":"CEPAT SAJI","collected_at":"Q4 2023","district":"GENTENG","merchant_id":"463e7d1b-ae42-52e6-8543-29e9934bec91","merchant_name":"WENDY'S - GRAND CITY MALL","phone":"(031) 52405744","source":"MAKANAN DAN MINUMAN DI KOTA SURABAYA TAHUN 2025.geojson","source_feature_index":1604,"source_file":"data/raw/culinary/MAKANAN DAN MINUMAN DI KOTA SURABAYA TAHUN 2025.geojson","source_sha256":"0CDAE67E83D996938967A7A1C72CB2F46C94E15BCD9146E53138BA5D67E925AF","status":"BUKA","updated_at":"27/02/2025","validation_status":"valid","village":"KETABANG"},"type":"Feature"},{"geometry":{"coordinates":[112.752617,-7.263747],"type":"Point"},"properties":{"address":"JALAN GUBENG, GRAND CITY MALL LANTAI 2 NO, JL. RAYA SURABAYA NO.38, PACAR KELING, KEC. TAMBAKSARI, SURABAYA, JAWA TIMUR 60272","analysis_version":"p0-central-v1","category_l1":"MAKANAN DAN MINUMAN","category_l2":"MINUMAN","category_l3":"ES KRIM DAN DESSERT","collected_at":"Q4 2023","district":"TAMBAKSARI","merchant_id":"46644bf0-ea7b-5a6f-b1a3-cba99c9668ef","merchant_name":"GLACIES ALL NATURAL","phone":"(031) 70991431","source":"MAKANAN DAN MINUMAN DI KOTA SURABAYA TAHUN 2025.geojson","source_feature_index":84,"source_file":"data/raw/culinary/MAKANAN DAN MINUMAN DI KOTA SURABAYA TAHUN 2025.geojson","source_sha256":"0CDAE67E83D996938967A7A1C72CB2F46C94E15BCD9146E53138BA5D67E925AF","status":"BUKA","updated_at":"27/02/2025","validation_status":"valid","village":"PACARKELING"},"type":"Feature"},{"geometry":{"coordinates":[112.73878840000009,-7.271021699999949],"type":"Point"},"properties":{"address":"JL. KEDONDONG LOR 5 NO.7, EMBONG KALIASIN, KEC. GENTENG, SURABAYA, JAWA TIMUR 60271","analysis_version":"p0-central-v1","category_l1":"MAKANAN DAN MINUMAN","category_l2":"RESTORAN","category_l3":"MIE DAN BAKSO","collected_at":"Q4 2023","district":"TEGALSARI","merchant_id":"466dce4a-c240-5f0d-a382-f9da51217a71","merchant_name":"MIE AYAM SURABAYA KEDAI MIE BONEK","phone":"0878-5501-5049","source":"MAKANAN DAN MINUMAN DI KOTA SURABAYA TAHUN 2025.geojson","source_feature_index":713,"source_file":"data/raw/culinary/MAKANAN DAN MINUMAN DI KOTA SURABAYA TAHUN 2025.geojson","source_sha256":"0CDAE67E83D996938967A7A1C72CB2F46C94E15BCD9146E53138BA5D67E925AF","status":"BUKA","updated_at":"27/02/2025","validation_status":"valid","village":"TEGALSARI"},"type":"Feature"},{"geometry":{"coordinates":[112.7450119,-7.2707455],"type":"Point"},"properties":{"address":"JALAN KAYOON 62","analysis_version":"p0-central-v1","category_l1":"MAKANAN DAN MINUMAN","category_l2":"ROTI DAN KUE","category_l3":"ROTI","collected_at":"Q2 2026","district":"GENTENG","merchant_id":"46f052bd-aac7-54b8-bc1b-731d8808e785","merchant_name":"ANGIE'S CAKE BOUTIQUE","phone":"+62315340335","source":"MAKANAN DAN MINUMAN DI KOTA SURABAYA TAHUN 2025.geojson","source_feature_index":2025,"source_file":"data/raw/culinary/MAKANAN DAN MINUMAN DI KOTA SURABAYA TAHUN 2025.geojson","source_sha256":"0CDAE67E83D996938967A7A1C72CB2F46C94E15BCD9146E53138BA5D67E925AF","status":"BUKA","updated_at":"09/04/2026","validation_status":"valid","village":"EMBONG KALIASIN"},"type":"Feature"},{"geometry":{"coordinates":[112.7478535,-7.2631305],"type":"Point"},"properties":{"address":"WTC SURABAYA, KIOS GALERY LT. 1 NO. 705, JL. PEMUDA NO.27-31, EMBONG KALIASIN, KEC. GENTENG, SURABAYA, JAWA TIMUR 60271","analysis_version":"p0-central-v1","category_l1":"MAKANAN DAN MINUMAN","category_l2":"RESTORAN","category_l3":"CEPAT SAJI","collected_at":"Q4 2023","district":"GENTENG","merchant_id":"47981bf5-ef0f-5170-90be-7bbf7c46d11d","merchant_name":"CFC - WTC SURABAYA","phone":"0888-1172-476","source":"MAKANAN DAN MINUMAN DI KOTA SURABAYA TAHUN 2025.geojson","source_feature_index":1479,"source_file":"data/raw/culinary/MAKANAN DAN MINUMAN DI KOTA SURABAYA TAHUN 2025.geojson","source_sha256":"0CDAE67E83D996938967A7A1C72CB2F46C94E15BCD9146E53138BA5D67E925AF","status":"BUKA","updated_at":"27/02/2025","validation_status":"valid","village":"EMBONG KALIASIN"},"type":"Feature"},{"geometry":{"coordinates":[112.7489293000001,-7.272109399999979],"type":"Point"},"properties":{"address":"JL. RAYA GUBENG NO.33, RT.002/RW.06, GUBENG, KEC. GUBENG, SURABAYA, JAWA TIMUR 60281","analysis_version":"p0-central-v1","category_l1":"MAKANAN DAN MINUMAN","category_l2":"MINUMAN","category_l3":"COFFEESHOP","collected_at":"Q4 2023","district":"GUBENG","merchant_id":"47ac7e41-3dcf-5897-be63-6569271472af","merchant_name":"STARBUCKS GUBENG","phone":"(031) 99447199","source":"MAKANAN DAN MINUMAN DI KOTA SURABAYA TAHUN 2025.geojson","source_feature_index":1105,"source_file":"data/raw/culinary/MAKANAN DAN MINUMAN DI KOTA SURABAYA TAHUN 2025.geojson","source_sha256":"0CDAE67E83D996938967A7A1C72CB2F46C94E15BCD9146E53138BA5D67E925AF","status":"BUKA","updated_at":"27/02/2025","validation_status":"valid","village":"GUBENG"},"type":"Feature"},{"geometry":{"coordinates":[112.74122650000004,-7.263091],"type":"Point"},"properties":{"address":"JL. GUBERNUR SURYO NO.6, EMBONG KALIASIN, KEC. GENTENG, SURABAYA, JAWA TIMUR 60271","analysis_version":"p0-central-v1","category_l1":"MAKANAN DAN MINUMAN","category_l2":"MINUMAN","category_l3":"COFFEESHOP","collected_at":"Q4 2023","district":"GENTENG","merchant_id":"48545d75-1c6d-5de9-891b-5110cfcc0e27","merchant_name":"RUANGKATA COFFEE","phone":"0812-3270-0239","source":"MAKANAN DAN MINUMAN DI KOTA SURABAYA TAHUN 2025.geojson","source_feature_index":898,"source_file":"data/raw/culinary/MAKANAN DAN MINUMAN DI KOTA SURABAYA TAHUN 2025.geojson","source_sha256":"0CDAE67E83D996938967A7A1C72CB2F46C94E15BCD9146E53138BA5D67E925AF","status":"BUKA","updated_at":"27/02/2025","validation_status":"valid","village":"EMBONG KALIASIN"},"type":"Feature"},{"geometry":{"coordinates":[112.7337513,-7.2552765],"type":"Point"},"properties":{"address":"JALAN BUBUTAN 1","analysis_version":"p0-central-v1","category_l1":"MAKANAN DAN MINUMAN","category_l2":"ROTI DAN KUE","category_l3":"ROTI","collected_at":"Q2 2026","district":"BUBUTAN","merchant_id":"49007f83-d378-5d3b-8db3-5775a4a8f6a1","merchant_name":"ROTIBOY","phone":"+62315461055","source":"MAKANAN DAN MINUMAN DI KOTA SURABAYA TAHUN 2025.geojson","source_feature_index":2098,"source_file":"data/raw/culinary/MAKANAN DAN MINUMAN DI KOTA SURABAYA TAHUN 2025.geojson","source_sha256":"0CDAE67E83D996938967A7A1C72CB2F46C94E15BCD9146E53138BA5D67E925AF","status":"BUKA","updated_at":"09/04/2026","validation_status":"valid","village":"BUBUTAN"},"type":"Feature"},{"geometry":{"coordinates":[112.75450540000008,-7.264547599999958],"type":"Point"},"properties":{"address":"JL. MAYJEN PROF. DR. MOESTOPO NO.1, PACAR KELING, KEC. TAMBAKSARI, SURABAYA, JAWA TIMUR 60131","analysis_version":"p0-central-v1","category_l1":"MAKANAN DAN MINUMAN","category_l2":"RESTORAN","category_l3":"MIE DAN BAKSO","collected_at":"Q4 2023","district":"TAMBAKSARI","merchant_id":"4a5cbdcf-594a-52dc-972c-1be70dc08926","merchant_name":"MIE GORENG TRADISIONAL KHAS KEDIRI","phone":"0816-5428-763","source":"MAKANAN DAN MINUMAN DI KOTA SURABAYA TAHUN 2025.geojson","source_feature_index":737,"source_file":"data/raw/culinary/MAKANAN DAN MINUMAN DI KOTA SURABAYA TAHUN 2025.geojson","source_sha256":"0CDAE67E83D996938967A7A1C72CB2F46C94E15BCD9146E53138BA5D67E925AF","status":"BUKA","updated_at":"27/02/2025","validation_status":"valid","village":"PACARKELING"},"type":"Feature"},{"geometry":{"coordinates":[112.7373723,-7.269989],"type":"Point"},"properties":{"address":"JALAN MAWAR 30","analysis_version":"p0-central-v1","category_l1":"MAKANAN DAN MINUMAN","category_l2":"ROTI DAN KUE","category_l3":"ROTI","collected_at":"Q2 2026","district":"TEGALSARI","merchant_id":"4adcc979-8a8b-546c-a49b-f9573651e3a5","merchant_name":"ROTI IN MAWAR","phone":"+62315344494","source":"MAKANAN DAN MINUMAN DI KOTA SURABAYA TAHUN 2025.geojson","source_feature_index":2023,"source_file":"data/raw/culinary/MAKANAN DAN MINUMAN DI KOTA SURABAYA TAHUN 2025.geojson","source_sha256":"0CDAE67E83D996938967A7A1C72CB2F46C94E15BCD9146E53138BA5D67E925AF","status":"BUKA","updated_at":"09/04/2026","validation_status":"valid","village":"TEGALSARI"},"type":"Feature"},{"geometry":{"coordinates":[112.7334387,-7.2691832],"type":"Point"},"properties":{"address":"JL. WONOREJO II NO.41, WONOREJO, KEC. TEGALSARI, SURABAYA, JAWA TIMUR 60263","analysis_version":"p0-central-v1","category_l1":"MAKANAN DAN MINUMAN","category_l2":"MINUMAN","category_l3":"ES KRIM DAN DESSERT","collected_at":"Q4 2023","district":"TEGALSARI","merchant_id":"4b28b5d3-9876-55f3-8968-32e1701ae321","merchant_name":"LILY ES CREAM","phone":"0838-5436-2790","source":"MAKANAN DAN MINUMAN DI KOTA SURABAYA TAHUN 2025.geojson","source_feature_index":36,"source_file":"data/raw/culinary/MAKANAN DAN MINUMAN DI KOTA SURABAYA TAHUN 2025.geojson","source_sha256":"0CDAE67E83D996938967A7A1C72CB2F46C94E15BCD9146E53138BA5D67E925AF","status":"BUKA","updated_at":"27/02/2025","validation_status":"valid","village":"WONOREJO"},"type":"Feature"},{"geometry":{"coordinates":[112.74986500000011,-7.261568],"type":"Point"},"properties":{"address":"GRAND CITY MALL LANTAI 4, JALAN WALIKOTA MUSTAJAB, KETABANG, GENTENG, KETABANG, KEC. GENTENG, SURABAYA, JAWA TIMUR 60272","analysis_version":"p0-central-v1","category_l1":"MAKANAN DAN MINUMAN","category_l2":"RESTORAN","category_l3":"RESTORAN TIMUR TENGAH","collected_at":"Q4 2023","district":"GENTENG","merchant_id":"4b5eb8da-2694-5bbf-9370-751d2ccfc53e","merchant_name":"DONER KEBAB - GRAND CITY MALL SURABAYA","phone":null,"source":"MAKANAN DAN MINUMAN DI KOTA SURABAYA TAHUN 2025.geojson","source_feature_index":340,"source_file":"data/raw/culinary/MAKANAN DAN MINUMAN DI KOTA SURABAYA TAHUN 2025.geojson","source_sha256":"0CDAE67E83D996938967A7A1C72CB2F46C94E15BCD9146E53138BA5D67E925AF","status":"BUKA","updated_at":"27/02/2025","validation_status":"valid","village":"KETABANG"},"type":"Feature"},{"geometry":{"coordinates":[112.75405060000003,-7.260502],"type":"Point"},"properties":{"address":"JL. INDRAKILA NO.1 A, RT.000/RW.00, PACAR KELING, KEC. TAMBAKSARI, SURABAYA, JAWA TIMUR 60131","analysis_version":"p0-central-v1","category_l1":"MAKANAN DAN MINUMAN","category_l2":"RESTORAN","category_l3":"NASI GORENG","collected_at":"Q4 2023","district":"TAMBAKSARI","merchant_id":"4c2e48fc-636e-51cc-b2e2-dac07b475c86","merchant_name":"MIE KLUNTUNG DAN NASI GORENG JAWA MAS JOKO","phone":null,"source":"MAKANAN DAN MINUMAN DI KOTA SURABAYA TAHUN 2025.geojson","source_feature_index":735,"source_file":"data/raw/culinary/MAKANAN DAN MINUMAN DI KOTA SURABAYA TAHUN 2025.geojson","source_sha256":"0CDAE67E83D996938967A7A1C72CB2F46C94E15BCD9146E53138BA5D67E925AF","status":"BUKA","updated_at":"27/02/2025","validation_status":"valid","village":"PACARKELING"},"type":"Feature"},{"geometry":{"coordinates":[112.74189700000011,-7.273837599999979],"type":"Point"},"properties":{"address":"JL. URIP SUMOHARJO NO.16, EMBONG KALIASIN, KEC. GENTENG, SURABAYA, JAWA TIMUR 60271","analysis_version":"p0-central-v1","category_l1":"MAKANAN DAN MINUMAN","category_l2":"RESTORAN","category_l3":"RESTORAN PADANG","collected_at":"Q4 2023","district":"GENTENG","merchant_id":"4d4083e6-bedd-5cca-beff-61310a252604","merchant_name":"MASAKAN PADANG AMPERA LABUHAN RASO","phone":"0813-3271-1729","source":"MAKANAN DAN MINUMAN DI KOTA SURABAYA TAHUN 2025.geojson","source_feature_index":178,"source_file":"data/raw/culinary/MAKANAN DAN MINUMAN DI KOTA SURABAYA TAHUN 2025.geojson","source_sha256":"0CDAE67E83D996938967A7A1C72CB2F46C94E15BCD9146E53138BA5D67E925AF","status":"BUKA","updated_at":"27/02/2025","validation_status":"valid","village":"EMBONG KALIASIN"},"type":"Feature"},{"geometry":{"coordinates":[112.7499424,-7.266821599999957],"type":"Point"},"properties":{"address":"DEPAN MONKASEL, JL. PEMUDA, EMBONG KALIASIN, KEC. GENTENG, SURABAYA, JAWA TIMUR 60271","analysis_version":"p0-central-v1","category_l1":"MAKANAN DAN MINUMAN","category_l2":"MINUMAN","category_l3":"COFFEESHOP","collected_at":"Q4 2023","district":"GENTENG","merchant_id":"4e3d974b-d0db-5038-b564-3bd645718312","merchant_name":"CAFE AND RESTO KAMPOENG BAMBOE","phone":"0831-1717-6405","source":"MAKANAN DAN MINUMAN DI KOTA SURABAYA TAHUN 2025.geojson","source_feature_index":868,"source_file":"data/raw/culinary/MAKANAN DAN MINUMAN DI KOTA SURABAYA TAHUN 2025.geojson","source_sha256":"0CDAE67E83D996938967A7A1C72CB2F46C94E15BCD9146E53138BA5D67E925AF","status":"BUKA","updated_at":"27/02/2025","validation_status":"valid","village":"EMBONG KALIASIN"},"type":"Feature"},{"geometry":{"coordinates":[112.745934,-7.2686159],"type":"Point"},"properties":{"address":"JL. EMBONG PLOSO NO.12, EMBONG KALIASIN, GENTENG, SURABAYA, EAST JAVA 60271","analysis_version":"p0-central-v1","category_l1":"MAKANAN DAN MINUMAN","category_l2":"RESTORAN","category_l3":"NASI GORENG","collected_at":"Q4 2023","district":"GENTENG","merchant_id":"4ead5089-a5aa-50f4-a58c-5227539c92f5","merchant_name":"NASI GORENG PAK HONO","phone":null,"source":"MAKANAN DAN MINUMAN DI KOTA SURABAYA TAHUN 2025.geojson","source_feature_index":676,"source_file":"data/raw/culinary/MAKANAN DAN MINUMAN DI KOTA SURABAYA TAHUN 2025.geojson","source_sha256":"0CDAE67E83D996938967A7A1C72CB2F46C94E15BCD9146E53138BA5D67E925AF","status":"BUKA","updated_at":"27/02/2025","validation_status":"valid","village":"EMBONG KALIASIN"},"type":"Feature"},{"geometry":{"coordinates":[112.750303,-7.259691],"type":"Point"},"properties":{"address":"JALAN WALIKOTA MUSTAJAB GRAND CITY MALL LT.4 UNIT, JL. BILITON 55, KETABANG, KEC. GENTENG, SURABAYA, JAWA TIMUR 60272","analysis_version":"p0-central-v1","category_l1":"MAKANAN DAN MINUMAN","category_l2":"MINUMAN","category_l3":"ES KRIM DAN DESSERT","collected_at":"Q4 2023","district":"GENTENG","merchant_id":"50f1fce5-a5b2-56e3-aa15-c49bea83696b","merchant_name":"LILIAN'S","phone":"0878-5263-0800","source":"MAKANAN DAN MINUMAN DI KOTA SURABAYA TAHUN 2025.geojson","source_feature_index":103,"source_file":"data/raw/culinary/MAKANAN DAN MINUMAN DI KOTA SURABAYA TAHUN 2025.geojson","source_sha256":"0CDAE67E83D996938967A7A1C72CB2F46C94E15BCD9146E53138BA5D67E925AF","status":"BUKA","updated_at":"27/02/2025","validation_status":"valid","village":"KETABANG"},"type":"Feature"},{"geometry":{"coordinates":[112.74572610000007,-7.260655499999928],"type":"Point"},"properties":{"address":"JL. WALIKOTA MUSTAJAB NO.70, KETABANG, KEC. GENTENG, SURABAYA, JAWA TIMUR 60272","analysis_version":"p0-central-v1","category_l1":"MAKANAN DAN MINUMAN","category_l2":"RESTORAN","category_l3":"RESTORAN PADANG","collected_at":"Q4 2023","district":"GENTENG","merchant_id":"5138c3a6-9a51-5bb4-8ecd-01bc854de6ac","merchant_name":"SARI BUNDO RUMAH MAKAN","phone":"(031) 5344672","source":"MAKANAN DAN MINUMAN DI KOTA SURABAYA TAHUN 2025.geojson","source_feature_index":1404,"source_file":"data/raw/culinary/MAKANAN DAN MINUMAN DI KOTA SURABAYA TAHUN 2025.geojson","source_sha256":"0CDAE67E83D996938967A7A1C72CB2F46C94E15BCD9146E53138BA5D67E925AF","status":"BUKA","updated_at":"27/02/2025","validation_status":"valid","village":"KETABANG"},"type":"Feature"},{"geometry":{"coordinates":[112.742998,-7.2644215],"type":"Point"},"properties":{"address":"JL. TAMAN APSARI, EMBONG KALIASIN, KEC. GENTENG, SURABAYA, JAWA TIMUR 60271","analysis_version":"p0-central-v1","category_l1":"MAKANAN DAN MINUMAN","category_l2":"RESTORAN","category_l3":"NASI GORENG","collected_at":"Q4 2023","district":"GENTENG","merchant_id":"51c688cf-8a07-5538-99f4-b8dd759673c5","merchant_name":"NASI GORENG KRENGSENG CAK TOMY","phone":"0823-3127-7755","source":"MAKANAN DAN MINUMAN DI KOTA SURABAYA TAHUN 2025.geojson","source_feature_index":680,"source_file":"data/raw/culinary/MAKANAN DAN MINUMAN DI KOTA SURABAYA TAHUN 2025.geojson","source_sha256":"0CDAE67E83D996938967A7A1C72CB2F46C94E15BCD9146E53138BA5D67E925AF","status":"BUKA","updated_at":"27/02/2025","validation_status":"valid","village":"EMBONG KALIASIN"},"type":"Feature"},{"geometry":{"coordinates":[112.7411780000001,-7.267186],"type":"Point"},"properties":{"address":"RANCH MARKET JALAN BASUKI RAHMAT NOMER 16-18, SURABAYA, EMBONG KALIASIN, KEC. GENTENG, SURABAYA, JAWA TIMUR 60262","analysis_version":"p0-central-v1","category_l1":"MAKANAN DAN MINUMAN","category_l2":"RESTORAN","category_l3":"RESTORAN JEPANG","collected_at":"Q4 2023","district":"TEGALSARI","merchant_id":"51f75ebb-aa1b-5cd7-a930-2a9a9f54c07a","merchant_name":"JAPANESE DONBURI","phone":"0856-4614-6271","source":"MAKANAN DAN MINUMAN DI KOTA SURABAYA TAHUN 2025.geojson","source_feature_index":983,"source_file":"data/raw/culinary/MAKANAN DAN MINUMAN DI KOTA SURABAYA TAHUN 2025.geojson","source_sha256":"0CDAE67E83D996938967A7A1C72CB2F46C94E15BCD9146E53138BA5D67E925AF","status":"BUKA","updated_at":"27/02/2025","validation_status":"valid","village":"TEGALSARI"},"type":"Feature"},{"geometry":{"coordinates":[112.7436119,-7.2731697],"type":"Point"},"properties":{"address":"KAYOON ST NO.10 A, EMBONG KALIASIN, GENTENG, SURABAYA, EAST JAVA 60271","analysis_version":"p0-central-v1","category_l1":"MAKANAN DAN MINUMAN","category_l2":"MINUMAN","category_l3":"ES KRIM DAN DESSERT","collected_at":"Q4 2023","district":"GENTENG","merchant_id":"52a9e27c-4003-567e-abe4-5dc2f853d761","merchant_name":"TURIN ICE CREAM 1971","phone":"(031) 5345220","source":"MAKANAN DAN MINUMAN DI KOTA SURABAYA TAHUN 2025.geojson","source_feature_index":45,"source_file":"data/raw/culinary/MAKANAN DAN MINUMAN DI KOTA SURABAYA TAHUN 2025.geojson","source_sha256":"0CDAE67E83D996938967A7A1C72CB2F46C94E15BCD9146E53138BA5D67E925AF","status":"BUKA","updated_at":"27/02/2025","validation_status":"valid","village":"EMBONG KALIASIN"},"type":"Feature"},{"geometry":{"coordinates":[112.7403061,-7.2635643],"type":"Point"},"properties":{"address":"JL. JENDERAL BASUKI RACHMAT NO.8-12","analysis_version":"p0-central-v1","category_l1":"MAKANAN DAN MINUMAN","category_l2":"ROTI DAN KUE","category_l3":"ROTI","collected_at":"Q2 2026","district":"TEGALSARI","merchant_id":"53eccf82-cd1b-5895-a602-aae301ad3d18","merchant_name":"ROTIBOY TUNJUNGAN PLAZA","phone":"+62315351290","source":"MAKANAN DAN MINUMAN DI KOTA SURABAYA TAHUN 2025.geojson","source_feature_index":2047,"source_file":"data/raw/culinary/MAKANAN DAN MINUMAN DI KOTA SURABAYA TAHUN 2025.geojson","source_sha256":"0CDAE67E83D996938967A7A1C72CB2F46C94E15BCD9146E53138BA5D67E925AF","status":"BUKA","updated_at":"09/04/2026","validation_status":"valid","village":"KEDUNGDORO"},"type":"Feature"},{"geometry":{"coordinates":[112.74803280000003,-7.27360049999993],"type":"Point"},"properties":{"address":"JL. JAWA NO.18, RT.000/RW.00, GUBENG, KEC. GUBENG, SURABAYA, JAWA TIMUR 60281","analysis_version":"p0-central-v1","category_l1":"MAKANAN DAN MINUMAN","category_l2":"MINUMAN","category_l3":"COFFEESHOP","collected_at":"Q4 2023","district":"GUBENG","merchant_id":"54a825aa-2e5a-5d2d-a33a-1987def8644b","merchant_name":"HAPPYNESTS CAFE","phone":"0896-0288-1177","source":"MAKANAN DAN MINUMAN DI KOTA SURABAYA TAHUN 2025.geojson","source_feature_index":893,"source_file":"data/raw/culinary/MAKANAN DAN MINUMAN DI KOTA SURABAYA TAHUN 2025.geojson","source_sha256":"0CDAE67E83D996938967A7A1C72CB2F46C94E15BCD9146E53138BA5D67E925AF","status":"BUKA","updated_at":"27/02/2025","validation_status":"valid","village":"GUBENG"},"type":"Feature"},{"geometry":{"coordinates":[112.73935560000007,-7.260369699999956],"type":"Point"},"properties":{"address":"JL. TUNJUNGAN NO.86, GENTENG, KEC. GENTENG, SURABAYA, JAWA TIMUR 60275","analysis_version":"p0-central-v1","category_l1":"MAKANAN DAN MINUMAN","category_l2":"RESTORAN","category_l3":"CEPAT SAJI","collected_at":"Q4 2023","district":"GENTENG","merchant_id":"56b8addc-288e-5d1c-a6ce-0f1866d13323","merchant_name":"BURGBOL - TUNJUNGAN","phone":"0858-9009-0054","source":"MAKANAN DAN MINUMAN DI KOTA SURABAYA TAHUN 2025.geojson","source_feature_index":1093,"source_file":"data/raw/culinary/MAKANAN DAN MINUMAN DI KOTA SURABAYA TAHUN 2025.geojson","source_sha256":"0CDAE67E83D996938967A7A1C72CB2F46C94E15BCD9146E53138BA5D67E925AF","status":"BUKA","updated_at":"27/02/2025","validation_status":"valid","village":"GENTENG"},"type":"Feature"},{"geometry":{"coordinates":[112.74249910000003,-7.265239199999942],"type":"Point"},"properties":{"address":"JL. TAMAN APSARI NO.25, EMBONG KALIASIN, KEC. GENTENG, SURABAYA, JAWA TIMUR 60271","analysis_version":"p0-central-v1","category_l1":"MAKANAN DAN MINUMAN","category_l2":"MINUMAN","category_l3":"COFFEESHOP","collected_at":"Q4 2023","district":"GENTENG","merchant_id":"573708c6-81c3-57f7-b2d7-3a2bf99cd48d","merchant_name":"OTEWEKOPI","phone":null,"source":"MAKANAN DAN MINUMAN DI KOTA SURABAYA TAHUN 2025.geojson","source_feature_index":1121,"source_file":"data/raw/culinary/MAKANAN DAN MINUMAN DI KOTA SURABAYA TAHUN 2025.geojson","source_sha256":"0CDAE67E83D996938967A7A1C72CB2F46C94E15BCD9146E53138BA5D67E925AF","status":"BUKA","updated_at":"27/02/2025","validation_status":"valid","village":"EMBONG KALIASIN"},"type":"Feature"},{"geometry":{"coordinates":[112.75063,-7.2619163],"type":"Point"},"properties":{"address":"GRAND CITY, JL. WALIKOTA MUSTAJAB NO.1, KETABANG, KEC. GENTENG, SURABAYA, JAWA TIMUR 60272","analysis_version":"p0-central-v1","category_l1":"MAKANAN DAN MINUMAN","category_l2":"RESTORAN","category_l3":"CEPAT SAJI","collected_at":"Q4 2023","district":"GENTENG","merchant_id":"576cb1e2-c960-5665-98c2-4654c3bc3745","merchant_name":"TOKIO STREET - GRAND CITY MALL SURABAYA","phone":"0838-3116-2093","source":"MAKANAN DAN MINUMAN DI KOTA SURABAYA TAHUN 2025.geojson","source_feature_index":1505,"source_file":"data/raw/culinary/MAKANAN DAN MINUMAN DI KOTA SURABAYA TAHUN 2025.geojson","source_sha256":"0CDAE67E83D996938967A7A1C72CB2F46C94E15BCD9146E53138BA5D67E925AF","status":"BUKA","updated_at":"27/02/2025","validation_status":"valid","village":"KETABANG"},"type":"Feature"},{"geometry":{"coordinates":[112.7500359,-7.261917],"type":"Point"},"properties":{"address":"GRAND CITY, LEVEL 3 UNIT 07, JL. WALIKOTA MUSTAJAB NO.1, KETABANG, GENTENG, SURABAYA, EAST JAVA 60272","analysis_version":"p0-central-v1","category_l1":"MAKANAN DAN MINUMAN","category_l2":"MINUMAN","category_l3":"MINUMAN BOBA DAN MILK TEA","collected_at":"Q4 2023","district":"GENTENG","merchant_id":"5797cd13-6421-5f05-b862-64f3884be63f","merchant_name":"CHACHAGO GRAND CITY MALL SURABAYA","phone":"0812-3026-7959","source":"MAKANAN DAN MINUMAN DI KOTA SURABAYA TAHUN 2025.geojson","source_feature_index":520,"source_file":"data/raw/culinary/MAKANAN DAN MINUMAN DI KOTA SURABAYA TAHUN 2025.geojson","source_sha256":"0CDAE67E83D996938967A7A1C72CB2F46C94E15BCD9146E53138BA5D67E925AF","status":"BUKA","updated_at":"27/02/2025","validation_status":"valid","village":"KETABANG"},"type":"Feature"},{"geometry":{"coordinates":[112.73924016178297,-7.263366230434482],"type":"Point"},"properties":{"address":"PLAZA CENTRAL (TP3), LT. 5 AT FOODCOURT","analysis_version":"p0-central-v1","category_l1":"MAKANAN DAN MINUMAN","category_l2":"ROTI DAN KUE","category_l3":"ROTI","collected_at":"Q2 2026","district":"TEGALSARI","merchant_id":"584deac3-a693-598b-bc52-3e647d2d483b","merchant_name":"ROTIBOY BAKESHOPPE","phone":"(031) 70759150","source":"MAKANAN DAN MINUMAN DI KOTA SURABAYA TAHUN 2025.geojson","source_feature_index":2050,"source_file":"data/raw/culinary/MAKANAN DAN MINUMAN DI KOTA SURABAYA TAHUN 2025.geojson","source_sha256":"0CDAE67E83D996938967A7A1C72CB2F46C94E15BCD9146E53138BA5D67E925AF","status":"BUKA","updated_at":"09/04/2026","validation_status":"valid","village":"KEDUNGDORO"},"type":"Feature"},{"geometry":{"coordinates":[112.7330883,-7.2547722],"type":"Point"},"properties":{"address":"BG JUNCTION, JL. BUBUTAN NO.1-7, BUBUTAN, KEC. BUBUTAN, SURABAYA, JAWA TIMUR 60174","analysis_version":"p0-central-v1","category_l1":"MAKANAN DAN MINUMAN","category_l2":"RESTORAN","category_l3":"CEPAT SAJI","collected_at":"Q4 2023","district":"BUBUTAN","merchant_id":"58ffcf21-354a-53ec-beb7-6c7edd2a981b","merchant_name":"KAMPOENG TIMBEL","phone":"0811-344-169","source":"MAKANAN DAN MINUMAN DI KOTA SURABAYA TAHUN 2025.geojson","source_feature_index":1523,"source_file":"data/raw/culinary/MAKANAN DAN MINUMAN DI KOTA SURABAYA TAHUN 2025.geojson","source_sha256":"0CDAE67E83D996938967A7A1C72CB2F46C94E15BCD9146E53138BA5D67E925AF","status":"BUKA","updated_at":"27/02/2025","validation_status":"valid","village":"BUBUTAN"},"type":"Feature"},{"geometry":{"coordinates":[112.75027180000006,-7.262180399999977],"type":"Point"},"properties":{"address":"GRAND CITY MALL, JL. WALIKOTA MUSTAJAB NO.1, KETABANG, KEC. GENTENG, SURABAYA, JAWA TIMUR 60272","analysis_version":"p0-central-v1","category_l1":"MAKANAN DAN MINUMAN","category_l2":"RESTORAN","category_l3":"RESTORAN KOREA","collected_at":"Q4 2023","district":"GENTENG","merchant_id":"5b2450ff-37d3-56e8-bb9d-38b6378e4f89","merchant_name":"MAGAL KOREAN BBQ GRAND CITY MALL","phone":"0812-5399-8900","source":"MAKANAN DAN MINUMAN DI KOTA SURABAYA TAHUN 2025.geojson","source_feature_index":1006,"source_file":"data/raw/culinary/MAKANAN DAN MINUMAN DI KOTA SURABAYA TAHUN 2025.geojson","source_sha256":"0CDAE67E83D996938967A7A1C72CB2F46C94E15BCD9146E53138BA5D67E925AF","status":"BUKA","updated_at":"27/02/2025","validation_status":"valid","village":"KETABANG"},"type":"Feature"},{"geometry":{"coordinates":[112.74054790000002,-7.257714799999972],"type":"Point"},"properties":{"address":"JL. GENTENG DURASIM NO.29, RT.001/RW.05, GENTENG, KEC. GENTENG, SURABAYA, JAWA TIMUR 60275","analysis_version":"p0-central-v1","category_l1":"MAKANAN DAN MINUMAN","category_l2":"RESTORAN","category_l3":"RESTORAN NUSANTARA","collected_at":"Q4 2023","district":"GENTENG","merchant_id":"5b7e5cbf-e071-5271-b7b0-d46d89d1326e","merchant_name":"RUJAK CINGUR DAN SOP BUNTUT GENTENG DURASIM","phone":"(031) 5358213","source":"MAKANAN DAN MINUMAN DI KOTA SURABAYA TAHUN 2025.geojson","source_feature_index":1100,"source_file":"data/raw/culinary/MAKANAN DAN MINUMAN DI KOTA SURABAYA TAHUN 2025.geojson","source_sha256":"0CDAE67E83D996938967A7A1C72CB2F46C94E15BCD9146E53138BA5D67E925AF","status":"BUKA","updated_at":"27/02/2025","validation_status":"valid","village":"GENTENG"},"type":"Feature"},{"geometry":{"coordinates":[112.75013440000009,-7.259101299999941],"type":"Point"},"properties":{"address":"JL. SLAMET NO.14A, KETABANG, KEC. GENTENG, SURABAYA, JAWA TIMUR 60272","analysis_version":"p0-central-v1","category_l1":"MAKANAN DAN MINUMAN","category_l2":"MINUMAN","category_l3":"COFFEESHOP","collected_at":"Q4 2023","district":"GENTENG","merchant_id":"5dadfec5-8c4c-5b2c-8a7b-c6112daa8ba6","merchant_name":"DUDUK TENANG KOPI","phone":null,"source":"MAKANAN DAN MINUMAN DI KOTA SURABAYA TAHUN 2025.geojson","source_feature_index":885,"source_file":"data/raw/culinary/MAKANAN DAN MINUMAN DI KOTA SURABAYA TAHUN 2025.geojson","source_sha256":"0CDAE67E83D996938967A7A1C72CB2F46C94E15BCD9146E53138BA5D67E925AF","status":"BUKA","updated_at":"27/02/2025","validation_status":"valid","village":"KETABANG"},"type":"Feature"},{"geometry":{"coordinates":[112.74877970000011,-7.258356],"type":"Point"},"properties":{"address":"JL. JIMERTO NO.14-1, KETABANG, KEC. GENTENG, SURABAYA, JAWA TIMUR 60272","analysis_version":"p0-central-v1","category_l1":"MAKANAN DAN MINUMAN","category_l2":"MINUMAN","category_l3":"COFFEESHOP","collected_at":"Q4 2023","district":"GENTENG","merchant_id":"5df78bd2-b18c-595e-9a2b-cedc61c41168","merchant_name":"NARCOS COFFEE","phone":"0817-0340-1984","source":"MAKANAN DAN MINUMAN DI KOTA SURABAYA TAHUN 2025.geojson","source_feature_index":1,"source_file":"data/raw/culinary/MAKANAN DAN MINUMAN DI KOTA SURABAYA TAHUN 2025.geojson","source_sha256":"0CDAE67E83D996938967A7A1C72CB2F46C94E15BCD9146E53138BA5D67E925AF","status":"BUKA","updated_at":"27/02/2025","validation_status":"valid","village":"KETABANG"},"type":"Feature"},{"geometry":{"coordinates":[112.74853080000003,-7.263781],"type":"Point"},"properties":{"address":"SURABAYA PLAZA HOTEL, GF, JL. PEMUDA 31-37, 60271 SURABAYA, JAWA TIMUR, EMBONG KALIASIN, GENTENG, SURABAYA, EAST JAVA 60271","analysis_version":"p0-central-v1","category_l1":"MAKANAN DAN MINUMAN","category_l2":"MINUMAN","category_l3":"COFFEESHOP","collected_at":"Q4 2023","district":"GENTENG","merchant_id":"5e99654d-7746-5ea2-af8a-b28875e05599","merchant_name":"CAFE TAMAN","phone":null,"source":"MAKANAN DAN MINUMAN DI KOTA SURABAYA TAHUN 2025.geojson","source_feature_index":873,"source_file":"data/raw/culinary/MAKANAN DAN MINUMAN DI KOTA SURABAYA TAHUN 2025.geojson","source_sha256":"0CDAE67E83D996938967A7A1C72CB2F46C94E15BCD9146E53138BA5D67E925AF","status":"BUKA","updated_at":"27/02/2025","validation_status":"valid","village":"EMBONG KALIASIN"},"type":"Feature"},{"geometry":{"coordinates":[112.7463643,-7.2696531],"type":"Point"},"properties":{"address":"JL. EMBONG KEMIRI NO.46G, EMBONG KALIASIN, KEC. GENTENG, SURABAYA, JAWA TIMUR 60271","analysis_version":"p0-central-v1","category_l1":"MAKANAN DAN MINUMAN","category_l2":"RESTORAN","category_l3":"SEAFOOD","collected_at":"Q4 2023","district":"GENTENG","merchant_id":"5f4dbe40-3d07-5a7d-9871-81f589b10a54","merchant_name":"SEAFOOD MAMAK","phone":"0812-4998-9898","source":"MAKANAN DAN MINUMAN DI KOTA SURABAYA TAHUN 2025.geojson","source_feature_index":284,"source_file":"data/raw/culinary/MAKANAN DAN MINUMAN DI KOTA SURABAYA TAHUN 2025.geojson","source_sha256":"0CDAE67E83D996938967A7A1C72CB2F46C94E15BCD9146E53138BA5D67E925AF","status":"BUKA","updated_at":"27/02/2025","validation_status":"valid","village":"EMBONG KALIASIN"},"type":"Feature"},{"geometry":{"coordinates":[112.7496109,-7.271027],"type":"Point"},"properties":{"address":"JL. RAYA GUBENG NO.32-G, RT.006/RW.01","analysis_version":"p0-central-v1","category_l1":"MAKANAN DAN MINUMAN","category_l2":"ROTI DAN KUE","category_l3":"ROTI","collected_at":"Q2 2026","district":"GUBENG","merchant_id":"60801e16-ab74-5eee-bada-2c1be84f3022","merchant_name":"WELZEN BREAD","phone":"+6282142905588","source":"MAKANAN DAN MINUMAN DI KOTA SURABAYA TAHUN 2025.geojson","source_feature_index":1996,"source_file":"data/raw/culinary/MAKANAN DAN MINUMAN DI KOTA SURABAYA TAHUN 2025.geojson","source_sha256":"0CDAE67E83D996938967A7A1C72CB2F46C94E15BCD9146E53138BA5D67E925AF","status":"BUKA","updated_at":"09/04/2026","validation_status":"valid","village":"GUBENG"},"type":"Feature"},{"geometry":{"coordinates":[112.75063000000011,-7.261916299999939],"type":"Point"},"properties":{"address":"MALL AND CONVEX, GRAND CITY, JL. WALIKOTA MUSTAJAB NO.1, KETABANG, GENTENG, SURABAYA, EAST JAVA 60272","analysis_version":"p0-central-v1","category_l1":"MAKANAN DAN MINUMAN","category_l2":"RESTORAN","category_l3":"RESTORAN JEPANG","collected_at":"Q4 2023","district":"GENTENG","merchant_id":"609d753b-8504-5aed-93b2-d4e78b360411","merchant_name":"EDAMAME JAPANESE RESTAURANT - GRAND CITY MALL SURABAYA","phone":"(031) 52405857","source":"MAKANAN DAN MINUMAN DI KOTA SURABAYA TAHUN 2025.geojson","source_feature_index":974,"source_file":"data/raw/culinary/MAKANAN DAN MINUMAN DI KOTA SURABAYA TAHUN 2025.geojson","source_sha256":"0CDAE67E83D996938967A7A1C72CB2F46C94E15BCD9146E53138BA5D67E925AF","status":"BUKA","updated_at":"27/02/2025","validation_status":"valid","village":"KETABANG"},"type":"Feature"},{"geometry":{"coordinates":[112.7545339,-7.2580502],"type":"Point"},"properties":{"address":"JL. PACAR KELING NO.7, PACAR KELING, KEC. TAMBAKSARI, SURABAYA, JAWA TIMUR 60131","analysis_version":"p0-central-v1","category_l1":"MAKANAN DAN MINUMAN","category_l2":"MINUMAN","category_l3":"ES KRIM DAN DESSERT","collected_at":"Q4 2023","district":"TAMBAKSARI","merchant_id":"60c0f7fe-3771-557e-bce5-e6b92ea45c17","merchant_name":"MIXUE ICE CREAM & TEA - TAMBAKSARI","phone":null,"source":"MAKANAN DAN MINUMAN DI KOTA SURABAYA TAHUN 2025.geojson","source_feature_index":54,"source_file":"data/raw/culinary/MAKANAN DAN MINUMAN DI KOTA SURABAYA TAHUN 2025.geojson","source_sha256":"0CDAE67E83D996938967A7A1C72CB2F46C94E15BCD9146E53138BA5D67E925AF","status":"BUKA","updated_at":"27/02/2025","validation_status":"valid","village":"PACARKELING"},"type":"Feature"},{"geometry":{"coordinates":[112.749026,-7.265307],"type":"Point"},"properties":{"address":"JALAN PEMUDA 33","analysis_version":"p0-central-v1","category_l1":"MAKANAN DAN MINUMAN","category_l2":"ROTI DAN KUE","category_l3":"ROTI","collected_at":"Q2 2026","district":"GENTENG","merchant_id":"618d2800-3eb6-5a33-ab62-b4df36713ef6","merchant_name":"BREADTALK","phone":"+62315316399","source":"MAKANAN DAN MINUMAN DI KOTA SURABAYA TAHUN 2025.geojson","source_feature_index":2041,"source_file":"data/raw/culinary/MAKANAN DAN MINUMAN DI KOTA SURABAYA TAHUN 2025.geojson","source_sha256":"0CDAE67E83D996938967A7A1C72CB2F46C94E15BCD9146E53138BA5D67E925AF","status":"BUKA","updated_at":"09/04/2026","validation_status":"valid","village":"EMBONG KALIASIN"},"type":"Feature"},{"geometry":{"coordinates":[112.7417896,-7.2653926],"type":"Point"},"properties":{"address":"JL. EMBONG WUNGU, EMBONG KALIASIN, KEC. GENTENG, SURABAYA, JAWA TIMUR 60271","analysis_version":"p0-central-v1","category_l1":"MAKANAN DAN MINUMAN","category_l2":"RESTORAN","category_l3":"NASI GORENG","collected_at":"Q4 2023","district":"GENTENG","merchant_id":"61ec1d70-6a5d-54db-913a-048fda603634","merchant_name":"NASI GORENG IWAK CAK SAN","phone":"0822-4477-5116","source":"MAKANAN DAN MINUMAN DI KOTA SURABAYA TAHUN 2025.geojson","source_feature_index":671,"source_file":"data/raw/culinary/MAKANAN DAN MINUMAN DI KOTA SURABAYA TAHUN 2025.geojson","source_sha256":"0CDAE67E83D996938967A7A1C72CB2F46C94E15BCD9146E53138BA5D67E925AF","status":"BUKA","updated_at":"27/02/2025","validation_status":"valid","village":"EMBONG KALIASIN"},"type":"Feature"},{"geometry":{"coordinates":[112.7430083,-7.2645381],"type":"Point"},"properties":{"address":"JL. TAMAN APSARI NO.7, EMBONG KALIASIN, KEC. GENTENG, SURABAYA, JAWA TIMUR 60271","analysis_version":"p0-central-v1","category_l1":"MAKANAN DAN MINUMAN","category_l2":"RESTORAN","category_l3":"NASI GORENG","collected_at":"Q4 2023","district":"GENTENG","merchant_id":"623a13ca-a2f7-5824-83bb-7c63ee6ef0b1","merchant_name":"NASI GORENG TA","phone":null,"source":"MAKANAN DAN MINUMAN DI KOTA SURABAYA TAHUN 2025.geojson","source_feature_index":670,"source_file":"data/raw/culinary/MAKANAN DAN MINUMAN DI KOTA SURABAYA TAHUN 2025.geojson","source_sha256":"0CDAE67E83D996938967A7A1C72CB2F46C94E15BCD9146E53138BA5D67E925AF","status":"BUKA","updated_at":"27/02/2025","validation_status":"valid","village":"EMBONG KALIASIN"},"type":"Feature"},{"geometry":{"coordinates":[112.72883120000007,-7.257115],"type":"Point"},"properties":{"address":"JL. TIDAR NO.84, SAWAHAN, KEC. SAWAHAN, SURABAYA, JAWA TIMUR 60251","analysis_version":"p0-central-v1","category_l1":"MAKANAN DAN MINUMAN","category_l2":"RESTORAN","category_l3":"JAJANAN","collected_at":"Q4 2023","district":"SAWAHAN","merchant_id":"63d3d1c3-c7e5-57b8-8f77-9199ae876c57","merchant_name":"TERANG BULAN VOLCANO","phone":"0812-8254-888","source":"MAKANAN DAN MINUMAN DI KOTA SURABAYA TAHUN 2025.geojson","source_feature_index":1299,"source_file":"data/raw/culinary/MAKANAN DAN MINUMAN DI KOTA SURABAYA TAHUN 2025.geojson","source_sha256":"0CDAE67E83D996938967A7A1C72CB2F46C94E15BCD9146E53138BA5D67E925AF","status":"BUKA","updated_at":"27/02/2025","validation_status":"valid","village":"SAWAHAN"},"type":"Feature"},{"geometry":{"coordinates":[112.7405406,-7.2584792],"type":"Point"},"properties":{"address":"JALAN GENTENG BESAR 6","analysis_version":"p0-central-v1","category_l1":"MAKANAN DAN MINUMAN","category_l2":"ROTI DAN KUE","category_l3":"KUE TRADISIONAL","collected_at":"Q2 2026","district":"GENTENG","merchant_id":"63ec8b92-9fb0-5b2e-aef4-fc2395038598","merchant_name":"LAPIS LEGIT SPECIAL SUKA RASA","phone":"+623170282104","source":"MAKANAN DAN MINUMAN DI KOTA SURABAYA TAHUN 2025.geojson","source_feature_index":2081,"source_file":"data/raw/culinary/MAKANAN DAN MINUMAN DI KOTA SURABAYA TAHUN 2025.geojson","source_sha256":"0CDAE67E83D996938967A7A1C72CB2F46C94E15BCD9146E53138BA5D67E925AF","status":"BUKA","updated_at":"09/04/2026","validation_status":"valid","village":"GENTENG"},"type":"Feature"},{"geometry":{"coordinates":[112.750552,-7.258363],"type":"Point"},"properties":{"address":"JL. BKR PELAJAR NO.34, KETABANG, KEC. GENTENG, SURABAYA, JAWA TIMUR 60272","analysis_version":"p0-central-v1","category_l1":"MAKANAN DAN MINUMAN","category_l2":"MINUMAN","category_l3":"COFFEESHOP","collected_at":"Q4 2023","district":"GENTENG","merchant_id":"6440e35d-d4ed-5846-a152-04f34d4d450e","merchant_name":"BE WAFFLE","phone":"0811-3545-474","source":"MAKANAN DAN MINUMAN DI KOTA SURABAYA TAHUN 2025.geojson","source_feature_index":1569,"source_file":"data/raw/culinary/MAKANAN DAN MINUMAN DI KOTA SURABAYA TAHUN 2025.geojson","source_sha256":"0CDAE67E83D996938967A7A1C72CB2F46C94E15BCD9146E53138BA5D67E925AF","status":"BUKA","updated_at":"27/02/2025","validation_status":"valid","village":"KETABANG"},"type":"Feature"},{"geometry":{"coordinates":[112.73868020000009,-7.258730599999986],"type":"Point"},"properties":{"address":"JL. TUNJUNGAN NO.39, GENTENG, KEC. GENTENG, SURABAYA, JAWA TIMUR 60275","analysis_version":"p0-central-v1","category_l1":"MAKANAN DAN MINUMAN","category_l2":"RESTORAN","category_l3":"KAFE DAN RESTO","collected_at":"Q4 2023","district":"GENTENG","merchant_id":"667a3362-bf47-57f8-a623-bebe42e3f033","merchant_name":"LOCAHANDS","phone":"0811-3351-166","source":"MAKANAN DAN MINUMAN DI KOTA SURABAYA TAHUN 2025.geojson","source_feature_index":1101,"source_file":"data/raw/culinary/MAKANAN DAN MINUMAN DI KOTA SURABAYA TAHUN 2025.geojson","source_sha256":"0CDAE67E83D996938967A7A1C72CB2F46C94E15BCD9146E53138BA5D67E925AF","status":"BUKA","updated_at":"27/02/2025","validation_status":"valid","village":"GENTENG"},"type":"Feature"},{"geometry":{"coordinates":[112.756924,-7.25897329999998],"type":"Point"},"properties":{"address":"JL. KALASAN NO.15, PACAR KELING, KEC. TAMBAKSARI, SURABAYA, JAWA TIMUR 60271","analysis_version":"p0-central-v1","category_l1":"MAKANAN DAN MINUMAN","category_l2":"MINUMAN","category_l3":"COFFEESHOP","collected_at":"Q4 2023","district":"TAMBAKSARI","merchant_id":"697aa570-8b5a-5e56-87df-e718374cc1e8","merchant_name":"DJOEDJOEGAN COFFEESHOP","phone":"0856-3320-722","source":"MAKANAN DAN MINUMAN DI KOTA SURABAYA TAHUN 2025.geojson","source_feature_index":1603,"source_file":"data/raw/culinary/MAKANAN DAN MINUMAN DI KOTA SURABAYA TAHUN 2025.geojson","source_sha256":"0CDAE67E83D996938967A7A1C72CB2F46C94E15BCD9146E53138BA5D67E925AF","status":"BUKA","updated_at":"27/02/2025","validation_status":"valid","village":"PACARKELING"},"type":"Feature"},{"geometry":{"coordinates":[112.73653410000009,-7.256937499999935],"type":"Point"},"properties":{"address":"JL. TUNJUNGAN NO.12, GENTENG, KEC. GENTENG, SURABAYA, JAWA TIMUR 60275","analysis_version":"p0-central-v1","category_l1":"MAKANAN DAN MINUMAN","category_l2":"MINUMAN","category_l3":"COFFEESHOP","collected_at":"Q4 2023","district":"GENTENG","merchant_id":"69837e6c-8008-54b5-a6cf-6d0cb002b3ba","merchant_name":"THE KOFFEE SURABAYA","phone":"0811-3200-5314","source":"MAKANAN DAN MINUMAN DI KOTA SURABAYA TAHUN 2025.geojson","source_feature_index":138,"source_file":"data/raw/culinary/MAKANAN DAN MINUMAN DI KOTA SURABAYA TAHUN 2025.geojson","source_sha256":"0CDAE67E83D996938967A7A1C72CB2F46C94E15BCD9146E53138BA5D67E925AF","status":"BUKA","updated_at":"27/02/2025","validation_status":"valid","village":"GENTENG"},"type":"Feature"},{"geometry":{"coordinates":[112.74960890000011,-7.273489499999926],"type":"Point"},"properties":{"address":"JL. JAWA NO.41, GUBENG, KEC. GUBENG, SURABAYA, JAWA TIMUR 60281","analysis_version":"p0-central-v1","category_l1":"MAKANAN DAN MINUMAN","category_l2":"MINUMAN","category_l3":"COFFEESHOP","collected_at":"Q4 2023","district":"GUBENG","merchant_id":"6a8be02e-7635-56e6-b25e-cdc0bc35d6b0","merchant_name":"TENTWO COFFEE & KINDNESS","phone":"0817-0311-2860","source":"MAKANAN DAN MINUMAN DI KOTA SURABAYA TAHUN 2025.geojson","source_feature_index":132,"source_file":"data/raw/culinary/MAKANAN DAN MINUMAN DI KOTA SURABAYA TAHUN 2025.geojson","source_sha256":"0CDAE67E83D996938967A7A1C72CB2F46C94E15BCD9146E53138BA5D67E925AF","status":"BUKA","updated_at":"27/02/2025","validation_status":"valid","village":"GUBENG"},"type":"Feature"},{"geometry":{"coordinates":[112.73160550000011,-7.262143599999945],"type":"Point"},"properties":{"address":"JL. KEDUNGDORO VI NO.117, SAWAHAN, KEC. SAWAHAN, SURABAYA, JAWA TIMUR 60251","analysis_version":"p0-central-v1","category_l1":"MAKANAN DAN MINUMAN","category_l2":"RESTORAN","category_l3":"MIE DAN BAKSO","collected_at":"Q4 2023","district":"SAWAHAN","merchant_id":"6acebebd-51b7-5100-923a-d27036c0eab9","merchant_name":"PANGSIT MIE MAHKOTA","phone":"0857-3391-4446","source":"MAKANAN DAN MINUMAN DI KOTA SURABAYA TAHUN 2025.geojson","source_feature_index":791,"source_file":"data/raw/culinary/MAKANAN DAN MINUMAN DI KOTA SURABAYA TAHUN 2025.geojson","source_sha256":"0CDAE67E83D996938967A7A1C72CB2F46C94E15BCD9146E53138BA5D67E925AF","status":"BUKA","updated_at":"27/02/2025","validation_status":"valid","village":"SAWAHAN"},"type":"Feature"},{"geometry":{"coordinates":[112.73977660000003,-7.266459],"type":"Point"},"properties":{"address":"JL. PREGOLAN NO.4, TEGALSARI, KEC. TEGALSARI, SURABAYA, JAWA TIMUR 60262","analysis_version":"p0-central-v1","category_l1":"MAKANAN DAN MINUMAN","category_l2":"MINUMAN","category_l3":"COFFEESHOP","collected_at":"Q4 2023","district":"TEGALSARI","merchant_id":"6c8137e7-a89d-5140-a851-700705541378","merchant_name":"NOACH CAFE AND BISTRO","phone":"(031) 5311360","source":"MAKANAN DAN MINUMAN DI KOTA SURABAYA TAHUN 2025.geojson","source_feature_index":2,"source_file":"data/raw/culinary/MAKANAN DAN MINUMAN DI KOTA SURABAYA TAHUN 2025.geojson","source_sha256":"0CDAE67E83D996938967A7A1C72CB2F46C94E15BCD9146E53138BA5D67E925AF","status":"BUKA","updated_at":"27/02/2025","validation_status":"valid","village":"TEGALSARI"},"type":"Feature"},{"geometry":{"coordinates":[112.73457889999999,-7.2635671],"type":"Point"},"properties":{"address":"KEDUNGDORO, KEC. TEGALSARI, SURABAYA, JAWA TIMUR","analysis_version":"p0-central-v1","category_l1":"MAKANAN DAN MINUMAN","category_l2":"MINUMAN","category_l3":"ES KRIM DAN DESSERT","collected_at":"Q4 2023","district":"TEGALSARI","merchant_id":"6d3e4a03-7c9c-587e-80e9-037bc1903894","merchant_name":"MIXUE ICE CREAM & TEA - TEGALSARI","phone":null,"source":"MAKANAN DAN MINUMAN DI KOTA SURABAYA TAHUN 2025.geojson","source_feature_index":26,"source_file":"data/raw/culinary/MAKANAN DAN MINUMAN DI KOTA SURABAYA TAHUN 2025.geojson","source_sha256":"0CDAE67E83D996938967A7A1C72CB2F46C94E15BCD9146E53138BA5D67E925AF","status":"BUKA","updated_at":"27/02/2025","validation_status":"valid","village":"KEDUNGDORO"},"type":"Feature"},{"geometry":{"coordinates":[112.7392637,-7.2587161],"type":"Point"},"properties":{"address":"JL. GENTENG BESAR NO.65-G, GENTENG, KEC. GENTENG, SURABAYA, JAWA TIMUR 60275","analysis_version":"p0-central-v1","category_l1":"MAKANAN DAN MINUMAN","category_l2":"RESTORAN","category_l3":"SEAFOOD","collected_at":"Q4 2023","district":"GENTENG","merchant_id":"6ec7493e-f72d-532a-9e10-38aa96e93bbf","merchant_name":"SEAFOOD GENTENG BESAR MURAH","phone":null,"source":"MAKANAN DAN MINUMAN DI KOTA SURABAYA TAHUN 2025.geojson","source_feature_index":281,"source_file":"data/raw/culinary/MAKANAN DAN MINUMAN DI KOTA SURABAYA TAHUN 2025.geojson","source_sha256":"0CDAE67E83D996938967A7A1C72CB2F46C94E15BCD9146E53138BA5D67E925AF","status":"BUKA","updated_at":"27/02/2025","validation_status":"valid","village":"GENTENG"},"type":"Feature"},{"geometry":{"coordinates":[112.74237820000009,-7.264730099999944],"type":"Point"},"properties":{"address":"PERT DARMO PARK I BL 4-B/3, 60256, EMBONG KALIASIN, KEC. GENTENG, SURABAYA, JAWA TIMUR 60271","analysis_version":"p0-central-v1","category_l1":"MAKANAN DAN MINUMAN","category_l2":"RESTORAN","category_l3":"CEPAT SAJI","collected_at":"Q4 2023","district":"GENTENG","merchant_id":"6eceeca8-c5ad-5c3f-9d96-8ae0c2c83611","merchant_name":"BURGER KING - BASUKI RAHMAT","phone":"1 500 025","source":"MAKANAN DAN MINUMAN DI KOTA SURABAYA TAHUN 2025.geojson","source_feature_index":1199,"source_file":"data/raw/culinary/MAKANAN DAN MINUMAN DI KOTA SURABAYA TAHUN 2025.geojson","source_sha256":"0CDAE67E83D996938967A7A1C72CB2F46C94E15BCD9146E53138BA5D67E925AF","status":"BUKA","updated_at":"27/02/2025","validation_status":"valid","village":"EMBONG KALIASIN"},"type":"Feature"},{"geometry":{"coordinates":[112.7398224000001,-7.266186699999928],"type":"Point"},"properties":{"address":"JL. PREGOLAN NO.2, TEGALSARI, KEC. TEGALSARI, SURABAYA, JAWA TIMUR 60262","analysis_version":"p0-central-v1","category_l1":"MAKANAN DAN MINUMAN","category_l2":"MINUMAN","category_l3":"COFFEESHOP","collected_at":"Q4 2023","district":"TEGALSARI","merchant_id":"6f0ebc89-fb64-5224-b0f5-905b734f2964","merchant_name":"BONCAFE PREGOLAN","phone":"(031) 5343018","source":"MAKANAN DAN MINUMAN DI KOTA SURABAYA TAHUN 2025.geojson","source_feature_index":1323,"source_file":"data/raw/culinary/MAKANAN DAN MINUMAN DI KOTA SURABAYA TAHUN 2025.geojson","source_sha256":"0CDAE67E83D996938967A7A1C72CB2F46C94E15BCD9146E53138BA5D67E925AF","status":"BUKA","updated_at":"27/02/2025","validation_status":"valid","village":"TEGALSARI"},"type":"Feature"},{"geometry":{"coordinates":[112.74161830000003,-7.264287799999977],"type":"Point"},"properties":{"address":"JL. BASUKI RAHMAT NO.23, BELAKANG MCD, KEC. GENTENG, SURABAYA, JAWA TIMUR 60261","analysis_version":"p0-central-v1","category_l1":"MAKANAN DAN MINUMAN","category_l2":"MINUMAN","category_l3":"COFFEESHOP","collected_at":"Q4 2023","district":"GENTENG","merchant_id":"6fc41c52-1593-5ca6-8d45-26575595ed57","merchant_name":"COFFEE TGC","phone":"0812-3778-7875","source":"MAKANAN DAN MINUMAN DI KOTA SURABAYA TAHUN 2025.geojson","source_feature_index":1596,"source_file":"data/raw/culinary/MAKANAN DAN MINUMAN DI KOTA SURABAYA TAHUN 2025.geojson","source_sha256":"0CDAE67E83D996938967A7A1C72CB2F46C94E15BCD9146E53138BA5D67E925AF","status":"BUKA","updated_at":"27/02/2025","validation_status":"valid","village":"EMBONG KALIASIN"},"type":"Feature"},{"geometry":{"coordinates":[112.74881440000001,-7.261207499999955],"type":"Point"},"properties":{"address":"JL. WALIKOTA MUSTAJAB NO.67 - 69, KETABANG, KEC. GENTENG, SURABAYA, JAWA TIMUR 60272","analysis_version":"p0-central-v1","category_l1":"MAKANAN DAN MINUMAN","category_l2":"MINUMAN","category_l3":"COFFEESHOP","collected_at":"Q4 2023","district":"GENTENG","merchant_id":"707cda4f-df5a-5488-90e8-e94fa9f678d2","merchant_name":"CALIBRE COFFEE ROASTERS","phone":"0812-2941-8452","source":"MAKANAN DAN MINUMAN DI KOTA SURABAYA TAHUN 2025.geojson","source_feature_index":1588,"source_file":"data/raw/culinary/MAKANAN DAN MINUMAN DI KOTA SURABAYA TAHUN 2025.geojson","source_sha256":"0CDAE67E83D996938967A7A1C72CB2F46C94E15BCD9146E53138BA5D67E925AF","status":"BUKA","updated_at":"27/02/2025","validation_status":"valid","village":"KETABANG"},"type":"Feature"},{"geometry":{"coordinates":[112.73318490000008,-7.254546],"type":"Point"},"properties":{"address":"JL. KOBLEN KIDUL NO.47, BUBUTAN, SURABAYA, EAST JAVA 60174","analysis_version":"p0-central-v1","category_l1":"MAKANAN DAN MINUMAN","category_l2":"RESTORAN","category_l3":"RESTORAN KOREA","collected_at":"Q4 2023","district":"BUBUTAN","merchant_id":"73382d3d-6981-5b94-b22d-4975187a7344","merchant_name":"CHEON- BG JUNCTION (GROUND LEVEL)","phone":null,"source":"MAKANAN DAN MINUMAN DI KOTA SURABAYA TAHUN 2025.geojson","source_feature_index":968,"source_file":"data/raw/culinary/MAKANAN DAN MINUMAN DI KOTA SURABAYA TAHUN 2025.geojson","source_sha256":"0CDAE67E83D996938967A7A1C72CB2F46C94E15BCD9146E53138BA5D67E925AF","status":"BUKA","updated_at":"27/02/2025","validation_status":"valid","village":"BUBUTAN"},"type":"Feature"},{"geometry":{"coordinates":[112.746315,-7.273211],"type":"Point"},"properties":{"address":"JL. KARIMUN JAWA NO.25-27, GUBENG, KEC. GUBENG, SURABAYA, JAWA TIMUR 60281","analysis_version":"p0-central-v1","category_l1":"MAKANAN DAN MINUMAN","category_l2":"MINUMAN","category_l3":"ES KRIM DAN DESSERT","collected_at":"Q4 2023","district":"GUBENG","merchant_id":"73943c0b-200e-5055-b3c2-1430b26ef02a","merchant_name":"LA RICCHI ICE CREAM","phone":"0851-0561-8111","source":"MAKANAN DAN MINUMAN DI KOTA SURABAYA TAHUN 2025.geojson","source_feature_index":32,"source_file":"data/raw/culinary/MAKANAN DAN MINUMAN DI KOTA SURABAYA TAHUN 2025.geojson","source_sha256":"0CDAE67E83D996938967A7A1C72CB2F46C94E15BCD9146E53138BA5D67E925AF","status":"BUKA","updated_at":"27/02/2025","validation_status":"valid","village":"GUBENG"},"type":"Feature"},{"geometry":{"coordinates":[112.73902170000008,-7.262879299999949],"type":"Point"},"properties":{"address":"JL. BASUKI RAHMAT NO.8-12, KEDUNGDORO, KEC. TEGALSARI, SURABAYA, JAWA TIMUR 60261","analysis_version":"p0-central-v1","category_l1":"MAKANAN DAN MINUMAN","category_l2":"RESTORAN","category_l3":"STEAK DAN BBQ","collected_at":"Q4 2023","district":"TEGALSARI","merchant_id":"748bd2d5-8673-5945-a6e0-2920ba518fe2","merchant_name":"AMERICAN GRILL","phone":"(031) 5310023","source":"MAKANAN DAN MINUMAN DI KOTA SURABAYA TAHUN 2025.geojson","source_feature_index":1298,"source_file":"data/raw/culinary/MAKANAN DAN MINUMAN DI KOTA SURABAYA TAHUN 2025.geojson","source_sha256":"0CDAE67E83D996938967A7A1C72CB2F46C94E15BCD9146E53138BA5D67E925AF","status":"BUKA","updated_at":"27/02/2025","validation_status":"valid","village":"KEDUNGDORO"},"type":"Feature"},{"geometry":{"coordinates":[112.7488083,-7.2646381],"type":"Point"},"properties":{"address":"JALAN PEMUDA 33","analysis_version":"p0-central-v1","category_l1":"MAKANAN DAN MINUMAN","category_l2":"ROTI DAN KUE","category_l3":"ROTI","collected_at":"Q2 2026","district":"GENTENG","merchant_id":"74990993-0f83-5d82-8534-5b2d89b6836b","merchant_name":"PARISIENNE","phone":"+6281331877077","source":"MAKANAN DAN MINUMAN DI KOTA SURABAYA TAHUN 2025.geojson","source_feature_index":2059,"source_file":"data/raw/culinary/MAKANAN DAN MINUMAN DI KOTA SURABAYA TAHUN 2025.geojson","source_sha256":"0CDAE67E83D996938967A7A1C72CB2F46C94E15BCD9146E53138BA5D67E925AF","status":"BUKA","updated_at":"09/04/2026","validation_status":"valid","village":"EMBONG KALIASIN"},"type":"Feature"},{"geometry":{"coordinates":[112.74343490000001,-7.274674199999936],"type":"Point"},"properties":{"address":"NO., JL. URIP SUMOHARJO NO.37, KEPUTRAN, KEC. TEGALSARI, SURABAYA, JAWA TIMUR 60265","analysis_version":"p0-central-v1","category_l1":"MAKANAN DAN MINUMAN","category_l2":"RESTORAN","category_l3":"RESTORAN PADANG","collected_at":"Q4 2023","district":"TEGALSARI","merchant_id":"75fa5d96-811f-5e0a-97b1-0845d4b34c87","merchant_name":"MASAKAN PADANG GADIH MINANG","phone":"0812-1726-8590","source":"MAKANAN DAN MINUMAN DI KOTA SURABAYA TAHUN 2025.geojson","source_feature_index":170,"source_file":"data/raw/culinary/MAKANAN DAN MINUMAN DI KOTA SURABAYA TAHUN 2025.geojson","source_sha256":"0CDAE67E83D996938967A7A1C72CB2F46C94E15BCD9146E53138BA5D67E925AF","status":"BUKA","updated_at":"27/02/2025","validation_status":"valid","village":"KEPUTRAN"},"type":"Feature"},{"geometry":{"coordinates":[112.75020060000008,-7.269365399999964],"type":"Point"},"properties":{"address":"JL. SUMATERA NO.35, GUBENG, KEC. GUBENG, SURABAYA, JAWA TIMUR 60281","analysis_version":"p0-central-v1","category_l1":"MAKANAN DAN MINUMAN","category_l2":"RESTORAN","category_l3":"KAFE DAN RESTO","collected_at":"Q4 2023","district":"GUBENG","merchant_id":"76a2efb0-3ab7-5544-9c9a-aa6a5301ec15","merchant_name":"DOMICILE KITCHEN AND LOUNGE","phone":"(031) 5016900","source":"MAKANAN DAN MINUMAN DI KOTA SURABAYA TAHUN 2025.geojson","source_feature_index":1187,"source_file":"data/raw/culinary/MAKANAN DAN MINUMAN DI KOTA SURABAYA TAHUN 2025.geojson","source_sha256":"0CDAE67E83D996938967A7A1C72CB2F46C94E15BCD9146E53138BA5D67E925AF","status":"BUKA","updated_at":"27/02/2025","validation_status":"valid","village":"GUBENG"},"type":"Feature"},{"geometry":{"coordinates":[112.7416,-7.2683346],"type":"Point"},"properties":{"address":"JALAN BASUKI RAHMAT 79","analysis_version":"p0-central-v1","category_l1":"MAKANAN DAN MINUMAN","category_l2":"ROTI DAN KUE","category_l3":"DONAT","collected_at":"Q2 2026","district":"GENTENG","merchant_id":"7708f784-f18a-5f56-b9eb-5cfea7d50992","merchant_name":"DUNKIN' DONUTS","phone":"+62315310816","source":"MAKANAN DAN MINUMAN DI KOTA SURABAYA TAHUN 2025.geojson","source_feature_index":2037,"source_file":"data/raw/culinary/MAKANAN DAN MINUMAN DI KOTA SURABAYA TAHUN 2025.geojson","source_sha256":"0CDAE67E83D996938967A7A1C72CB2F46C94E15BCD9146E53138BA5D67E925AF","status":"BUKA","updated_at":"09/04/2026","validation_status":"valid","village":"EMBONG KALIASIN"},"type":"Feature"},{"geometry":{"coordinates":[112.7413632,-7.2638694],"type":"Point"},"properties":{"address":"JL. SIMPANG POJOK, EMBONG KALIASIN, KEC. GENTENG, SURABAYA, JAWA TIMUR 60271","analysis_version":"p0-central-v1","category_l1":"MAKANAN DAN MINUMAN","category_l2":"RESTORAN","category_l3":"NASI GORENG","collected_at":"Q4 2023","district":"GENTENG","merchant_id":"78a2cdc1-a128-52d3-83bb-f178f7cadabb","merchant_name":"NASI GORENG PAK BRENG","phone":"0857-0673-5618","source":"MAKANAN DAN MINUMAN DI KOTA SURABAYA TAHUN 2025.geojson","source_feature_index":681,"source_file":"data/raw/culinary/MAKANAN DAN MINUMAN DI KOTA SURABAYA TAHUN 2025.geojson","source_sha256":"0CDAE67E83D996938967A7A1C72CB2F46C94E15BCD9146E53138BA5D67E925AF","status":"BUKA","updated_at":"27/02/2025","validation_status":"valid","village":"EMBONG KALIASIN"},"type":"Feature"},{"geometry":{"coordinates":[112.73912230000008,-7.261910199999932],"type":"Point"},"properties":{"address":"TUNJUNGAN PLAZA 4 LT.5 UNIT 7-21, JL. EMBONG MALANG NO.7-21, KEDUNGDORO, KEC. TEGALSARI, SURABAYA, JAWA TIMUR 60261","analysis_version":"p0-central-v1","category_l1":"MAKANAN DAN MINUMAN","category_l2":"RESTORAN","category_l3":"SUSHI","collected_at":"Q4 2023","district":"TEGALSARI","merchant_id":"79c19a43-5cb6-58f4-8693-21503c887c3c","merchant_name":"GENKI SUSHI - TUNJUNGAN PLAZA 4","phone":"(031) 5323796","source":"MAKANAN DAN MINUMAN DI KOTA SURABAYA TAHUN 2025.geojson","source_feature_index":928,"source_file":"data/raw/culinary/MAKANAN DAN MINUMAN DI KOTA SURABAYA TAHUN 2025.geojson","source_sha256":"0CDAE67E83D996938967A7A1C72CB2F46C94E15BCD9146E53138BA5D67E925AF","status":"BUKA","updated_at":"27/02/2025","validation_status":"valid","village":"KEDUNGDORO"},"type":"Feature"},{"geometry":{"coordinates":[112.7313695,-7.2660576],"type":"Point"},"properties":{"address":"JL. KEDUNGSARI NO.76, KEDUNGDORO, TEGALSARI, SURABAYA, EAST JAVA 60263","analysis_version":"p0-central-v1","category_l1":"MAKANAN DAN MINUMAN","category_l2":"RESTORAN","category_l3":"CEPAT SAJI","collected_at":"Q4 2023","district":"TEGALSARI","merchant_id":"79e1b60a-acd2-58fb-85c9-ace67a33f478","merchant_name":"SHIRATO BY DAILYBOX KEDUNGSARI","phone":null,"source":"MAKANAN DAN MINUMAN DI KOTA SURABAYA TAHUN 2025.geojson","source_feature_index":1499,"source_file":"data/raw/culinary/MAKANAN DAN MINUMAN DI KOTA SURABAYA TAHUN 2025.geojson","source_sha256":"0CDAE67E83D996938967A7A1C72CB2F46C94E15BCD9146E53138BA5D67E925AF","status":"BUKA","updated_at":"27/02/2025","validation_status":"valid","village":"KEDUNGDORO"},"type":"Feature"},{"geometry":{"coordinates":[112.74214660000007,-7.266495099999929],"type":"Point"},"properties":{"address":"JL. EMBONG SAWO NO.24, EMBONG KALIASIN, KEC. GENTENG, SURABAYA, JAWA TIMUR 60271","analysis_version":"p0-central-v1","category_l1":"MAKANAN DAN MINUMAN","category_l2":"MINUMAN","category_l3":"COFFEESHOP","collected_at":"Q4 2023","district":"GENTENG","merchant_id":"7a30901e-48c6-5395-a635-ad39d4314c27","merchant_name":"ROEST'S CAFE","phone":"(031) 5484969","source":"MAKANAN DAN MINUMAN DI KOTA SURABAYA TAHUN 2025.geojson","source_feature_index":896,"source_file":"data/raw/culinary/MAKANAN DAN MINUMAN DI KOTA SURABAYA TAHUN 2025.geojson","source_sha256":"0CDAE67E83D996938967A7A1C72CB2F46C94E15BCD9146E53138BA5D67E925AF","status":"BUKA","updated_at":"27/02/2025","validation_status":"valid","village":"EMBONG KALIASIN"},"type":"Feature"},{"geometry":{"coordinates":[112.7491491,-7.2654603],"type":"Point"},"properties":{"address":"JL. PEMUDA NO.27-31, EMBONG KALIASIN, KEC. GENTENG, SURABAYA, JAWA TIMUR 60271","analysis_version":"p0-central-v1","category_l1":"MAKANAN DAN MINUMAN","category_l2":"RESTORAN","category_l3":"CEPAT SAJI","collected_at":"Q4 2023","district":"GENTENG","merchant_id":"7b35ac00-1816-5ee5-b7ea-89ff42cababf","merchant_name":"MCDONALD'S - PLAZA SURABAYA","phone":"0811-9790-221","source":"MAKANAN DAN MINUMAN DI KOTA SURABAYA TAHUN 2025.geojson","source_feature_index":1558,"source_file":"data/raw/culinary/MAKANAN DAN MINUMAN DI KOTA SURABAYA TAHUN 2025.geojson","source_sha256":"0CDAE67E83D996938967A7A1C72CB2F46C94E15BCD9146E53138BA5D67E925AF","status":"BUKA","updated_at":"27/02/2025","validation_status":"valid","village":"EMBONG KALIASIN"},"type":"Feature"},{"geometry":{"coordinates":[112.741941,-7.270159],"type":"Point"},"properties":{"address":"JL. BASUKI RAHMAT NO.109I, EMBONG KALIASIN, KEC. GENTENG, SURABAYA, JAWA TIMUR 60271","analysis_version":"p0-central-v1","category_l1":"MAKANAN DAN MINUMAN","category_l2":"RESTORAN","category_l3":"SEAFOOD","collected_at":"Q4 2023","district":"GENTENG","merchant_id":"7c1466f7-35fc-5f59-8b5c-246d43149267","merchant_name":"KEDAI D' BASRA","phone":"(031) 70028338","source":"MAKANAN DAN MINUMAN DI KOTA SURABAYA TAHUN 2025.geojson","source_feature_index":288,"source_file":"data/raw/culinary/MAKANAN DAN MINUMAN DI KOTA SURABAYA TAHUN 2025.geojson","source_sha256":"0CDAE67E83D996938967A7A1C72CB2F46C94E15BCD9146E53138BA5D67E925AF","status":"BUKA","updated_at":"27/02/2025","validation_status":"valid","village":"EMBONG KALIASIN"},"type":"Feature"},{"geometry":{"coordinates":[112.7426011,-7.2651675],"type":"Point"},"properties":{"address":"JL. TAMAN APSARI NO.25, EMBONG KALIASIN, KEC. GENTENG, SURABAYA, JAWA TIMUR 60271","analysis_version":"p0-central-v1","category_l1":"MAKANAN DAN MINUMAN","category_l2":"RESTORAN","category_l3":"NASI GORENG","collected_at":"Q4 2023","district":"GENTENG","merchant_id":"7c6a48aa-4c80-52a1-90b2-d93bf4587731","merchant_name":"NASI GORENG PAK KUMIS","phone":"0858-5264-6440","source":"MAKANAN DAN MINUMAN DI KOTA SURABAYA TAHUN 2025.geojson","source_feature_index":619,"source_file":"data/raw/culinary/MAKANAN DAN MINUMAN DI KOTA SURABAYA TAHUN 2025.geojson","source_sha256":"0CDAE67E83D996938967A7A1C72CB2F46C94E15BCD9146E53138BA5D67E925AF","status":"BUKA","updated_at":"27/02/2025","validation_status":"valid","village":"EMBONG KALIASIN"},"type":"Feature"},{"geometry":{"coordinates":[112.75173,-7.264020499999958],"type":"Point"},"properties":{"address":"ANGGREK NO.5, KETABANG, KEC. GENTENG, SURABAYA, JAWA TIMUR 60272","analysis_version":"p0-central-v1","category_l1":"MAKANAN DAN MINUMAN","category_l2":"MINUMAN","category_l3":"COFFEESHOP","collected_at":"Q4 2023","district":"GENTENG","merchant_id":"7df48769-092b-5f6c-849d-ca1089150367","merchant_name":"BRAPP COFFEE","phone":"0822-3393-2882","source":"MAKANAN DAN MINUMAN DI KOTA SURABAYA TAHUN 2025.geojson","source_feature_index":1571,"source_file":"data/raw/culinary/MAKANAN DAN MINUMAN DI KOTA SURABAYA TAHUN 2025.geojson","source_sha256":"0CDAE67E83D996938967A7A1C72CB2F46C94E15BCD9146E53138BA5D67E925AF","status":"BUKA","updated_at":"27/02/2025","validation_status":"valid","village":"KETABANG"},"type":"Feature"},{"geometry":{"coordinates":[112.7461219,-7.2634139],"type":"Point"},"properties":{"address":"JL. YOS SUDARSO NO.15, EMBONG KALIASIN, KEC. GENTENG, SURABAYA, JAWA TIMUR 60271","analysis_version":"p0-central-v1","category_l1":"MAKANAN DAN MINUMAN","category_l2":"MINUMAN","category_l3":"ES KRIM DAN DESSERT","collected_at":"Q4 2023","district":"GENTENG","merchant_id":"7ebb1e8c-8243-50ab-abdc-0300eebfbe5a","merchant_name":"ZANGRANDI ICE CREAM","phone":"(031) 5345820","source":"MAKANAN DAN MINUMAN DI KOTA SURABAYA TAHUN 2025.geojson","source_feature_index":12,"source_file":"data/raw/culinary/MAKANAN DAN MINUMAN DI KOTA SURABAYA TAHUN 2025.geojson","source_sha256":"0CDAE67E83D996938967A7A1C72CB2F46C94E15BCD9146E53138BA5D67E925AF","status":"BUKA","updated_at":"27/02/2025","validation_status":"valid","village":"EMBONG KALIASIN"},"type":"Feature"},{"geometry":{"coordinates":[112.7526986,-7.2653851],"type":"Point"},"properties":{"address":"JL. GUBENG MASJID, PACAR KELING, KEC. TAMBAKSARI, SURABAYA, JAWA TIMUR 60131","analysis_version":"p0-central-v1","category_l1":"MAKANAN DAN MINUMAN","category_l2":"RESTORAN","category_l3":"RESTORAN THAILAND","collected_at":"Q4 2023","district":"TAMBAKSARI","merchant_id":"7f07ebb6-3b4f-5473-b7b0-19312661bc8d","merchant_name":"NONG CHA PREMIUM THAI TEA","phone":null,"source":"MAKANAN DAN MINUMAN DI KOTA SURABAYA TAHUN 2025.geojson","source_feature_index":321,"source_file":"data/raw/culinary/MAKANAN DAN MINUMAN DI KOTA SURABAYA TAHUN 2025.geojson","source_sha256":"0CDAE67E83D996938967A7A1C72CB2F46C94E15BCD9146E53138BA5D67E925AF","status":"BUKA","updated_at":"27/02/2025","validation_status":"valid","village":"PACARKELING"},"type":"Feature"},{"geometry":{"coordinates":[112.738032,-7.265558499999941],"type":"Point"},"properties":{"address":"JL. TEGALSARI NO.24, KEDUNGDORO, KEC. TEGALSARI, SURABAYA, JAWA TIMUR 60262","analysis_version":"p0-central-v1","category_l1":"MAKANAN DAN MINUMAN","category_l2":"MINUMAN","category_l3":"COFFEESHOP","collected_at":"Q4 2023","district":"TEGALSARI","merchant_id":"7ffa8887-9b5f-562f-9e61-15a93c935ac5","merchant_name":"ADA APA DENGAN KOPI (AADK)","phone":"0899-8000-099","source":"MAKANAN DAN MINUMAN DI KOTA SURABAYA TAHUN 2025.geojson","source_feature_index":1606,"source_file":"data/raw/culinary/MAKANAN DAN MINUMAN DI KOTA SURABAYA TAHUN 2025.geojson","source_sha256":"0CDAE67E83D996938967A7A1C72CB2F46C94E15BCD9146E53138BA5D67E925AF","status":"BUKA","updated_at":"27/02/2025","validation_status":"valid","village":"KEDUNGDORO"},"type":"Feature"},{"geometry":{"coordinates":[112.75242240000011,-7.265693399999975],"type":"Point"},"properties":{"address":"JL. GUBENG MASJID, PACAR KELING, KEC. TAMBAKSARI, SURABAYA, JAWA TIMUR 60131","analysis_version":"p0-central-v1","category_l1":"MAKANAN DAN MINUMAN","category_l2":"MINUMAN","category_l3":"COFFEESHOP","collected_at":"Q4 2023","district":"TAMBAKSARI","merchant_id":"814a8e4c-6a53-537d-aa48-e492aa9186ea","merchant_name":"LOKO CAFE SURABAYA","phone":"0811-1754-504","source":"MAKANAN DAN MINUMAN DI KOTA SURABAYA TAHUN 2025.geojson","source_feature_index":877,"source_file":"data/raw/culinary/MAKANAN DAN MINUMAN DI KOTA SURABAYA TAHUN 2025.geojson","source_sha256":"0CDAE67E83D996938967A7A1C72CB2F46C94E15BCD9146E53138BA5D67E925AF","status":"BUKA","updated_at":"27/02/2025","validation_status":"valid","village":"PACARKELING"},"type":"Feature"},{"geometry":{"coordinates":[112.7522008,-7.2679189],"type":"Point"},"properties":{"address":"JL. GUBENG MASJID NO.65, GUBENG, KEC. GUBENG, SURABAYA, JAWA TIMUR 60281","analysis_version":"p0-central-v1","category_l1":"MAKANAN DAN MINUMAN","category_l2":"RESTORAN","category_l3":"NASI GORENG","collected_at":"Q4 2023","district":"GUBENG","merchant_id":"81a767d1-2760-535d-89b3-7db20b080f37","merchant_name":"WARUNG NASI GORENG CAK RIE","phone":"0878-5332-2444","source":"MAKANAN DAN MINUMAN DI KOTA SURABAYA TAHUN 2025.geojson","source_feature_index":640,"source_file":"data/raw/culinary/MAKANAN DAN MINUMAN DI KOTA SURABAYA TAHUN 2025.geojson","source_sha256":"0CDAE67E83D996938967A7A1C72CB2F46C94E15BCD9146E53138BA5D67E925AF","status":"BUKA","updated_at":"27/02/2025","validation_status":"valid","village":"GUBENG"},"type":"Feature"},{"geometry":{"coordinates":[112.72950480000009,-7.258249299999932],"type":"Point"},"properties":{"address":"JL. ANJASMORO NO.32, SAWAHAN, KEC. SAWAHAN, SURABAYA, JAWA TIMUR 60251","analysis_version":"p0-central-v1","category_l1":"MAKANAN DAN MINUMAN","category_l2":"MINUMAN","category_l3":"COFFEESHOP","collected_at":"Q4 2023","district":"SAWAHAN","merchant_id":"826ee2e5-68c1-55ff-86b5-48789b4c5695","merchant_name":"CATURRA ESPRESSO","phone":"0813-5825-6664","source":"MAKANAN DAN MINUMAN DI KOTA SURABAYA TAHUN 2025.geojson","source_feature_index":1589,"source_file":"data/raw/culinary/MAKANAN DAN MINUMAN DI KOTA SURABAYA TAHUN 2025.geojson","source_sha256":"0CDAE67E83D996938967A7A1C72CB2F46C94E15BCD9146E53138BA5D67E925AF","status":"BUKA","updated_at":"27/02/2025","validation_status":"valid","village":"SAWAHAN"},"type":"Feature"},{"geometry":{"coordinates":[112.73767930000008,-7.265491699999921],"type":"Point"},"properties":{"address":"JL. TEGALSARI NO.32, KEDUNGDORO, TEGALSARI, SURABAYA, EAST JAVA 60262","analysis_version":"p0-central-v1","category_l1":"MAKANAN DAN MINUMAN","category_l2":"RESTORAN","category_l3":"CEPAT SAJI","collected_at":"Q4 2023","district":"TEGALSARI","merchant_id":"82971269-1beb-5917-9a9f-3cc012713b52","merchant_name":"BURGER HUB","phone":"0812-1670-6677","source":"MAKANAN DAN MINUMAN DI KOTA SURABAYA TAHUN 2025.geojson","source_feature_index":1194,"source_file":"data/raw/culinary/MAKANAN DAN MINUMAN DI KOTA SURABAYA TAHUN 2025.geojson","source_sha256":"0CDAE67E83D996938967A7A1C72CB2F46C94E15BCD9146E53138BA5D67E925AF","status":"BUKA","updated_at":"27/02/2025","validation_status":"valid","village":"KEDUNGDORO"},"type":"Feature"},{"geometry":{"coordinates":[112.7435097,-7.2547662],"type":"Point"},"properties":{"address":"JL. UNDAAN KULON NO.15, PENELEH, GENTENG, SURABAYA, EAST JAVA 60274","analysis_version":"p0-central-v1","category_l1":"MAKANAN DAN MINUMAN","category_l2":"RESTORAN","category_l3":"SEAFOOD","collected_at":"Q4 2023","district":"GENTENG","merchant_id":"835aaa25-a0fb-503b-b737-f3b5d4ed85d8","merchant_name":"SEAFOOD BANG ROFIQ","phone":null,"source":"MAKANAN DAN MINUMAN DI KOTA SURABAYA TAHUN 2025.geojson","source_feature_index":301,"source_file":"data/raw/culinary/MAKANAN DAN MINUMAN DI KOTA SURABAYA TAHUN 2025.geojson","source_sha256":"0CDAE67E83D996938967A7A1C72CB2F46C94E15BCD9146E53138BA5D67E925AF","status":"BUKA","updated_at":"27/02/2025","validation_status":"valid","village":"PENELEH"},"type":"Feature"},{"geometry":{"coordinates":[112.733829,-7.255718],"type":"Point"},"properties":{"address":"JL. BUBUTAN NO.1 - 7, BUBUTAN, KEC. BUBUTAN, SURABAYA, JAWA TIMUR 60111","analysis_version":"p0-central-v1","category_l1":"MAKANAN DAN MINUMAN","category_l2":"RESTORAN","category_l3":"CEPAT SAJI","collected_at":"Q4 2023","district":"BUBUTAN","merchant_id":"841a33e5-6305-5ff4-b214-a69e86a0ede5","merchant_name":"KFC - BG JUNCTION","phone":"(021) 14022","source":"MAKANAN DAN MINUMAN DI KOTA SURABAYA TAHUN 2025.geojson","source_feature_index":1533,"source_file":"data/raw/culinary/MAKANAN DAN MINUMAN DI KOTA SURABAYA TAHUN 2025.geojson","source_sha256":"0CDAE67E83D996938967A7A1C72CB2F46C94E15BCD9146E53138BA5D67E925AF","status":"BUKA","updated_at":"27/02/2025","validation_status":"valid","village":"BUBUTAN"},"type":"Feature"},{"geometry":{"coordinates":[112.73848580000003,-7.262009599999942],"type":"Point"},"properties":{"address":"TUNJUNGAN PLAZA 6, JL. JENDERAL BASUKI RACHMAT NO.8012, KEDUNGDORO, TEGALSARI, SURABAYA, EAST JAVA 60261","analysis_version":"p0-central-v1","category_l1":"MAKANAN DAN MINUMAN","category_l2":"RESTORAN","category_l3":"RAMEN","collected_at":"Q4 2023","district":"TEGALSARI","merchant_id":"84469957-dc36-5d3c-b54a-9652c7eb5fc4","merchant_name":"GOKANA RAMEN & TEPPAN - TUNJUNGAN PLAZA 6","phone":"(031) 87851000","source":"MAKANAN DAN MINUMAN DI KOTA SURABAYA TAHUN 2025.geojson","source_feature_index":934,"source_file":"data/raw/culinary/MAKANAN DAN MINUMAN DI KOTA SURABAYA TAHUN 2025.geojson","source_sha256":"0CDAE67E83D996938967A7A1C72CB2F46C94E15BCD9146E53138BA5D67E925AF","status":"BUKA","updated_at":"27/02/2025","validation_status":"valid","village":"KEDUNGDORO"},"type":"Feature"},{"geometry":{"coordinates":[112.7394893,-7.2635304],"type":"Point"},"properties":{"address":"TUNJUNGAN PLAZA 3, LANTAI LG, JL. BASUKI RAHMAT NO.8-12, KEDUNGDORO, KEC. TEGALSARI, SURABAYA, JAWA TIMUR 60261","analysis_version":"p0-central-v1","category_l1":"MAKANAN DAN MINUMAN","category_l2":"MINUMAN","category_l3":"MINUMAN BOBA DAN MILK TEA","collected_at":"Q4 2023","district":"TEGALSARI","merchant_id":"874423fb-1e28-510a-b572-e5eb36f2689a","merchant_name":"HAPPY LEMON TUNJUNGAN PLAZA 3","phone":"0812-8386-8463","source":"MAKANAN DAN MINUMAN DI KOTA SURABAYA TAHUN 2025.geojson","source_feature_index":535,"source_file":"data/raw/culinary/MAKANAN DAN MINUMAN DI KOTA SURABAYA TAHUN 2025.geojson","source_sha256":"0CDAE67E83D996938967A7A1C72CB2F46C94E15BCD9146E53138BA5D67E925AF","status":"BUKA","updated_at":"27/02/2025","validation_status":"valid","village":"KEDUNGDORO"},"type":"Feature"},{"geometry":{"coordinates":[112.744375,-7.2698064],"type":"Point"},"properties":{"address":"GG. BUNTU JL. EMBONG CERME NO.3, EMBONG KALIASIN, GENTENG, SURABAYA, EAST JAVA 60271","analysis_version":"p0-central-v1","category_l1":"MAKANAN DAN MINUMAN","category_l2":"MINUMAN","category_l3":"ES KRIM DAN DESSERT","collected_at":"Q4 2023","district":"GENTENG","merchant_id":"88118f06-2bc1-536b-b061-f978b9e91151","merchant_name":"FLIGHT OF FLAVOURS ICE CREAM","phone":null,"source":"MAKANAN DAN MINUMAN DI KOTA SURABAYA TAHUN 2025.geojson","source_feature_index":40,"source_file":"data/raw/culinary/MAKANAN DAN MINUMAN DI KOTA SURABAYA TAHUN 2025.geojson","source_sha256":"0CDAE67E83D996938967A7A1C72CB2F46C94E15BCD9146E53138BA5D67E925AF","status":"BUKA","updated_at":"27/02/2025","validation_status":"valid","village":"EMBONG KALIASIN"},"type":"Feature"},{"geometry":{"coordinates":[112.75263993922961,-7.265510343080282],"type":"Point"},"properties":{"address":"STASIUN SURABAYA GUBENG","analysis_version":"p0-central-v1","category_l1":"MAKANAN DAN MINUMAN","category_l2":"ROTI DAN KUE","category_l3":"DONAT","collected_at":"Q2 2026","district":"TAMBAKSARI","merchant_id":"8951a33a-325a-5a79-babf-6c3242014855","merchant_name":"DUNKIN'","phone":null,"source":"MAKANAN DAN MINUMAN DI KOTA SURABAYA TAHUN 2025.geojson","source_feature_index":2034,"source_file":"data/raw/culinary/MAKANAN DAN MINUMAN DI KOTA SURABAYA TAHUN 2025.geojson","source_sha256":"0CDAE67E83D996938967A7A1C72CB2F46C94E15BCD9146E53138BA5D67E925AF","status":"BUKA","updated_at":"09/04/2026","validation_status":"valid","village":"PACARKELING"},"type":"Feature"},{"geometry":{"coordinates":[112.7394022,-7.2633489],"type":"Point"},"properties":{"address":"JL. BASUKI RAHMAT  LT 5 FOODCOURT K.26, TEGALSARI","analysis_version":"p0-central-v1","category_l1":"MAKANAN DAN MINUMAN","category_l2":"MINUMAN","category_l3":"ES KRIM DAN DESSERT","collected_at":"Q4 2023","district":"TEGALSARI","merchant_id":"89a13881-2302-53ad-8e01-2eb572bd1123","merchant_name":"DAIRY QUEEN TUNJUNGAN PLAZA 3","phone":"(031) 5459569","source":"MAKANAN DAN MINUMAN DI KOTA SURABAYA TAHUN 2025.geojson","source_feature_index":78,"source_file":"data/raw/culinary/MAKANAN DAN MINUMAN DI KOTA SURABAYA TAHUN 2025.geojson","source_sha256":"0CDAE67E83D996938967A7A1C72CB2F46C94E15BCD9146E53138BA5D67E925AF","status":"BUKA","updated_at":"27/02/2025","validation_status":"valid","village":"KEDUNGDORO"},"type":"Feature"},{"geometry":{"coordinates":[112.7454314,-7.2732674],"type":"Point"},"properties":{"address":"JL. KARIMUN JAWA NO.5B, GUBENG, SURABAYA, EAST JAVA 60281","analysis_version":"p0-central-v1","category_l1":"MAKANAN DAN MINUMAN","category_l2":"MINUMAN","category_l3":"ES KRIM DAN DESSERT","collected_at":"Q4 2023","district":"GUBENG","merchant_id":"89d37d1f-71a1-5575-95e0-e7d642616bfa","merchant_name":"MIXUE ICE CREAM & TEA - KARIMUN JAWA","phone":"0812-1401-8512","source":"MAKANAN DAN MINUMAN DI KOTA SURABAYA TAHUN 2025.geojson","source_feature_index":100,"source_file":"data/raw/culinary/MAKANAN DAN MINUMAN DI KOTA SURABAYA TAHUN 2025.geojson","source_sha256":"0CDAE67E83D996938967A7A1C72CB2F46C94E15BCD9146E53138BA5D67E925AF","status":"BUKA","updated_at":"27/02/2025","validation_status":"valid","village":"GUBENG"},"type":"Feature"},{"geometry":{"coordinates":[112.73531190000006,-7.270350499999958],"type":"Point"},"properties":{"address":"JL. POGOT, TANAH KALI KEDINDING, KEC. KENJERAN, SURABAYA, JAWA TIMUR 60129","analysis_version":"p0-central-v1","category_l1":"MAKANAN DAN MINUMAN","category_l2":"RESTORAN","category_l3":"RESTORAN AYAM","collected_at":"Q4 2023","district":"TEGALSARI","merchant_id":"8afb4ac7-a775-510b-bccd-acc195837329","merchant_name":"ROSANA FRIED CHICKEN","phone":null,"source":"MAKANAN DAN MINUMAN DI KOTA SURABAYA TAHUN 2025.geojson","source_feature_index":1284,"source_file":"data/raw/culinary/MAKANAN DAN MINUMAN DI KOTA SURABAYA TAHUN 2025.geojson","source_sha256":"0CDAE67E83D996938967A7A1C72CB2F46C94E15BCD9146E53138BA5D67E925AF","status":"BUKA","updated_at":"27/02/2025","validation_status":"valid","village":"TEGALSARI"},"type":"Feature"},{"geometry":{"coordinates":[112.73928546101014,-7.262981729375491],"type":"Point"},"properties":{"address":"PLAZA CENTRAL (TP3), LT. 5","analysis_version":"p0-central-v1","category_l1":"MAKANAN DAN MINUMAN","category_l2":"ROTI DAN KUE","category_l3":"PASTRI DAN HIDANGAN PENUTUP","collected_at":"Q2 2026","district":"TEGALSARI","merchant_id":"8b1ce012-eab2-58cc-a178-d475689ef008","merchant_name":"MR. PANCAKE","phone":"(0623) 15346452","source":"MAKANAN DAN MINUMAN DI KOTA SURABAYA TAHUN 2025.geojson","source_feature_index":2053,"source_file":"data/raw/culinary/MAKANAN DAN MINUMAN DI KOTA SURABAYA TAHUN 2025.geojson","source_sha256":"0CDAE67E83D996938967A7A1C72CB2F46C94E15BCD9146E53138BA5D67E925AF","status":"BUKA","updated_at":"09/04/2026","validation_status":"valid","village":"KEDUNGDORO"},"type":"Feature"},{"geometry":{"coordinates":[112.74567580000007,-7.260659199999964],"type":"Point"},"properties":{"address":"JL. WALIKOTA MUSTAJAB NO.70, KETABANG, KEC. GENTENG, SURABAYA, JAWA TIMUR 60272","analysis_version":"p0-central-v1","category_l1":"MAKANAN DAN MINUMAN","category_l2":"RESTORAN","category_l3":"RESTORAN PADANG","collected_at":"Q4 2023","district":"GENTENG","merchant_id":"8b279edc-0480-5d89-bfe1-4d3d70b3ac4a","merchant_name":"RM PADANG BUNDO SATI","phone":"(031) 5344672","source":"MAKANAN DAN MINUMAN DI KOTA SURABAYA TAHUN 2025.geojson","source_feature_index":1060,"source_file":"data/raw/culinary/MAKANAN DAN MINUMAN DI KOTA SURABAYA TAHUN 2025.geojson","source_sha256":"0CDAE67E83D996938967A7A1C72CB2F46C94E15BCD9146E53138BA5D67E925AF","status":"BUKA","updated_at":"27/02/2025","validation_status":"valid","village":"KETABANG"},"type":"Feature"},{"geometry":{"coordinates":[112.752657,-7.2651577],"type":"Point"},"properties":{"address":"JALAN GUBENG POJOK 3","analysis_version":"p0-central-v1","category_l1":"MAKANAN DAN MINUMAN","category_l2":"ROTI DAN KUE","category_l3":"ROTI","collected_at":"Q2 2026","district":"TAMBAKSARI","merchant_id":"8b38f036-659c-5483-94c9-c87a38912d0f","merchant_name":"ROTI O","phone":"+6282231828892","source":"MAKANAN DAN MINUMAN DI KOTA SURABAYA TAHUN 2025.geojson","source_feature_index":2061,"source_file":"data/raw/culinary/MAKANAN DAN MINUMAN DI KOTA SURABAYA TAHUN 2025.geojson","source_sha256":"0CDAE67E83D996938967A7A1C72CB2F46C94E15BCD9146E53138BA5D67E925AF","status":"BUKA","updated_at":"09/04/2026","validation_status":"valid","village":"PACARKELING"},"type":"Feature"},{"geometry":{"coordinates":[112.7399288,-7.2617137],"type":"Point"},"properties":{"address":"URBAN ICON - TUNJUNGAN PLAZA, JALAN BASUKI RAHMAT 8","analysis_version":"p0-central-v1","category_l1":"MAKANAN DAN MINUMAN","category_l2":"ROTI DAN KUE","category_l3":"ROTI","collected_at":"Q2 2026","district":"TEGALSARI","merchant_id":"8bef60df-d9cb-5550-a02a-43f0e766e6bc","merchant_name":"BARBYS BAKERY","phone":"+6287854123435","source":"MAKANAN DAN MINUMAN DI KOTA SURABAYA TAHUN 2025.geojson","source_feature_index":2077,"source_file":"data/raw/culinary/MAKANAN DAN MINUMAN DI KOTA SURABAYA TAHUN 2025.geojson","source_sha256":"0CDAE67E83D996938967A7A1C72CB2F46C94E15BCD9146E53138BA5D67E925AF","status":"BUKA","updated_at":"09/04/2026","validation_status":"valid","village":"KEDUNGDORO"},"type":"Feature"},{"geometry":{"coordinates":[112.7424851,-7.2644529],"type":"Point"},"properties":{"address":"JL. JENDERAL BASUKI RACHMAT NO.25-31, EMBONG KALIASIN, KEC. GENTENG, SURABAYA, JAWA TIMUR 60271","analysis_version":"p0-central-v1","category_l1":"MAKANAN DAN MINUMAN","category_l2":"RESTORAN","category_l3":"CEPAT SAJI","collected_at":"Q4 2023","district":"GENTENG","merchant_id":"8e878098-d99d-51ca-81cc-424998591168","merchant_name":"PIZZA HUT RESTORAN","phone":"0811-3335-1526","source":"MAKANAN DAN MINUMAN DI KOTA SURABAYA TAHUN 2025.geojson","source_feature_index":1580,"source_file":"data/raw/culinary/MAKANAN DAN MINUMAN DI KOTA SURABAYA TAHUN 2025.geojson","source_sha256":"0CDAE67E83D996938967A7A1C72CB2F46C94E15BCD9146E53138BA5D67E925AF","status":"BUKA","updated_at":"27/02/2025","validation_status":"valid","village":"EMBONG KALIASIN"},"type":"Feature"},{"geometry":{"coordinates":[112.74823950000007,-7.265088099999957],"type":"Point"},"properties":{"address":"PLAZA SURABAYA, NO.11-14, JL. PEMUDA NO.33, EMBONG KALIASIN, KEC. GENTENG, SURABAYA, JAWA TIMUR 60271","analysis_version":"p0-central-v1","category_l1":"MAKANAN DAN MINUMAN","category_l2":"MINUMAN","category_l3":"COFFEESHOP","collected_at":"Q4 2023","district":"GENTENG","merchant_id":"8eac53b2-8cc7-58f0-ad28-9aab0fe6734f","merchant_name":"EXCELSO SURABAYA PLAZA","phone":"(031) 5315780","source":"MAKANAN DAN MINUMAN DI KOTA SURABAYA TAHUN 2025.geojson","source_feature_index":888,"source_file":"data/raw/culinary/MAKANAN DAN MINUMAN DI KOTA SURABAYA TAHUN 2025.geojson","source_sha256":"0CDAE67E83D996938967A7A1C72CB2F46C94E15BCD9146E53138BA5D67E925AF","status":"BUKA","updated_at":"27/02/2025","validation_status":"valid","village":"EMBONG KALIASIN"},"type":"Feature"},{"geometry":{"coordinates":[112.74311970000008,-7.266682399999979],"type":"Point"},"properties":{"address":"JL. EMBONG SAWO, NO. 38 - 40, EMBONG KALIASIN GENTENG, EMBONG KALIASIN, KEC. GENTENG, SURABAYA, JAWA TIMUR 60271","analysis_version":"p0-central-v1","category_l1":"MAKANAN DAN MINUMAN","category_l2":"RESTORAN","category_l3":"RESTORAN PADANG","collected_at":"Q4 2023","district":"GENTENG","merchant_id":"8eacd494-8d50-5b54-969d-5a78e689f8a0","merchant_name":"NEW ANTIKA PADANG RESTAURANT","phone":"(031) 5343581","source":"MAKANAN DAN MINUMAN DI KOTA SURABAYA TAHUN 2025.geojson","source_feature_index":208,"source_file":"data/raw/culinary/MAKANAN DAN MINUMAN DI KOTA SURABAYA TAHUN 2025.geojson","source_sha256":"0CDAE67E83D996938967A7A1C72CB2F46C94E15BCD9146E53138BA5D67E925AF","status":"BUKA","updated_at":"27/02/2025","validation_status":"valid","village":"EMBONG KALIASIN"},"type":"Feature"},{"geometry":{"coordinates":[112.7392836,-7.2724254],"type":"Point"},"properties":{"address":"JALAN KEDONDONG 30","analysis_version":"p0-central-v1","category_l1":"MAKANAN DAN MINUMAN","category_l2":"ROTI DAN KUE","category_l3":"KUE","collected_at":"Q2 2026","district":"TEGALSARI","merchant_id":"8ed53e5e-dfa7-5df5-a505-25ed6ae18869","merchant_name":"MAMITA PASTRY","phone":"+6285171574277","source":"MAKANAN DAN MINUMAN DI KOTA SURABAYA TAHUN 2025.geojson","source_feature_index":2014,"source_file":"data/raw/culinary/MAKANAN DAN MINUMAN DI KOTA SURABAYA TAHUN 2025.geojson","source_sha256":"0CDAE67E83D996938967A7A1C72CB2F46C94E15BCD9146E53138BA5D67E925AF","status":"BUKA","updated_at":"09/04/2026","validation_status":"valid","village":"TEGALSARI"},"type":"Feature"},{"geometry":{"coordinates":[112.74495120000006,-7.260450799999944],"type":"Point"},"properties":{"address":"JL. WALIKOTA MUSTAJAB NO.58, KETABANG, KEC. GENTENG, SURABAYA, JAWA TIMUR 60272","analysis_version":"p0-central-v1","category_l1":"MAKANAN DAN MINUMAN","category_l2":"RESTORAN","category_l3":"RESTORAN PADANG","collected_at":"Q4 2023","district":"GENTENG","merchant_id":"8eebaf2f-40d7-50a5-9b97-ee38282f17a1","merchant_name":"SIMPANG RAYA RUMAH MAKAN","phone":null,"source":"MAKANAN DAN MINUMAN DI KOTA SURABAYA TAHUN 2025.geojson","source_feature_index":1407,"source_file":"data/raw/culinary/MAKANAN DAN MINUMAN DI KOTA SURABAYA TAHUN 2025.geojson","source_sha256":"0CDAE67E83D996938967A7A1C72CB2F46C94E15BCD9146E53138BA5D67E925AF","status":"BUKA","updated_at":"27/02/2025","validation_status":"valid","village":"KETABANG"},"type":"Feature"},{"geometry":{"coordinates":[112.7385937,-7.2613595],"type":"Point"},"properties":{"address":"JL. BASUKI RAHMAT NO.8-12, EMBONG KALIASIN, TEGALSARI, SURABAYA, EAST JAVA 60261","analysis_version":"p0-central-v1","category_l1":"MAKANAN DAN MINUMAN","category_l2":"MINUMAN","category_l3":"ES KRIM DAN DESSERT","collected_at":"Q4 2023","district":"TEGALSARI","merchant_id":"8efebac2-e070-558a-81b8-83889613870c","merchant_name":"BASKIN ROBBINS - TUNJUNGAN PLAZA 1","phone":null,"source":"MAKANAN DAN MINUMAN DI KOTA SURABAYA TAHUN 2025.geojson","source_feature_index":115,"source_file":"data/raw/culinary/MAKANAN DAN MINUMAN DI KOTA SURABAYA TAHUN 2025.geojson","source_sha256":"0CDAE67E83D996938967A7A1C72CB2F46C94E15BCD9146E53138BA5D67E925AF","status":"BUKA","updated_at":"27/02/2025","validation_status":"valid","village":"KEDUNGDORO"},"type":"Feature"},{"geometry":{"coordinates":[112.7386167,-7.2688889],"type":"Point"},"properties":{"address":"JL. KOMBES POL. MOH. DURYAT NO.27, TEGALSARI, KEC. TEGALSARI, SURABAYA, JAWA TIMUR 60262","analysis_version":"p0-central-v1","category_l1":"MAKANAN DAN MINUMAN","category_l2":"RESTORAN","category_l3":"RESTORAN EROPA","collected_at":"Q4 2023","district":"TEGALSARI","merchant_id":"8f308b22-9c60-5fbb-8274-d10432e53dff","merchant_name":"BON AMI RESTAURANT - KOMBES POL M DURYAT","phone":"0853-3023-9648","source":"MAKANAN DAN MINUMAN DI KOTA SURABAYA TAHUN 2025.geojson","source_feature_index":468,"source_file":"data/raw/culinary/MAKANAN DAN MINUMAN DI KOTA SURABAYA TAHUN 2025.geojson","source_sha256":"0CDAE67E83D996938967A7A1C72CB2F46C94E15BCD9146E53138BA5D67E925AF","status":"BUKA","updated_at":"27/02/2025","validation_status":"valid","village":"TEGALSARI"},"type":"Feature"},{"geometry":{"coordinates":[112.7504742000001,-7.261250599999926],"type":"Point"},"properties":{"address":"JL. WALIKOTA MUSTAJAB NO.1, KETABANG, GENTENG, SURABAYA, EAST JAVA 60272","analysis_version":"p0-central-v1","category_l1":"MAKANAN DAN MINUMAN","category_l2":"RESTORAN","category_l3":"RESTORAN KOREA","collected_at":"Q4 2023","district":"GENTENG","merchant_id":"91a1702f-c263-52e0-b3d2-976e9ca563e8","merchant_name":"KIMCHI-GO - GRAND CITY MALL SURABAYA","phone":null,"source":"MAKANAN DAN MINUMAN DI KOTA SURABAYA TAHUN 2025.geojson","source_feature_index":1026,"source_file":"data/raw/culinary/MAKANAN DAN MINUMAN DI KOTA SURABAYA TAHUN 2025.geojson","source_sha256":"0CDAE67E83D996938967A7A1C72CB2F46C94E15BCD9146E53138BA5D67E925AF","status":"BUKA","updated_at":"27/02/2025","validation_status":"valid","village":"KETABANG"},"type":"Feature"},{"geometry":{"coordinates":[112.7353162,-7.2705607],"type":"Point"},"properties":{"address":"JL. KP. MALANG TENGAH I NO.7, TEGALSARI, KEC. TEGALSARI, SURABAYA, JAWA TIMUR 60251","analysis_version":"p0-central-v1","category_l1":"MAKANAN DAN MINUMAN","category_l2":"RESTORAN","category_l3":"WARUNG TEGAL","collected_at":"Q4 2023","district":"TEGALSARI","merchant_id":"922f9bca-ee30-5c62-be2d-10fd62d134cd","merchant_name":"WARUNG MAKAN TEGAL CITRA BARU","phone":"0878-5535-3546","source":"MAKANAN DAN MINUMAN DI KOTA SURABAYA TAHUN 2025.geojson","source_feature_index":814,"source_file":"data/raw/culinary/MAKANAN DAN MINUMAN DI KOTA SURABAYA TAHUN 2025.geojson","source_sha256":"0CDAE67E83D996938967A7A1C72CB2F46C94E15BCD9146E53138BA5D67E925AF","status":"BUKA","updated_at":"27/02/2025","validation_status":"valid","village":"TEGALSARI"},"type":"Feature"},{"geometry":{"coordinates":[112.7510601,-7.2603647],"type":"Point"},"properties":{"address":"PASAR ATUM MALL LT. DASARJL.BUNGURAN 45","analysis_version":"p0-central-v1","category_l1":"MAKANAN DAN MINUMAN","category_l2":"ROTI DAN KUE","category_l3":"ROTI","collected_at":"Q2 2026","district":"GENTENG","merchant_id":"9290ee90-4476-5191-a906-962deec3b29a","merchant_name":"SUZANA BAKERY","phone":null,"source":"MAKANAN DAN MINUMAN DI KOTA SURABAYA TAHUN 2025.geojson","source_feature_index":2065,"source_file":"data/raw/culinary/MAKANAN DAN MINUMAN DI KOTA SURABAYA TAHUN 2025.geojson","source_sha256":"0CDAE67E83D996938967A7A1C72CB2F46C94E15BCD9146E53138BA5D67E925AF","status":"BUKA","updated_at":"09/04/2026","validation_status":"valid","village":"KETABANG"},"type":"Feature"},{"geometry":{"coordinates":[112.7385462,-7.2614307],"type":"Point"},"properties":{"address":"TUNJUNGAN PLAZA, JL. BASUKI RAHMAT, KEDUNGDORO, TEGALSARI, SURABAYA, EAST JAVA 60261","analysis_version":"p0-central-v1","category_l1":"MAKANAN DAN MINUMAN","category_l2":"RESTORAN","category_l3":"CEPAT SAJI","collected_at":"Q4 2023","district":"TEGALSARI","merchant_id":"92943036-9bd0-547b-948e-5d7071608e37","merchant_name":"SHAKE SHAKE IN A TUB - TUNJUNGAN PLAZA 3 LT5","phone":null,"source":"MAKANAN DAN MINUMAN DI KOTA SURABAYA TAHUN 2025.geojson","source_feature_index":1498,"source_file":"data/raw/culinary/MAKANAN DAN MINUMAN DI KOTA SURABAYA TAHUN 2025.geojson","source_sha256":"0CDAE67E83D996938967A7A1C72CB2F46C94E15BCD9146E53138BA5D67E925AF","status":"BUKA","updated_at":"27/02/2025","validation_status":"valid","village":"KEDUNGDORO"},"type":"Feature"},{"geometry":{"coordinates":[112.73894440000004,-7.259807699999955],"type":"Point"},"properties":{"address":"JL. TUNJUNGAN NO.78, GENTENG, KEC. GENTENG, SURABAYA, JAWA TIMUR 60275","analysis_version":"p0-central-v1","category_l1":"MAKANAN DAN MINUMAN","category_l2":"RESTORAN","category_l3":"CEPAT SAJI","collected_at":"Q4 2023","district":"GENTENG","merchant_id":"931985d0-db6f-5626-bce5-4fa38c184882","merchant_name":"TRAFFIC BUN - TUNJUNGAN","phone":"0896-0420-4788","source":"MAKANAN DAN MINUMAN DI KOTA SURABAYA TAHUN 2025.geojson","source_feature_index":1301,"source_file":"data/raw/culinary/MAKANAN DAN MINUMAN DI KOTA SURABAYA TAHUN 2025.geojson","source_sha256":"0CDAE67E83D996938967A7A1C72CB2F46C94E15BCD9146E53138BA5D67E925AF","status":"BUKA","updated_at":"27/02/2025","validation_status":"valid","village":"GENTENG"},"type":"Feature"},{"geometry":{"coordinates":[112.73379310000007,-7.255355899999923],"type":"Point"},"properties":{"address":"MALL BG JUNCTION, JL. BUBUTAN NO.1-7, BUBUTAN, KEC. BUBUTAN, SURABAYA, JAWA TIMUR 60174","analysis_version":"p0-central-v1","category_l1":"MAKANAN DAN MINUMAN","category_l2":"RESTORAN","category_l3":"CEPAT SAJI","collected_at":"Q4 2023","district":"BUBUTAN","merchant_id":"93e40367-11d8-51f3-9bb2-678f3f40fa23","merchant_name":"A&W RESTAURANT - BG JUNCTION","phone":"(031) 99253828","source":"MAKANAN DAN MINUMAN DI KOTA SURABAYA TAHUN 2025.geojson","source_feature_index":1455,"source_file":"data/raw/culinary/MAKANAN DAN MINUMAN DI KOTA SURABAYA TAHUN 2025.geojson","source_sha256":"0CDAE67E83D996938967A7A1C72CB2F46C94E15BCD9146E53138BA5D67E925AF","status":"BUKA","updated_at":"27/02/2025","validation_status":"valid","village":"BUBUTAN"},"type":"Feature"},{"geometry":{"coordinates":[112.7528876,-7.2656751],"type":"Point"},"properties":{"address":"JALAN PROF DR MUSTOPO 31","analysis_version":"p0-central-v1","category_l1":"MAKANAN DAN MINUMAN","category_l2":"ROTI DAN KUE","category_l3":"DONAT","collected_at":"Q2 2026","district":"TAMBAKSARI","merchant_id":"93f9e685-e28e-5c82-8817-4697a30adbcc","merchant_name":"DUNKIN' DONUTS","phone":"+62315040589","source":"MAKANAN DAN MINUMAN DI KOTA SURABAYA TAHUN 2025.geojson","source_feature_index":2033,"source_file":"data/raw/culinary/MAKANAN DAN MINUMAN DI KOTA SURABAYA TAHUN 2025.geojson","source_sha256":"0CDAE67E83D996938967A7A1C72CB2F46C94E15BCD9146E53138BA5D67E925AF","status":"BUKA","updated_at":"09/04/2026","validation_status":"valid","village":"PACARKELING"},"type":"Feature"},{"geometry":{"coordinates":[112.73288,-7.2548994],"type":"Point"},"properties":{"address":"FOODCOURT BG JUNCTION L2 NO 09 BUBUTAN, JL. BUBUTAN, BUBUTAN, KEC. BUBUTAN, SURABAYA, JAWA TIMUR 60174","analysis_version":"p0-central-v1","category_l1":"MAKANAN DAN MINUMAN","category_l2":"RESTORAN","category_l3":"NASI GORENG","collected_at":"Q4 2023","district":"BUBUTAN","merchant_id":"95cbea63-2e4e-5480-aaab-a90ac13848e4","merchant_name":"NASI GORENG 69","phone":"0823-2825-9229","source":"MAKANAN DAN MINUMAN DI KOTA SURABAYA TAHUN 2025.geojson","source_feature_index":691,"source_file":"data/raw/culinary/MAKANAN DAN MINUMAN DI KOTA SURABAYA TAHUN 2025.geojson","source_sha256":"0CDAE67E83D996938967A7A1C72CB2F46C94E15BCD9146E53138BA5D67E925AF","status":"BUKA","updated_at":"27/02/2025","validation_status":"valid","village":"BUBUTAN"},"type":"Feature"},{"geometry":{"coordinates":[112.75056989999999,-7.2694695],"type":"Point"},"properties":{"address":"JL. RAYA GUBENG NO.2, GUBENG, KEC. GUBENG, SURABAYA, JAWA TIMUR 60281","analysis_version":"p0-central-v1","category_l1":"MAKANAN DAN MINUMAN","category_l2":"RESTORAN","category_l3":"NASI GORENG","collected_at":"Q4 2023","district":"GUBENG","merchant_id":"9603654c-9b47-5d06-be83-d48a71bf5d31","merchant_name":"NASI GORENG HATKOR","phone":"0812-3456-0147","source":"MAKANAN DAN MINUMAN DI KOTA SURABAYA TAHUN 2025.geojson","source_feature_index":686,"source_file":"data/raw/culinary/MAKANAN DAN MINUMAN DI KOTA SURABAYA TAHUN 2025.geojson","source_sha256":"0CDAE67E83D996938967A7A1C72CB2F46C94E15BCD9146E53138BA5D67E925AF","status":"BUKA","updated_at":"27/02/2025","validation_status":"valid","village":"GUBENG"},"type":"Feature"},{"geometry":{"coordinates":[112.7371443,-7.2646132],"type":"Point"},"properties":{"address":"JL. PLEMAHAN BESAR NO.46E, KEDUNGDORO, KEC. TEGALSARI, SURABAYA, JAWA TIMUR 60261","analysis_version":"p0-central-v1","category_l1":"MAKANAN DAN MINUMAN","category_l2":"MINUMAN","category_l3":"ES KRIM DAN DESSERT","collected_at":"Q4 2023","district":"TEGALSARI","merchant_id":"96540fe3-37fc-56bd-9f5e-5969abb5f355","merchant_name":"AICE ES KRIM DEPOT","phone":"0813-8176-6960","source":"MAKANAN DAN MINUMAN DI KOTA SURABAYA TAHUN 2025.geojson","source_feature_index":113,"source_file":"data/raw/culinary/MAKANAN DAN MINUMAN DI KOTA SURABAYA TAHUN 2025.geojson","source_sha256":"0CDAE67E83D996938967A7A1C72CB2F46C94E15BCD9146E53138BA5D67E925AF","status":"BUKA","updated_at":"27/02/2025","validation_status":"valid","village":"KEDUNGDORO"},"type":"Feature"},{"geometry":{"coordinates":[112.73919930000011,-7.263624599999957],"type":"Point"},"properties":{"address":"JL. BASUKI RAHMAT NO.15, KEDUNGDORO, KEC. TEGALSARI, SURABAYA, JAWA TIMUR 60261","analysis_version":"p0-central-v1","category_l1":"MAKANAN DAN MINUMAN","category_l2":"RESTORAN","category_l3":"RESTORAN TIMUR TENGAH","collected_at":"Q4 2023","district":"TEGALSARI","merchant_id":"96577f52-5e95-5b7c-96b4-e62f06146f16","merchant_name":"DONER KEBAB - TUNJUNGAN PLAZA 3","phone":"(031) 5459593","source":"MAKANAN DAN MINUMAN DI KOTA SURABAYA TAHUN 2025.geojson","source_feature_index":333,"source_file":"data/raw/culinary/MAKANAN DAN MINUMAN DI KOTA SURABAYA TAHUN 2025.geojson","source_sha256":"0CDAE67E83D996938967A7A1C72CB2F46C94E15BCD9146E53138BA5D67E925AF","status":"BUKA","updated_at":"27/02/2025","validation_status":"valid","village":"KEDUNGDORO"},"type":"Feature"},{"geometry":{"coordinates":[112.75089820000005,-7.26171979999998],"type":"Point"},"properties":{"address":"GRAND CITY, JL. WALIKOTA MUSTAJAB NO.1, KETABANG, KEC. GENTENG, SURABAYA, JAWA TIMUR 60272","analysis_version":"p0-central-v1","category_l1":"MAKANAN DAN MINUMAN","category_l2":"RESTORAN","category_l3":"RESTORAN JEPANG","collected_at":"Q4 2023","district":"GENTENG","merchant_id":"9692dd70-c674-558e-9499-4552e3455e28","merchant_name":"BENTOYA - GRAND CITY MALL SURABAYA","phone":"(031) 52405782","source":"MAKANAN DAN MINUMAN DI KOTA SURABAYA TAHUN 2025.geojson","source_feature_index":982,"source_file":"data/raw/culinary/MAKANAN DAN MINUMAN DI KOTA SURABAYA TAHUN 2025.geojson","source_sha256":"0CDAE67E83D996938967A7A1C72CB2F46C94E15BCD9146E53138BA5D67E925AF","status":"BUKA","updated_at":"27/02/2025","validation_status":"valid","village":"KETABANG"},"type":"Feature"},{"geometry":{"coordinates":[112.74840260000008,-7.264851099999924],"type":"Point"},"properties":{"address":"PLAZA SURABAYA, JL. PEMUDA NO.33 - 37, EMBONG KALIASIN, KEC. GENTENG, SURABAYA, JAWA TIMUR 60271","analysis_version":"p0-central-v1","category_l1":"MAKANAN DAN MINUMAN","category_l2":"RESTORAN","category_l3":"CEPAT SAJI","collected_at":"Q4 2023","district":"GENTENG","merchant_id":"97d980e0-30f0-5508-81f1-c2f47cafa1d0","merchant_name":"A&W - PLAZA SURABAYA","phone":"(031) 5316792","source":"MAKANAN DAN MINUMAN DI KOTA SURABAYA TAHUN 2025.geojson","source_feature_index":1248,"source_file":"data/raw/culinary/MAKANAN DAN MINUMAN DI KOTA SURABAYA TAHUN 2025.geojson","source_sha256":"0CDAE67E83D996938967A7A1C72CB2F46C94E15BCD9146E53138BA5D67E925AF","status":"BUKA","updated_at":"27/02/2025","validation_status":"valid","village":"EMBONG KALIASIN"},"type":"Feature"},{"geometry":{"coordinates":[112.733996,-7.267731],"type":"Point"},"properties":{"address":"JL. KEDUNGSARI NO.49, WONOREJO, KEC. TEGALSARI, SURABAYA, JAWA TIMUR 60113","analysis_version":"p0-central-v1","category_l1":"MAKANAN DAN MINUMAN","category_l2":"MINUMAN","category_l3":"COFFEESHOP","collected_at":"Q4 2023","district":"TEGALSARI","merchant_id":"9966d343-c384-50d3-98f8-055d0f205504","merchant_name":"TITIK TENGAH SURABAYA","phone":"0895-3394-19668","source":"MAKANAN DAN MINUMAN DI KOTA SURABAYA TAHUN 2025.geojson","source_feature_index":140,"source_file":"data/raw/culinary/MAKANAN DAN MINUMAN DI KOTA SURABAYA TAHUN 2025.geojson","source_sha256":"0CDAE67E83D996938967A7A1C72CB2F46C94E15BCD9146E53138BA5D67E925AF","status":"BUKA","updated_at":"27/02/2025","validation_status":"valid","village":"WONOREJO"},"type":"Feature"},{"geometry":{"coordinates":[112.73934170000007,-7.261535199999969],"type":"Point"},"properties":{"address":"TUNJUNGAN PLAZA, 5, JL. BASUKI RAHMAT NO.8-12, KEDUNGDORO, KEC. TEGALSARI, SURABAYA, JAWA TIMUR 60261","analysis_version":"p0-central-v1","category_l1":"MAKANAN DAN MINUMAN","category_l2":"RESTORAN","category_l3":"SUSHI","collected_at":"Q4 2023","district":"TEGALSARI","merchant_id":"9972ae20-e539-5ad3-8ebc-ebd4f46c3236","merchant_name":"SUSHI TEI TP","phone":"(031) 5318118","source":"MAKANAN DAN MINUMAN DI KOTA SURABAYA TAHUN 2025.geojson","source_feature_index":992,"source_file":"data/raw/culinary/MAKANAN DAN MINUMAN DI KOTA SURABAYA TAHUN 2025.geojson","source_sha256":"0CDAE67E83D996938967A7A1C72CB2F46C94E15BCD9146E53138BA5D67E925AF","status":"BUKA","updated_at":"27/02/2025","validation_status":"valid","village":"KEDUNGDORO"},"type":"Feature"},{"geometry":{"coordinates":[112.75047310000002,-7.262207599999954],"type":"Point"},"properties":{"address":"GRAND CITY, JL. WALIKOTA MUSTAJAB NO.1, KETABANG, KEC. GENTENG, SURABAYA, JAWA TIMUR 60272","analysis_version":"p0-central-v1","category_l1":"MAKANAN DAN MINUMAN","category_l2":"MINUMAN","category_l3":"COFFEESHOP","collected_at":"Q4 2023","district":"GENTENG","merchant_id":"99ac3c4c-843a-5275-b0e9-a7a9247f22f6","merchant_name":"STARBUCKS - GRAND CITY MALL SURABAYA","phone":"(031) 52405816","source":"MAKANAN DAN MINUMAN DI KOTA SURABAYA TAHUN 2025.geojson","source_feature_index":131,"source_file":"data/raw/culinary/MAKANAN DAN MINUMAN DI KOTA SURABAYA TAHUN 2025.geojson","source_sha256":"0CDAE67E83D996938967A7A1C72CB2F46C94E15BCD9146E53138BA5D67E925AF","status":"BUKA","updated_at":"27/02/2025","validation_status":"valid","village":"KETABANG"},"type":"Feature"},{"geometry":{"coordinates":[112.7330655,-7.2591102],"type":"Point"},"properties":{"address":"JL. KEDUNG DORO NO.11, KEDUNGDORO, KEC. TEGALSARI, SURABAYA, JAWA TIMUR 60261","analysis_version":"p0-central-v1","category_l1":"MAKANAN DAN MINUMAN","category_l2":"RESTORAN","category_l3":"SEAFOOD","collected_at":"Q4 2023","district":"TEGALSARI","merchant_id":"99bc98e7-74e0-56b1-99dc-74963ab6d6d6","merchant_name":"SEAFOOD 48","phone":null,"source":"MAKANAN DAN MINUMAN DI KOTA SURABAYA TAHUN 2025.geojson","source_feature_index":261,"source_file":"data/raw/culinary/MAKANAN DAN MINUMAN DI KOTA SURABAYA TAHUN 2025.geojson","source_sha256":"0CDAE67E83D996938967A7A1C72CB2F46C94E15BCD9146E53138BA5D67E925AF","status":"BUKA","updated_at":"27/02/2025","validation_status":"valid","village":"KEDUNGDORO"},"type":"Feature"},{"geometry":{"coordinates":[112.74807279999999,-7.2649714],"type":"Point"},"properties":{"address":"PLAZA SURABAYA, JL. PEMUDA NO.33-37, EMBONG KALIASIN, KEC. GENTENG, SURABAYA, JAWA TIMUR 60271","analysis_version":"p0-central-v1","category_l1":"MAKANAN DAN MINUMAN","category_l2":"RESTORAN","category_l3":"CEPAT SAJI","collected_at":"Q4 2023","district":"GENTENG","merchant_id":"9ab6513e-e54e-59bf-b793-9c79b432015a","merchant_name":"BURGER KING PLAZA SURABAYA","phone":"(031) 5479310","source":"MAKANAN DAN MINUMAN DI KOTA SURABAYA TAHUN 2025.geojson","source_feature_index":1472,"source_file":"data/raw/culinary/MAKANAN DAN MINUMAN DI KOTA SURABAYA TAHUN 2025.geojson","source_sha256":"0CDAE67E83D996938967A7A1C72CB2F46C94E15BCD9146E53138BA5D67E925AF","status":"BUKA","updated_at":"27/02/2025","validation_status":"valid","village":"EMBONG KALIASIN"},"type":"Feature"},{"geometry":{"coordinates":[112.7504543,-7.2599945],"type":"Point"},"properties":{"address":"JL. KACA PIRING NO.6, KETABANG, GENTENG, SURABAYA, EAST JAVA 60272","analysis_version":"p0-central-v1","category_l1":"MAKANAN DAN MINUMAN","category_l2":"MINUMAN","category_l3":"ES KRIM DAN DESSERT","collected_at":"Q4 2023","district":"GENTENG","merchant_id":"9bc47dae-5916-5be8-b634-a893c2ba6d8a","merchant_name":"JALAATO KACA PIRING","phone":null,"source":"MAKANAN DAN MINUMAN DI KOTA SURABAYA TAHUN 2025.geojson","source_feature_index":67,"source_file":"data/raw/culinary/MAKANAN DAN MINUMAN DI KOTA SURABAYA TAHUN 2025.geojson","source_sha256":"0CDAE67E83D996938967A7A1C72CB2F46C94E15BCD9146E53138BA5D67E925AF","status":"BUKA","updated_at":"27/02/2025","validation_status":"valid","village":"KETABANG"},"type":"Feature"},{"geometry":{"coordinates":[112.7381801,-7.2620485],"type":"Point"},"properties":{"address":"LEVEL 5, TUNJUNGAN PLAZA 6, JL. EMBONG MALANG NO.32-36, KEDUNGDORO, TEGALSARI, SURABAYA, EAST JAVA 60261","analysis_version":"p0-central-v1","category_l1":"MAKANAN DAN MINUMAN","category_l2":"MINUMAN","category_l3":"MINUMAN BOBA DAN MILK TEA","collected_at":"Q4 2023","district":"TEGALSARI","merchant_id":"9c1d7f43-60cc-5f1f-848d-be216a97d308","merchant_name":"KOI THE TUNJUNGAN PLAZA 6","phone":"(031) 99247231","source":"MAKANAN DAN MINUMAN DI KOTA SURABAYA TAHUN 2025.geojson","source_feature_index":516,"source_file":"data/raw/culinary/MAKANAN DAN MINUMAN DI KOTA SURABAYA TAHUN 2025.geojson","source_sha256":"0CDAE67E83D996938967A7A1C72CB2F46C94E15BCD9146E53138BA5D67E925AF","status":"BUKA","updated_at":"27/02/2025","validation_status":"valid","village":"KEDUNGDORO"},"type":"Feature"},{"geometry":{"coordinates":[112.7484026,-7.2648511],"type":"Point"},"properties":{"address":"PLAZA SURABAYA, JL. PEMUDA NO.33 - 37, EMBONG KALIASIN, KEC. GENTENG, SURABAYA, JAWA TIMUR 60271","analysis_version":"p0-central-v1","category_l1":"MAKANAN DAN MINUMAN","category_l2":"RESTORAN","category_l3":"CEPAT SAJI","collected_at":"Q4 2023","district":"GENTENG","merchant_id":"9c404ade-61c1-5b60-bb29-f55925432e26","merchant_name":"A&W RESTORAN - PLAZA SURABAYA","phone":"(031) 5316792","source":"MAKANAN DAN MINUMAN DI KOTA SURABAYA TAHUN 2025.geojson","source_feature_index":1464,"source_file":"data/raw/culinary/MAKANAN DAN MINUMAN DI KOTA SURABAYA TAHUN 2025.geojson","source_sha256":"0CDAE67E83D996938967A7A1C72CB2F46C94E15BCD9146E53138BA5D67E925AF","status":"BUKA","updated_at":"27/02/2025","validation_status":"valid","village":"EMBONG KALIASIN"},"type":"Feature"},{"geometry":{"coordinates":[112.7318632,-7.2621338],"type":"Point"},"properties":{"address":"JL. KEDUNG DORO NO.115, KEDUNGDORO, KEC. TEGALSARI, SURABAYA, JAWA TIMUR 60261","analysis_version":"p0-central-v1","category_l1":"MAKANAN DAN MINUMAN","category_l2":"RESTORAN","category_l3":"SEAFOOD","collected_at":"Q4 2023","district":"TEGALSARI","merchant_id":"9c6c66a5-062e-5bf7-8830-363c7e29292c","merchant_name":"CIPTA RASA 1 SEAFOOD DAN IKAN BAKAR","phone":"0813-3323-9009","source":"MAKANAN DAN MINUMAN DI KOTA SURABAYA TAHUN 2025.geojson","source_feature_index":289,"source_file":"data/raw/culinary/MAKANAN DAN MINUMAN DI KOTA SURABAYA TAHUN 2025.geojson","source_sha256":"0CDAE67E83D996938967A7A1C72CB2F46C94E15BCD9146E53138BA5D67E925AF","status":"BUKA","updated_at":"27/02/2025","validation_status":"valid","village":"KEDUNGDORO"},"type":"Feature"},{"geometry":{"coordinates":[112.7514572,-7.265848299999959],"type":"Point"},"properties":{"address":"JL. GUBENG POJOK NO.31, RT.010/RW.07, KETABANG, KEC. GENTENG, SURABAYA, JAWA TIMUR 60272","analysis_version":"p0-central-v1","category_l1":"MAKANAN DAN MINUMAN","category_l2":"RESTORAN","category_l3":"RESTORAN JEPANG","collected_at":"Q4 2023","district":"TAMBAKSARI","merchant_id":"9c92e36b-02d4-5a72-b6e4-2f11f6fc8cf8","merchant_name":"HANAMASA GUBENG POJOK","phone":"(031) 5340446","source":"MAKANAN DAN MINUMAN DI KOTA SURABAYA TAHUN 2025.geojson","source_feature_index":953,"source_file":"data/raw/culinary/MAKANAN DAN MINUMAN DI KOTA SURABAYA TAHUN 2025.geojson","source_sha256":"0CDAE67E83D996938967A7A1C72CB2F46C94E15BCD9146E53138BA5D67E925AF","status":"BUKA","updated_at":"27/02/2025","validation_status":"valid","village":"PACARKELING"},"type":"Feature"},{"geometry":{"coordinates":[112.740389,-7.263467],"type":"Point"},"properties":{"address":"TUNJUNGAN PLAZA II, LANTAI LG STAND NO. 8, JL. BASUKI RAHMAT NO.107, KEDUNGDORO, KEC. TEGALSARI, SURABAYA, JAWA TIMUR 60261","analysis_version":"p0-central-v1","category_l1":"MAKANAN DAN MINUMAN","category_l2":"RESTORAN","category_l3":"RESTORAN PADANG","collected_at":"Q4 2023","district":"TEGALSARI","merchant_id":"9cd88e22-cfef-58fe-857a-53f44ec834fe","merchant_name":"WARUNG MAKAN PADANG SARI RASO","phone":"0853-3171-3000","source":"MAKANAN DAN MINUMAN DI KOTA SURABAYA TAHUN 2025.geojson","source_feature_index":1412,"source_file":"data/raw/culinary/MAKANAN DAN MINUMAN DI KOTA SURABAYA TAHUN 2025.geojson","source_sha256":"0CDAE67E83D996938967A7A1C72CB2F46C94E15BCD9146E53138BA5D67E925AF","status":"BUKA","updated_at":"27/02/2025","validation_status":"valid","village":"KEDUNGDORO"},"type":"Feature"},{"geometry":{"coordinates":[112.7520883,-7.2574719],"type":"Point"},"properties":{"address":"KETABANG, GENTENG, SURABAYA, EAST JAVA","analysis_version":"p0-central-v1","category_l1":"MAKANAN DAN MINUMAN","category_l2":"RESTORAN","category_l3":"CEPAT SAJI","collected_at":"Q4 2023","district":"GENTENG","merchant_id":"9e70c05b-fb9d-5a98-bd30-5cd2e513aaf7","merchant_name":"TEMPE PENYET VIRA","phone":null,"source":"MAKANAN DAN MINUMAN DI KOTA SURABAYA TAHUN 2025.geojson","source_feature_index":1508,"source_file":"data/raw/culinary/MAKANAN DAN MINUMAN DI KOTA SURABAYA TAHUN 2025.geojson","source_sha256":"0CDAE67E83D996938967A7A1C72CB2F46C94E15BCD9146E53138BA5D67E925AF","status":"BUKA","updated_at":"27/02/2025","validation_status":"valid","village":"KETABANG"},"type":"Feature"},{"geometry":{"coordinates":[112.7389921,-7.2700988],"type":"Point"},"properties":{"address":"JL. KEDONDONG LOR III NO.30, EMBONG KALIASIN, KEC. GENTENG, SURABAYA, JAWA TIMUR 60262","analysis_version":"p0-central-v1","category_l1":"MAKANAN DAN MINUMAN","category_l2":"MINUMAN","category_l3":"ES KRIM DAN DESSERT","collected_at":"Q4 2023","district":"GENTENG","merchant_id":"9ed3f38a-74de-5ab8-93ff-64cf3830e209","merchant_name":"KEDONDONG ( ICE CREAM SHOP)","phone":"(031) 5311967","source":"MAKANAN DAN MINUMAN DI KOTA SURABAYA TAHUN 2025.geojson","source_feature_index":33,"source_file":"data/raw/culinary/MAKANAN DAN MINUMAN DI KOTA SURABAYA TAHUN 2025.geojson","source_sha256":"0CDAE67E83D996938967A7A1C72CB2F46C94E15BCD9146E53138BA5D67E925AF","status":"BUKA","updated_at":"27/02/2025","validation_status":"valid","village":"EMBONG KALIASIN"},"type":"Feature"},{"geometry":{"coordinates":[112.73905530000002,-7.263541399999951],"type":"Point"},"properties":{"address":"TUNJUNGAN PLAZA 3 FOODCOURT LT. 5. 19, JL. BASUKI RAHMAT NO.8-12, KEDUNGDORO, KEC. TEGALSARI, SURABAYA, JAWA TIMUR 60261","analysis_version":"p0-central-v1","category_l1":"MAKANAN DAN MINUMAN","category_l2":"RESTORAN","category_l3":"RESTORAN PADANG","collected_at":"Q4 2023","district":"TEGALSARI","merchant_id":"9ef54cbc-fea0-50dd-a178-c599944049d9","merchant_name":"SARI RATU TUNJUNGAN PLAZA 3","phone":"(031) 5459575","source":"MAKANAN DAN MINUMAN DI KOTA SURABAYA TAHUN 2025.geojson","source_feature_index":1406,"source_file":"data/raw/culinary/MAKANAN DAN MINUMAN DI KOTA SURABAYA TAHUN 2025.geojson","source_sha256":"0CDAE67E83D996938967A7A1C72CB2F46C94E15BCD9146E53138BA5D67E925AF","status":"BUKA","updated_at":"27/02/2025","validation_status":"valid","village":"KEDUNGDORO"},"type":"Feature"},{"geometry":{"coordinates":[112.74998080000012,-7.259802599999944],"type":"Point"},"properties":{"address":"JL. SLAMET NO.6, KETABANG, KEC. GENTENG, SURABAYA, JAWA TIMUR 60272","analysis_version":"p0-central-v1","category_l1":"MAKANAN DAN MINUMAN","category_l2":"MINUMAN","category_l3":"COFFEESHOP","collected_at":"Q4 2023","district":"GENTENG","merchant_id":"9faa5bca-7e94-5cb6-a037-4a1e12b278e4","merchant_name":"BABEH ST","phone":"0811-304-114","source":"MAKANAN DAN MINUMAN DI KOTA SURABAYA TAHUN 2025.geojson","source_feature_index":1566,"source_file":"data/raw/culinary/MAKANAN DAN MINUMAN DI KOTA SURABAYA TAHUN 2025.geojson","source_sha256":"0CDAE67E83D996938967A7A1C72CB2F46C94E15BCD9146E53138BA5D67E925AF","status":"BUKA","updated_at":"27/02/2025","validation_status":"valid","village":"KETABANG"},"type":"Feature"},{"geometry":{"coordinates":[112.748373,-7.2649397],"type":"Point"},"properties":{"address":"JALAN PEMUDA NO.257 EMBONG KALIASIN KECAMATAN GENTENG FOOUD COURT LANTAI 5 PLAZA, EMBONG KALIASIN, KEC. GENTENG, SURABAYA, JAWA TIMUR 60271","analysis_version":"p0-central-v1","category_l1":"MAKANAN DAN MINUMAN","category_l2":"RESTORAN","category_l3":"NASI GORENG","collected_at":"Q4 2023","district":"GENTENG","merchant_id":"a171a1f8-6aa5-5b25-a85a-b86e7e93e708","merchant_name":"NASI GORENG 69","phone":null,"source":"MAKANAN DAN MINUMAN DI KOTA SURABAYA TAHUN 2025.geojson","source_feature_index":677,"source_file":"data/raw/culinary/MAKANAN DAN MINUMAN DI KOTA SURABAYA TAHUN 2025.geojson","source_sha256":"0CDAE67E83D996938967A7A1C72CB2F46C94E15BCD9146E53138BA5D67E925AF","status":"BUKA","updated_at":"27/02/2025","validation_status":"valid","village":"EMBONG KALIASIN"},"type":"Feature"},{"geometry":{"coordinates":[112.7391751,-7.2630637],"type":"Point"},"properties":{"address":"JALAN JENDERAL BASUKI RAHMAT 12","analysis_version":"p0-central-v1","category_l1":"MAKANAN DAN MINUMAN","category_l2":"ROTI DAN KUE","category_l3":"ROTI","collected_at":"Q2 2026","district":"TEGALSARI","merchant_id":"a2acdd2d-68da-5674-80c1-e2fc4ec842f5","merchant_name":"EGA PASTRY AND BAKERY","phone":"+623170270434","source":"MAKANAN DAN MINUMAN DI KOTA SURABAYA TAHUN 2025.geojson","source_feature_index":2052,"source_file":"data/raw/culinary/MAKANAN DAN MINUMAN DI KOTA SURABAYA TAHUN 2025.geojson","source_sha256":"0CDAE67E83D996938967A7A1C72CB2F46C94E15BCD9146E53138BA5D67E925AF","status":"BUKA","updated_at":"09/04/2026","validation_status":"valid","village":"KEDUNGDORO"},"type":"Feature"},{"geometry":{"coordinates":[112.7525514,-7.2656457],"type":"Point"},"properties":{"address":"SURABAYA GUBENG, JL. STASIUN GUBENG, PACAR KELING, KEC. TAMBAKSARI, SURABAYA, JAWA TIMUR 60272","analysis_version":"p0-central-v1","category_l1":"MAKANAN DAN MINUMAN","category_l2":"RESTORAN","category_l3":"CEPAT SAJI","collected_at":"Q4 2023","district":"TAMBAKSARI","merchant_id":"a2e4e309-d812-5dd7-9c13-0d7d910be783","merchant_name":"CFC","phone":null,"source":"MAKANAN DAN MINUMAN DI KOTA SURABAYA TAHUN 2025.geojson","source_feature_index":1480,"source_file":"data/raw/culinary/MAKANAN DAN MINUMAN DI KOTA SURABAYA TAHUN 2025.geojson","source_sha256":"0CDAE67E83D996938967A7A1C72CB2F46C94E15BCD9146E53138BA5D67E925AF","status":"BUKA","updated_at":"27/02/2025","validation_status":"valid","village":"PACARKELING"},"type":"Feature"},{"geometry":{"coordinates":[112.749927,-7.261605],"type":"Point"},"properties":{"address":"GRAND CITY, LEVEL LG AND LEVEL 4, JL. WALIKOTA MUSTAJAB NO.1A, KETABANG, GENTENG, SURABAYA, EAST JAVA 60272","analysis_version":"p0-central-v1","category_l1":"MAKANAN DAN MINUMAN","category_l2":"MINUMAN","category_l3":"ES KRIM DAN DESSERT","collected_at":"Q4 2023","district":"GENTENG","merchant_id":"a2ee9986-8fd2-5c56-a97d-5cfe7a771b7b","merchant_name":"BASKIN ROBBINS","phone":null,"source":"MAKANAN DAN MINUMAN DI KOTA SURABAYA TAHUN 2025.geojson","source_feature_index":105,"source_file":"data/raw/culinary/MAKANAN DAN MINUMAN DI KOTA SURABAYA TAHUN 2025.geojson","source_sha256":"0CDAE67E83D996938967A7A1C72CB2F46C94E15BCD9146E53138BA5D67E925AF","status":"BUKA","updated_at":"27/02/2025","validation_status":"valid","village":"KETABANG"},"type":"Feature"},{"geometry":{"coordinates":[112.7487194,-7.2671979],"type":"Point"},"properties":{"address":"JL. EMBONG KENONGO NO.62, EMBONG KALIASIN, KEC. GENTENG, SURABAYA, JAWA TIMUR 60271","analysis_version":"p0-central-v1","category_l1":"MAKANAN DAN MINUMAN","category_l2":"RESTORAN","category_l3":"RESTORAN THAILAND","collected_at":"Q4 2023","district":"GENTENG","merchant_id":"a42130b9-3ade-55ca-b70a-db3563155f7a","merchant_name":"BODAENG THAI","phone":"(031) 5483565","source":"MAKANAN DAN MINUMAN DI KOTA SURABAYA TAHUN 2025.geojson","source_feature_index":458,"source_file":"data/raw/culinary/MAKANAN DAN MINUMAN DI KOTA SURABAYA TAHUN 2025.geojson","source_sha256":"0CDAE67E83D996938967A7A1C72CB2F46C94E15BCD9146E53138BA5D67E925AF","status":"BUKA","updated_at":"27/02/2025","validation_status":"valid","village":"EMBONG KALIASIN"},"type":"Feature"},{"geometry":{"coordinates":[112.73473400000012,-7.259647],"type":"Point"},"properties":{"address":"JW MARRIOTT HOTEL, JL. EMBONG MALANG NO.85-89, KEDUNGDORO, KEC. TEGALSARI, SURABAYA, JAWA TIMUR 60261","analysis_version":"p0-central-v1","category_l1":"MAKANAN DAN MINUMAN","category_l2":"RESTORAN","category_l3":"RESTORAN JEPANG","collected_at":"Q4 2023","district":"TEGALSARI","merchant_id":"a431ee91-75b6-5bb2-b6e1-a3f4aecfa5f7","merchant_name":"IMARI JAPANESE RESTAURANT AT JW MARRIOTT SURABAYA","phone":"0811-3529-279","source":"MAKANAN DAN MINUMAN DI KOTA SURABAYA TAHUN 2025.geojson","source_feature_index":978,"source_file":"data/raw/culinary/MAKANAN DAN MINUMAN DI KOTA SURABAYA TAHUN 2025.geojson","source_sha256":"0CDAE67E83D996938967A7A1C72CB2F46C94E15BCD9146E53138BA5D67E925AF","status":"BUKA","updated_at":"27/02/2025","validation_status":"valid","village":"KEDUNGDORO"},"type":"Feature"},{"geometry":{"coordinates":[112.7396475,-7.2586331],"type":"Point"},"properties":{"address":"JALAN GENTENG BESAR 77","analysis_version":"p0-central-v1","category_l1":"MAKANAN DAN MINUMAN","category_l2":"ROTI DAN KUE","category_l3":"KUE TRADISIONAL","collected_at":"Q2 2026","district":"GENTENG","merchant_id":"a50f99ee-a45b-5da9-ba3c-4b56a1ef5738","merchant_name":"LAPIS KUKUS PAHLAWAN","phone":"+628111169531","source":"MAKANAN DAN MINUMAN DI KOTA SURABAYA TAHUN 2025.geojson","source_feature_index":2080,"source_file":"data/raw/culinary/MAKANAN DAN MINUMAN DI KOTA SURABAYA TAHUN 2025.geojson","source_sha256":"0CDAE67E83D996938967A7A1C72CB2F46C94E15BCD9146E53138BA5D67E925AF","status":"BUKA","updated_at":"09/04/2026","validation_status":"valid","village":"GENTENG"},"type":"Feature"},{"geometry":{"coordinates":[112.73939660000008,-7.26922129999997],"type":"Point"},"properties":{"address":"JL. KOMBES POL. MOH. DURYAT NO.19-21, EMBONG KALIASIN, KEC. GENTENG, SURABAYA, JAWA TIMUR 60262","analysis_version":"p0-central-v1","category_l1":"MAKANAN DAN MINUMAN","category_l2":"RESTORAN","category_l3":"RESTORAN PADANG","collected_at":"Q4 2023","district":"GENTENG","merchant_id":"a5e783cf-f2b1-506c-852f-75ea3dcf49ac","merchant_name":"RESTORAN PADANG SEDERHANA KOMBES DURYAT","phone":"(031) 5340515","source":"MAKANAN DAN MINUMAN DI KOTA SURABAYA TAHUN 2025.geojson","source_feature_index":212,"source_file":"data/raw/culinary/MAKANAN DAN MINUMAN DI KOTA SURABAYA TAHUN 2025.geojson","source_sha256":"0CDAE67E83D996938967A7A1C72CB2F46C94E15BCD9146E53138BA5D67E925AF","status":"BUKA","updated_at":"27/02/2025","validation_status":"valid","village":"EMBONG KALIASIN"},"type":"Feature"},{"geometry":{"coordinates":[112.73315030000003,-7.254455199999938],"type":"Point"},"properties":{"address":"LT LOWER GROUND - BG JUNCTION, JL. BUBUTAN NO.1-7, SURABAYA, JAWA TIMUR 60174","analysis_version":"p0-central-v1","category_l1":"MAKANAN DAN MINUMAN","category_l2":"RESTORAN","category_l3":"RESTORAN TIMUR TENGAH","collected_at":"Q4 2023","district":"BUBUTAN","merchant_id":"a611718f-8204-5436-939a-06fad89c4a07","merchant_name":"KEBAB TURKI","phone":"0812-9595-3956","source":"MAKANAN DAN MINUMAN DI KOTA SURABAYA TAHUN 2025.geojson","source_feature_index":388,"source_file":"data/raw/culinary/MAKANAN DAN MINUMAN DI KOTA SURABAYA TAHUN 2025.geojson","source_sha256":"0CDAE67E83D996938967A7A1C72CB2F46C94E15BCD9146E53138BA5D67E925AF","status":"BUKA","updated_at":"27/02/2025","validation_status":"valid","village":"BUBUTAN"},"type":"Feature"},{"geometry":{"coordinates":[112.742231,-7.262747],"type":"Point"},"properties":{"address":"JL. SIMPANG DUKUH NO.21, EMBONG KALIASIN, KEC. GENTENG, SURABAYA, JAWA TIMUR 60275","analysis_version":"p0-central-v1","category_l1":"MAKANAN DAN MINUMAN","category_l2":"MINUMAN","category_l3":"COFFEESHOP","collected_at":"Q4 2023","district":"GENTENG","merchant_id":"a61c933e-bde2-5a4f-b24e-c45fedfa60bf","merchant_name":"IMHO COFFEE","phone":"0822-3344-4740","source":"MAKANAN DAN MINUMAN DI KOTA SURABAYA TAHUN 2025.geojson","source_feature_index":858,"source_file":"data/raw/culinary/MAKANAN DAN MINUMAN DI KOTA SURABAYA TAHUN 2025.geojson","source_sha256":"0CDAE67E83D996938967A7A1C72CB2F46C94E15BCD9146E53138BA5D67E925AF","status":"BUKA","updated_at":"27/02/2025","validation_status":"valid","village":"EMBONG KALIASIN"},"type":"Feature"},{"geometry":{"coordinates":[112.7379284,-7.2622204],"type":"Point"},"properties":{"address":"JL. BASUKI RAHMAT NO.8 - 12, KEDUNGDORO, KEC. TEGALSARI, SURABAYA, JAWA TIMUR 60261","analysis_version":"p0-central-v1","category_l1":"MAKANAN DAN MINUMAN","category_l2":"RESTORAN","category_l3":"RESTORAN MEKSIKO","collected_at":"Q4 2023","district":"TEGALSARI","merchant_id":"a62a36bc-8eb7-538d-856e-c5fed73f8c55","merchant_name":"HACIENDA","phone":"(031) 99246835","source":"MAKANAN DAN MINUMAN DI KOTA SURABAYA TAHUN 2025.geojson","source_feature_index":920,"source_file":"data/raw/culinary/MAKANAN DAN MINUMAN DI KOTA SURABAYA TAHUN 2025.geojson","source_sha256":"0CDAE67E83D996938967A7A1C72CB2F46C94E15BCD9146E53138BA5D67E925AF","status":"BUKA","updated_at":"27/02/2025","validation_status":"valid","village":"KEDUNGDORO"},"type":"Feature"},{"geometry":{"coordinates":[112.75125130000004,-7.267784099999972],"type":"Point"},"properties":{"address":"JL. SUMATERA NO.21, PACAR KELING, TAMBAKSARI, SURABAYA, EAST JAVA 60281","analysis_version":"p0-central-v1","category_l1":"MAKANAN DAN MINUMAN","category_l2":"MINUMAN","category_l3":"COFFEESHOP","collected_at":"Q4 2023","district":"TAMBAKSARI","merchant_id":"a74bafd4-9b3e-5ce3-be8e-e9b60468f7f2","merchant_name":"KATEKO SURABAYA","phone":"0811-3290-086","source":"MAKANAN DAN MINUMAN DI KOTA SURABAYA TAHUN 2025.geojson","source_feature_index":867,"source_file":"data/raw/culinary/MAKANAN DAN MINUMAN DI KOTA SURABAYA TAHUN 2025.geojson","source_sha256":"0CDAE67E83D996938967A7A1C72CB2F46C94E15BCD9146E53138BA5D67E925AF","status":"BUKA","updated_at":"27/02/2025","validation_status":"valid","village":"PACARKELING"},"type":"Feature"},{"geometry":{"coordinates":[112.7405039,-7.2561602],"type":"Point"},"properties":{"address":"JALAN GENTENG KALI 79","analysis_version":"p0-central-v1","category_l1":"MAKANAN DAN MINUMAN","category_l2":"ROTI DAN KUE","category_l3":"KUE","collected_at":"Q2 2026","district":"GENTENG","merchant_id":"a75a2b3c-128d-56d0-8aeb-e4b1d453535c","merchant_name":"TINABIKA","phone":"+62318703688","source":"MAKANAN DAN MINUMAN DI KOTA SURABAYA TAHUN 2025.geojson","source_feature_index":2097,"source_file":"data/raw/culinary/MAKANAN DAN MINUMAN DI KOTA SURABAYA TAHUN 2025.geojson","source_sha256":"0CDAE67E83D996938967A7A1C72CB2F46C94E15BCD9146E53138BA5D67E925AF","status":"BUKA","updated_at":"09/04/2026","validation_status":"valid","village":"GENTENG"},"type":"Feature"},{"geometry":{"coordinates":[112.74063840000008,-7.271475299999957],"type":"Point"},"properties":{"address":"BUMI SURABAYA CITY RESORT, JL. JEND. BASUKI RAKHMAT NO.106-128, EMBONG KALIASIN, KEC. GENTENG, SURABAYA, JAWA TIMUR 60271","analysis_version":"p0-central-v1","category_l1":"MAKANAN DAN MINUMAN","category_l2":"RESTORAN","category_l3":"KAFE DAN RESTO","collected_at":"Q4 2023","district":"GENTENG","merchant_id":"a90f34c5-4ed6-52ed-acc8-522effa677ff","merchant_name":"ARUMANIS RESTAURANT","phone":"(031) 5326301","source":"MAKANAN DAN MINUMAN DI KOTA SURABAYA TAHUN 2025.geojson","source_feature_index":1098,"source_file":"data/raw/culinary/MAKANAN DAN MINUMAN DI KOTA SURABAYA TAHUN 2025.geojson","source_sha256":"0CDAE67E83D996938967A7A1C72CB2F46C94E15BCD9146E53138BA5D67E925AF","status":"BUKA","updated_at":"27/02/2025","validation_status":"valid","village":"EMBONG KALIASIN"},"type":"Feature"},{"geometry":{"coordinates":[112.742911,-7.272325],"type":"Point"},"properties":{"address":"JL. PANGLIMA SUDIRMAN NO.93, EMBONG KALIASIN, GENTENG, SURABAYA, EAST JAVA 60271","analysis_version":"p0-central-v1","category_l1":"MAKANAN DAN MINUMAN","category_l2":"RESTORAN","category_l3":"JAJANAN","collected_at":"Q4 2023","district":"GENTENG","merchant_id":"a9d1f3bd-3f96-5adc-b7c8-2f1ea38b6f1d","merchant_name":"WOY MAKARONI - PANGLIMA SUDIRMAN","phone":null,"source":"MAKANAN DAN MINUMAN DI KOTA SURABAYA TAHUN 2025.geojson","source_feature_index":1454,"source_file":"data/raw/culinary/MAKANAN DAN MINUMAN DI KOTA SURABAYA TAHUN 2025.geojson","source_sha256":"0CDAE67E83D996938967A7A1C72CB2F46C94E15BCD9146E53138BA5D67E925AF","status":"BUKA","updated_at":"27/02/2025","validation_status":"valid","village":"EMBONG KALIASIN"},"type":"Feature"},{"geometry":{"coordinates":[112.73981550000008,-7.266182899999933],"type":"Point"},"properties":{"address":"JL. PREGOLAN NO.2, TEGALSARI, KEC. TEGALSARI, SURABAYA, JAWA TIMUR 60262","analysis_version":"p0-central-v1","category_l1":"MAKANAN DAN MINUMAN","category_l2":"MINUMAN","category_l3":"COFFEESHOP","collected_at":"Q4 2023","district":"TEGALSARI","merchant_id":"aa940fb2-30db-506a-90dd-b7c79596c07f","merchant_name":"LE CAFE GOURMAND","phone":"0811-3221-1222","source":"MAKANAN DAN MINUMAN DI KOTA SURABAYA TAHUN 2025.geojson","source_feature_index":879,"source_file":"data/raw/culinary/MAKANAN DAN MINUMAN DI KOTA SURABAYA TAHUN 2025.geojson","source_sha256":"0CDAE67E83D996938967A7A1C72CB2F46C94E15BCD9146E53138BA5D67E925AF","status":"BUKA","updated_at":"27/02/2025","validation_status":"valid","village":"TEGALSARI"},"type":"Feature"},{"geometry":{"coordinates":[112.7563186000001,-7.266084499999977],"type":"Point"},"properties":{"address":"JL. DHARMAHUSADA NO.6B, AIRLANGGA, KEC. GUBENG, SURABAYA, JAWA TIMUR 60286","analysis_version":"p0-central-v1","category_l1":"MAKANAN DAN MINUMAN","category_l2":"RESTORAN","category_l3":"MIE DAN BAKSO","collected_at":"Q4 2023","district":"GUBENG","merchant_id":"aa9c59c1-c2ee-59fa-8cbf-ae89851b8cc3","merchant_name":"DEPOT SLAMET","phone":"(031) 5032810","source":"MAKANAN DAN MINUMAN DI KOTA SURABAYA TAHUN 2025.geojson","source_feature_index":703,"source_file":"data/raw/culinary/MAKANAN DAN MINUMAN DI KOTA SURABAYA TAHUN 2025.geojson","source_sha256":"0CDAE67E83D996938967A7A1C72CB2F46C94E15BCD9146E53138BA5D67E925AF","status":"BUKA","updated_at":"27/02/2025","validation_status":"valid","village":"AIRLANGGA"},"type":"Feature"},{"geometry":{"coordinates":[112.7411996,-7.2697791],"type":"Point"},"properties":{"address":"JALAN BASUKI RAHMAT 94","analysis_version":"p0-central-v1","category_l1":"MAKANAN DAN MINUMAN","category_l2":"ROTI DAN KUE","category_l3":"ROTI","collected_at":"Q2 2026","district":"GENTENG","merchant_id":"aac7f4f4-73e5-5b73-b7a3-97a9e0089de3","merchant_name":"IBIS RESTAURANT, BAR AND BAKERY","phone":null,"source":"MAKANAN DAN MINUMAN DI KOTA SURABAYA TAHUN 2025.geojson","source_feature_index":2021,"source_file":"data/raw/culinary/MAKANAN DAN MINUMAN DI KOTA SURABAYA TAHUN 2025.geojson","source_sha256":"0CDAE67E83D996938967A7A1C72CB2F46C94E15BCD9146E53138BA5D67E925AF","status":"BUKA","updated_at":"09/04/2026","validation_status":"valid","village":"EMBONG KALIASIN"},"type":"Feature"},{"geometry":{"coordinates":[112.7362694,-7.2600108],"type":"Point"},"properties":{"address":"JALAN EMBONG MALANG 42","analysis_version":"p0-central-v1","category_l1":"MAKANAN DAN MINUMAN","category_l2":"ROTI DAN KUE","category_l3":"KUE TRADISIONAL","collected_at":"Q2 2026","district":"TEGALSARI","merchant_id":"ab7f5fe6-8430-5b9f-ae2d-c0a007398eb0","merchant_name":"MARTABAK GADING PECENONGAN","phone":"+623191716616","source":"MAKANAN DAN MINUMAN DI KOTA SURABAYA TAHUN 2025.geojson","source_feature_index":2079,"source_file":"data/raw/culinary/MAKANAN DAN MINUMAN DI KOTA SURABAYA TAHUN 2025.geojson","source_sha256":"0CDAE67E83D996938967A7A1C72CB2F46C94E15BCD9146E53138BA5D67E925AF","status":"BUKA","updated_at":"09/04/2026","validation_status":"valid","village":"KEDUNGDORO"},"type":"Feature"},{"geometry":{"coordinates":[112.733423,-7.2692342],"type":"Point"},"properties":{"address":"JL. WONOREJO II MASUK GANG 43 NO.41, RT.002/RW.04, WONOREJO, KEC. TEGALSARI, SURABAYA, JAWA TIMUR 60263","analysis_version":"p0-central-v1","category_l1":"MAKANAN DAN MINUMAN","category_l2":"MINUMAN","category_l3":"ES KRIM DAN DESSERT","collected_at":"Q4 2023","district":"TEGALSARI","merchant_id":"ae8a09c6-8392-533b-8cb4-d6c842ba9205","merchant_name":"GEMBIRA ES KRIM","phone":"0822-3075-2280","source":"MAKANAN DAN MINUMAN DI KOTA SURABAYA TAHUN 2025.geojson","source_feature_index":48,"source_file":"data/raw/culinary/MAKANAN DAN MINUMAN DI KOTA SURABAYA TAHUN 2025.geojson","source_sha256":"0CDAE67E83D996938967A7A1C72CB2F46C94E15BCD9146E53138BA5D67E925AF","status":"BUKA","updated_at":"27/02/2025","validation_status":"valid","village":"WONOREJO"},"type":"Feature"},{"geometry":{"coordinates":[112.747834,-7.263012799999956],"type":"Point"},"properties":{"address":"WTC SBY, JL. PEMUDA, EMBONG KALIASIN, GENTENG, SURABAYA, EAST JAVA 60172","analysis_version":"p0-central-v1","category_l1":"MAKANAN DAN MINUMAN","category_l2":"RESTORAN","category_l3":"RESTORAN PADANG","collected_at":"Q4 2023","district":"GENTENG","merchant_id":"af0379a8-bdc5-52f9-9b5c-4f78d2143585","merchant_name":"NASI PADANG WTC E-MALL","phone":"0818-0200-1559","source":"MAKANAN DAN MINUMAN DI KOTA SURABAYA TAHUN 2025.geojson","source_feature_index":207,"source_file":"data/raw/culinary/MAKANAN DAN MINUMAN DI KOTA SURABAYA TAHUN 2025.geojson","source_sha256":"0CDAE67E83D996938967A7A1C72CB2F46C94E15BCD9146E53138BA5D67E925AF","status":"BUKA","updated_at":"27/02/2025","validation_status":"valid","village":"EMBONG KALIASIN"},"type":"Feature"},{"geometry":{"coordinates":[112.7574661000001,-7.259644399999956],"type":"Point"},"properties":{"address":"002, JL. PACAR KELING NO.17, RT.002/RW.10, PACAR KELING, KEC. TAMBAKSARI, SURABAYA, JAWA TIMUR 60131","analysis_version":"p0-central-v1","category_l1":"MAKANAN DAN MINUMAN","category_l2":"RESTORAN","category_l3":"MIE DAN BAKSO","collected_at":"Q4 2023","district":"TAMBAKSARI","merchant_id":"af0ef116-1899-5b70-9de4-80a50ff0a0c0","merchant_name":"DEPOT BAKMIE PACAR KELING","phone":"0857-8488-5020","source":"MAKANAN DAN MINUMAN DI KOTA SURABAYA TAHUN 2025.geojson","source_feature_index":708,"source_file":"data/raw/culinary/MAKANAN DAN MINUMAN DI KOTA SURABAYA TAHUN 2025.geojson","source_sha256":"0CDAE67E83D996938967A7A1C72CB2F46C94E15BCD9146E53138BA5D67E925AF","status":"BUKA","updated_at":"27/02/2025","validation_status":"valid","village":"PACARKELING"},"type":"Feature"},{"geometry":{"coordinates":[112.74781170000006,-7.269059699999957],"type":"Point"},"properties":{"address":"JL. KAYOON, EMBONG KALIASIN, KEC. GENTENG, SURABAYA, JAWA TIMUR 60271","analysis_version":"p0-central-v1","category_l1":"MAKANAN DAN MINUMAN","category_l2":"RESTORAN","category_l3":"RESTORAN PADANG","collected_at":"Q4 2023","district":"GENTENG","merchant_id":"af5c3426-be45-581c-b4c2-f21bfa146475","merchant_name":"SAGO MINANG MASAKAN PADANG","phone":"(031) 5472482","source":"MAKANAN DAN MINUMAN DI KOTA SURABAYA TAHUN 2025.geojson","source_feature_index":1403,"source_file":"data/raw/culinary/MAKANAN DAN MINUMAN DI KOTA SURABAYA TAHUN 2025.geojson","source_sha256":"0CDAE67E83D996938967A7A1C72CB2F46C94E15BCD9146E53138BA5D67E925AF","status":"BUKA","updated_at":"27/02/2025","validation_status":"valid","village":"EMBONG KALIASIN"},"type":"Feature"},{"geometry":{"coordinates":[112.7545617,-7.2580464],"type":"Point"},"properties":{"address":"JL. PACAR KELING NO.7A, PACAR KELING, TAMBAKSARI, SURABAYA, EAST JAVA 60131","analysis_version":"p0-central-v1","category_l1":"MAKANAN DAN MINUMAN","category_l2":"MINUMAN","category_l3":"ES KRIM DAN DESSERT","collected_at":"Q4 2023","district":"TAMBAKSARI","merchant_id":"af6d7ab0-ee0e-5495-b0d5-290119174e22","merchant_name":"MOMOYO ICE CREAM & FRUIT TEA - TAMBAKSARI","phone":"0811-336-560","source":"MAKANAN DAN MINUMAN DI KOTA SURABAYA TAHUN 2025.geojson","source_feature_index":23,"source_file":"data/raw/culinary/MAKANAN DAN MINUMAN DI KOTA SURABAYA TAHUN 2025.geojson","source_sha256":"0CDAE67E83D996938967A7A1C72CB2F46C94E15BCD9146E53138BA5D67E925AF","status":"BUKA","updated_at":"27/02/2025","validation_status":"valid","village":"PACARKELING"},"type":"Feature"},{"geometry":{"coordinates":[112.74831210000002,-7.271928],"type":"Point"},"properties":{"address":"JL. RAYA GUBENG NO.46, GUBENG, KEC. GUBENG, SURABAYA, JAWA TIMUR 60281","analysis_version":"p0-central-v1","category_l1":"MAKANAN DAN MINUMAN","category_l2":"MINUMAN","category_l3":"COFFEESHOP","collected_at":"Q4 2023","district":"GUBENG","merchant_id":"aff84a54-d6c2-56cc-bb93-3a8c7ed95d48","merchant_name":"BONCAFE RAYA GUBENG","phone":"(031) 5046222","source":"MAKANAN DAN MINUMAN DI KOTA SURABAYA TAHUN 2025.geojson","source_feature_index":1269,"source_file":"data/raw/culinary/MAKANAN DAN MINUMAN DI KOTA SURABAYA TAHUN 2025.geojson","source_sha256":"0CDAE67E83D996938967A7A1C72CB2F46C94E15BCD9146E53138BA5D67E925AF","status":"BUKA","updated_at":"27/02/2025","validation_status":"valid","village":"GUBENG"},"type":"Feature"},{"geometry":{"coordinates":[112.7401784,-7.2694812],"type":"Point"},"properties":{"address":"JL. EMBONG BLIMBING, EMBONG KALIASIN, KEC. GENTENG, SURABAYA, JAWA TIMUR 60262","analysis_version":"p0-central-v1","category_l1":"MAKANAN DAN MINUMAN","category_l2":"RESTORAN","category_l3":"NASI GORENG","collected_at":"Q4 2023","district":"GENTENG","merchant_id":"b00b46db-edfb-5329-991f-8de27542615d","merchant_name":"DEPOT 20 NASI GORENG JAWA","phone":"0821-3211-0441","source":"MAKANAN DAN MINUMAN DI KOTA SURABAYA TAHUN 2025.geojson","source_feature_index":590,"source_file":"data/raw/culinary/MAKANAN DAN MINUMAN DI KOTA SURABAYA TAHUN 2025.geojson","source_sha256":"0CDAE67E83D996938967A7A1C72CB2F46C94E15BCD9146E53138BA5D67E925AF","status":"BUKA","updated_at":"27/02/2025","validation_status":"valid","village":"EMBONG KALIASIN"},"type":"Feature"},{"geometry":{"coordinates":[112.7470853663118,-7.2651740179285],"type":"Point"},"properties":{"address":"PLAZA SURABAYA, LT. 1 #24A","analysis_version":"p0-central-v1","category_l1":"MAKANAN DAN MINUMAN","category_l2":"ROTI DAN KUE","category_l3":"ROTI","collected_at":"Q2 2026","district":"GENTENG","merchant_id":"b035ce35-6c80-5c07-a797-65ce2d7ce8a6","merchant_name":"ROTIBOY BAKESHOPPE","phone":"(0623) 15311537","source":"MAKANAN DAN MINUMAN DI KOTA SURABAYA TAHUN 2025.geojson","source_feature_index":2042,"source_file":"data/raw/culinary/MAKANAN DAN MINUMAN DI KOTA SURABAYA TAHUN 2025.geojson","source_sha256":"0CDAE67E83D996938967A7A1C72CB2F46C94E15BCD9146E53138BA5D67E925AF","status":"BUKA","updated_at":"09/04/2026","validation_status":"valid","village":"EMBONG KALIASIN"},"type":"Feature"},{"geometry":{"coordinates":[112.74891698483293,-7.263765100372313],"type":"Point"},"properties":{"address":"PLAZA SURABAYA, SHOP HOUSE LT. 1 BLOK A NO. 8-17","analysis_version":"p0-central-v1","category_l1":"MAKANAN DAN MINUMAN","category_l2":"ROTI DAN KUE","category_l3":"ROTI","collected_at":"Q2 2026","district":"GENTENG","merchant_id":"b0483245-e784-542f-a277-63ba40512e90","merchant_name":"BOGASARI BAKING CENTER","phone":"(0623) 15453066","source":"MAKANAN DAN MINUMAN DI KOTA SURABAYA TAHUN 2025.geojson","source_feature_index":2046,"source_file":"data/raw/culinary/MAKANAN DAN MINUMAN DI KOTA SURABAYA TAHUN 2025.geojson","source_sha256":"0CDAE67E83D996938967A7A1C72CB2F46C94E15BCD9146E53138BA5D67E925AF","status":"BUKA","updated_at":"09/04/2026","validation_status":"valid","village":"EMBONG KALIASIN"},"type":"Feature"},{"geometry":{"coordinates":[112.75120590000006,-7.267709099999934],"type":"Point"},"properties":{"address":"JL. SUMATERA, PACAR KELING, TAMBAKSARI, SURABAYA, EAST JAVA 60272","analysis_version":"p0-central-v1","category_l1":"MAKANAN DAN MINUMAN","category_l2":"MINUMAN","category_l3":"COFFEESHOP","collected_at":"Q4 2023","district":"TAMBAKSARI","merchant_id":"b1af63f2-7a94-5cfd-a2ba-d1abf0846906","merchant_name":"KAFE TENGAH KOTA","phone":null,"source":"MAKANAN DAN MINUMAN DI KOTA SURABAYA TAHUN 2025.geojson","source_feature_index":864,"source_file":"data/raw/culinary/MAKANAN DAN MINUMAN DI KOTA SURABAYA TAHUN 2025.geojson","source_sha256":"0CDAE67E83D996938967A7A1C72CB2F46C94E15BCD9146E53138BA5D67E925AF","status":"BUKA","updated_at":"27/02/2025","validation_status":"valid","village":"PACARKELING"},"type":"Feature"},{"geometry":{"coordinates":[112.742433,-7.263622],"type":"Point"},"properties":{"address":"JL. TAMAN APSARI NO.65, EMBONG KALIASIN, KEC. GENTENG, SURABAYA, JAWA TIMUR 60271","analysis_version":"p0-central-v1","category_l1":"MAKANAN DAN MINUMAN","category_l2":"RESTORAN","category_l3":"NASI GORENG","collected_at":"Q4 2023","district":"GENTENG","merchant_id":"b1ee5061-7140-51d6-9c75-b78fea1c14b4","merchant_name":"NASI GORENG KRENGSENGAN GRAHADI","phone":"0823-3127-7755","source":"MAKANAN DAN MINUMAN DI KOTA SURABAYA TAHUN 2025.geojson","source_feature_index":648,"source_file":"data/raw/culinary/MAKANAN DAN MINUMAN DI KOTA SURABAYA TAHUN 2025.geojson","source_sha256":"0CDAE67E83D996938967A7A1C72CB2F46C94E15BCD9146E53138BA5D67E925AF","status":"BUKA","updated_at":"27/02/2025","validation_status":"valid","village":"EMBONG KALIASIN"},"type":"Feature"},{"geometry":{"coordinates":[112.7456354,-7.2510609],"type":"Point"},"properties":{"address":"JL. UNDAAN WETAN NO.44, RT.005/RW.10, KETABANG, KEC. GENTENG, SURABAYA, JAWA TIMUR 60272","analysis_version":"p0-central-v1","category_l1":"MAKANAN DAN MINUMAN","category_l2":"RESTORAN","category_l3":"NASI GORENG","collected_at":"Q4 2023","district":"GENTENG","merchant_id":"b2da94ad-2fbe-5994-a1a5-79f3884c5301","merchant_name":"NASI GORENG PAK RUDI","phone":"0815-5191-007","source":"MAKANAN DAN MINUMAN DI KOTA SURABAYA TAHUN 2025.geojson","source_feature_index":683,"source_file":"data/raw/culinary/MAKANAN DAN MINUMAN DI KOTA SURABAYA TAHUN 2025.geojson","source_sha256":"0CDAE67E83D996938967A7A1C72CB2F46C94E15BCD9146E53138BA5D67E925AF","status":"BUKA","updated_at":"27/02/2025","validation_status":"valid","village":"KAPASARI"},"type":"Feature"},{"geometry":{"coordinates":[112.7443015,-7.270470099999952],"type":"Point"},"properties":{"address":"JL. EMBONG CERME NO.17, EMBONG KALIASIN, KEC. GENTENG, SURABAYA, JAWA TIMUR 60271","analysis_version":"p0-central-v1","category_l1":"MAKANAN DAN MINUMAN","category_l2":"BAR","category_l3":"BAR","collected_at":"Q4 2023","district":"GENTENG","merchant_id":"b304df90-df21-52ae-87c9-d61371218268","merchant_name":"OUR BAR","phone":"0822-4448-1717","source":"MAKANAN DAN MINUMAN DI KOTA SURABAYA TAHUN 2025.geojson","source_feature_index":1092,"source_file":"data/raw/culinary/MAKANAN DAN MINUMAN DI KOTA SURABAYA TAHUN 2025.geojson","source_sha256":"0CDAE67E83D996938967A7A1C72CB2F46C94E15BCD9146E53138BA5D67E925AF","status":"BUKA","updated_at":"27/02/2025","validation_status":"valid","village":"EMBONG KALIASIN"},"type":"Feature"},{"geometry":{"coordinates":[112.73911520000001,-7.265305499999954],"type":"Point"},"properties":{"address":"JL. TEGALSARI NO.14, KEDUNGDORO, TEGALSARI, SURABAYA, EAST JAVA 60261","analysis_version":"p0-central-v1","category_l1":"MAKANAN DAN MINUMAN","category_l2":"MINUMAN","category_l3":"COFFEESHOP","collected_at":"Q4 2023","district":"TEGALSARI","merchant_id":"b3c81b80-233e-5fda-991c-6b89ad1514e7","merchant_name":"CARROT COFFEE","phone":"0811-3322-929","source":"MAKANAN DAN MINUMAN DI KOTA SURABAYA TAHUN 2025.geojson","source_feature_index":1586,"source_file":"data/raw/culinary/MAKANAN DAN MINUMAN DI KOTA SURABAYA TAHUN 2025.geojson","source_sha256":"0CDAE67E83D996938967A7A1C72CB2F46C94E15BCD9146E53138BA5D67E925AF","status":"BUKA","updated_at":"27/02/2025","validation_status":"valid","village":"KEDUNGDORO"},"type":"Feature"},{"geometry":{"coordinates":[112.7503011,-7.2618186],"type":"Point"},"properties":{"address":"GRAND CITY, LEVEL 4, JL. WALIKOTA MUSTAJAB NO.1, KETABANG, GENTENG, SURABAYA, EAST JAVA 60272","analysis_version":"p0-central-v1","category_l1":"MAKANAN DAN MINUMAN","category_l2":"MINUMAN","category_l3":"MINUMAN BOBA DAN MILK TEA","collected_at":"Q4 2023","district":"GENTENG","merchant_id":"b3dca46b-4e01-5886-9f6a-6cc836fc161b","merchant_name":"QUICKLY - GRAND CITY MALL SURABAYA","phone":"(031) 5459000","source":"MAKANAN DAN MINUMAN DI KOTA SURABAYA TAHUN 2025.geojson","source_feature_index":543,"source_file":"data/raw/culinary/MAKANAN DAN MINUMAN DI KOTA SURABAYA TAHUN 2025.geojson","source_sha256":"0CDAE67E83D996938967A7A1C72CB2F46C94E15BCD9146E53138BA5D67E925AF","status":"BUKA","updated_at":"27/02/2025","validation_status":"valid","village":"KETABANG"},"type":"Feature"},{"geometry":{"coordinates":[112.738589,-7.256566099999926],"type":"Point"},"properties":{"address":"JL. GENTENG KALI NO.97-99, GENTENG, KEC. GENTENG, SURABAYA, JAWA TIMUR 60275","analysis_version":"p0-central-v1","category_l1":"MAKANAN DAN MINUMAN","category_l2":"RESTORAN","category_l3":"KAFE DAN RESTO","collected_at":"Q4 2023","district":"GENTENG","merchant_id":"b3f280a1-e5fd-5be9-bcae-6c2240556728","merchant_name":"BIMA RESTAURANT","phone":"(031) 5344042","source":"MAKANAN DAN MINUMAN DI KOTA SURABAYA TAHUN 2025.geojson","source_feature_index":1095,"source_file":"data/raw/culinary/MAKANAN DAN MINUMAN DI KOTA SURABAYA TAHUN 2025.geojson","source_sha256":"0CDAE67E83D996938967A7A1C72CB2F46C94E15BCD9146E53138BA5D67E925AF","status":"BUKA","updated_at":"27/02/2025","validation_status":"valid","village":"GENTENG"},"type":"Feature"},{"geometry":{"coordinates":[112.7383509,-7.2612582],"type":"Point"},"properties":{"address":"TUNJUNGAN PLAZA 6, JL. EMBONG MALANG NO.21-31, KEDUNGDORO, KEC. TEGALSARI, SURABAYA, JAWA TIMUR 60261","analysis_version":"p0-central-v1","category_l1":"MAKANAN DAN MINUMAN","category_l2":"RESTORAN","category_l3":"SEAFOOD","collected_at":"Q4 2023","district":"TEGALSARI","merchant_id":"b3fa59c0-d34e-5f74-a741-7a0fc3421a43","merchant_name":"DAUN LADA","phone":"(031) 99245297","source":"MAKANAN DAN MINUMAN DI KOTA SURABAYA TAHUN 2025.geojson","source_feature_index":265,"source_file":"data/raw/culinary/MAKANAN DAN MINUMAN DI KOTA SURABAYA TAHUN 2025.geojson","source_sha256":"0CDAE67E83D996938967A7A1C72CB2F46C94E15BCD9146E53138BA5D67E925AF","status":"BUKA","updated_at":"27/02/2025","validation_status":"valid","village":"KEDUNGDORO"},"type":"Feature"},{"geometry":{"coordinates":[112.74431760000004,-7.260193199999947],"type":"Point"},"properties":{"address":"JL. WALIKOTA MUSTAJAB NO.38, KETABANG, KEC. GENTENG, SURABAYA, JAWA TIMUR 60272","analysis_version":"p0-central-v1","category_l1":"MAKANAN DAN MINUMAN","category_l2":"RESTORAN","category_l3":"MIE DAN BAKSO","collected_at":"Q4 2023","district":"GENTENG","merchant_id":"b42fdd66-1fdc-51f1-8e95-5597d42759ca","merchant_name":"MIE ATROEP - ONDOMOHEN","phone":null,"source":"MAKANAN DAN MINUMAN DI KOTA SURABAYA TAHUN 2025.geojson","source_feature_index":806,"source_file":"data/raw/culinary/MAKANAN DAN MINUMAN DI KOTA SURABAYA TAHUN 2025.geojson","source_sha256":"0CDAE67E83D996938967A7A1C72CB2F46C94E15BCD9146E53138BA5D67E925AF","status":"BUKA","updated_at":"27/02/2025","validation_status":"valid","village":"KETABANG"},"type":"Feature"},{"geometry":{"coordinates":[112.7489638,-7.2739385],"type":"Point"},"properties":{"address":"JL. JAWA NO.32, GUBENG, KEC. GUBENG, SURABAYA, JAWA TIMUR 60281","analysis_version":"p0-central-v1","category_l1":"MAKANAN DAN MINUMAN","category_l2":"RESTORAN","category_l3":"SEAFOOD","collected_at":"Q4 2023","district":"GUBENG","merchant_id":"b4f9fde7-d3d9-58c2-a592-982fd53efc75","merchant_name":"SEA MONSTERS SEAFOOD RESTAURANT","phone":"(031) 99445150","source":"MAKANAN DAN MINUMAN DI KOTA SURABAYA TAHUN 2025.geojson","source_feature_index":233,"source_file":"data/raw/culinary/MAKANAN DAN MINUMAN DI KOTA SURABAYA TAHUN 2025.geojson","source_sha256":"0CDAE67E83D996938967A7A1C72CB2F46C94E15BCD9146E53138BA5D67E925AF","status":"BUKA","updated_at":"27/02/2025","validation_status":"valid","village":"GUBENG"},"type":"Feature"},{"geometry":{"coordinates":[112.742395,-7.2526052],"type":"Point"},"properties":{"address":"JALAN MAKAM PENELEH 18","analysis_version":"p0-central-v1","category_l1":"MAKANAN DAN MINUMAN","category_l2":"ROTI DAN KUE","category_l3":"KUE","collected_at":"Q2 2026","district":"GENTENG","merchant_id":"b57c18b8-d62b-5a73-9ccd-be649a8cdddf","merchant_name":"PAWON PANDAN WANGI","phone":"+6285704609330","source":"MAKANAN DAN MINUMAN DI KOTA SURABAYA TAHUN 2025.geojson","source_feature_index":2100,"source_file":"data/raw/culinary/MAKANAN DAN MINUMAN DI KOTA SURABAYA TAHUN 2025.geojson","source_sha256":"0CDAE67E83D996938967A7A1C72CB2F46C94E15BCD9146E53138BA5D67E925AF","status":"BUKA","updated_at":"09/04/2026","validation_status":"valid","village":"PENELEH"},"type":"Feature"},{"geometry":{"coordinates":[112.7472891,-7.2729656],"type":"Point"},"properties":{"address":"JALAN RAYA KERTAJAYA 2","analysis_version":"p0-central-v1","category_l1":"MAKANAN DAN MINUMAN","category_l2":"ROTI DAN KUE","category_l3":"ROTI","collected_at":"Q2 2026","district":"GUBENG","merchant_id":"b63c1986-144f-5f39-bbaf-6b1cb1b0ec12","merchant_name":"PT.FRANS BAKERY","phone":"+62313571212","source":"MAKANAN DAN MINUMAN DI KOTA SURABAYA TAHUN 2025.geojson","source_feature_index":2017,"source_file":"data/raw/culinary/MAKANAN DAN MINUMAN DI KOTA SURABAYA TAHUN 2025.geojson","source_sha256":"0CDAE67E83D996938967A7A1C72CB2F46C94E15BCD9146E53138BA5D67E925AF","status":"BUKA","updated_at":"09/04/2026","validation_status":"valid","village":"GUBENG"},"type":"Feature"},{"geometry":{"coordinates":[112.7399501000001,-7.263276899999937],"type":"Point"},"properties":{"address":"TUNJUNGAN PLAZA 4, JL. JENDERAL BASUKI RACHMAT NO.8-12, SURABAYA, JAWA TIMUR 60261","analysis_version":"p0-central-v1","category_l1":"MAKANAN DAN MINUMAN","category_l2":"RESTORAN","category_l3":"RESTORAN JEPANG","collected_at":"Q4 2023","district":"TEGALSARI","merchant_id":"b76323c6-8282-59ac-b912-335c9f0e84e1","merchant_name":"GYU KAKU - TUNJUNGAN PLAZA 4","phone":"(031) 5468363","source":"MAKANAN DAN MINUMAN DI KOTA SURABAYA TAHUN 2025.geojson","source_feature_index":927,"source_file":"data/raw/culinary/MAKANAN DAN MINUMAN DI KOTA SURABAYA TAHUN 2025.geojson","source_sha256":"0CDAE67E83D996938967A7A1C72CB2F46C94E15BCD9146E53138BA5D67E925AF","status":"BUKA","updated_at":"27/02/2025","validation_status":"valid","village":"KEDUNGDORO"},"type":"Feature"},{"geometry":{"coordinates":[112.72886820000008,-7.258461599999966],"type":"Point"},"properties":{"address":"JL. ANJASMORO NO.45, SAWAHAN, KEC. SAWAHAN, SURABAYA, JAWA TIMUR 60251","analysis_version":"p0-central-v1","category_l1":"MAKANAN DAN MINUMAN","category_l2":"RESTORAN","category_l3":"RESTORAN NUSANTARA","collected_at":"Q4 2023","district":"SAWAHAN","merchant_id":"b7933d1c-dff4-5a07-954f-d1e3c715d362","merchant_name":"DEPOT BU RUDY ANJASMORO SURABAYA","phone":"(031) 5456565","source":"MAKANAN DAN MINUMAN DI KOTA SURABAYA TAHUN 2025.geojson","source_feature_index":1297,"source_file":"data/raw/culinary/MAKANAN DAN MINUMAN DI KOTA SURABAYA TAHUN 2025.geojson","source_sha256":"0CDAE67E83D996938967A7A1C72CB2F46C94E15BCD9146E53138BA5D67E925AF","status":"BUKA","updated_at":"27/02/2025","validation_status":"valid","village":"SAWAHAN"},"type":"Feature"},{"geometry":{"coordinates":[112.73748850000004,-7.26713],"type":"Point"},"properties":{"address":"JL. PREGOLAN BUNDER NO.44, TEGALSARI, KEC. TEGALSARI, SURABAYA, JAWA TIMUR 60262","analysis_version":"p0-central-v1","category_l1":"MAKANAN DAN MINUMAN","category_l2":"RESTORAN","category_l3":"STEAK DAN BBQ","collected_at":"Q4 2023","district":"TEGALSARI","merchant_id":"b8743415-f05d-5414-bb5e-cd0bd0b1e828","merchant_name":"HOLYCOW! STEAKHOUSE BY CHEF AFIT","phone":"(031) 99253714","source":"MAKANAN DAN MINUMAN DI KOTA SURABAYA TAHUN 2025.geojson","source_feature_index":1320,"source_file":"data/raw/culinary/MAKANAN DAN MINUMAN DI KOTA SURABAYA TAHUN 2025.geojson","source_sha256":"0CDAE67E83D996938967A7A1C72CB2F46C94E15BCD9146E53138BA5D67E925AF","status":"BUKA","updated_at":"27/02/2025","validation_status":"valid","village":"TEGALSARI"},"type":"Feature"},{"geometry":{"coordinates":[112.74856820000002,-7.258369699999946],"type":"Point"},"properties":{"address":"JL. JIMERTO NO.12, KETABANG, GENTENG, SURABAYA, EAST JAVA 60272","analysis_version":"p0-central-v1","category_l1":"MAKANAN DAN MINUMAN","category_l2":"RESTORAN","category_l3":"RESTORAN PADANG","collected_at":"Q4 2023","district":"GENTENG","merchant_id":"b8c42146-b2e2-5b57-9cb9-ae861913ee71","merchant_name":"NASI PADANG BALAI KOTA","phone":null,"source":"MAKANAN DAN MINUMAN DI KOTA SURABAYA TAHUN 2025.geojson","source_feature_index":200,"source_file":"data/raw/culinary/MAKANAN DAN MINUMAN DI KOTA SURABAYA TAHUN 2025.geojson","source_sha256":"0CDAE67E83D996938967A7A1C72CB2F46C94E15BCD9146E53138BA5D67E925AF","status":"BUKA","updated_at":"27/02/2025","validation_status":"valid","village":"KETABANG"},"type":"Feature"},{"geometry":{"coordinates":[112.7400385,-7.2725673],"type":"Point"},"properties":{"address":"JL. KEPUTRAN PS. KECIL I NO.82, EMBONG KALIASIN, KEC. GENTENG, SURABAYA, JAWA TIMUR 60271","analysis_version":"p0-central-v1","category_l1":"MAKANAN DAN MINUMAN","category_l2":"RESTORAN","category_l3":"CEPAT SAJI","collected_at":"Q4 2023","district":"GENTENG","merchant_id":"b99efa94-a87b-5e40-8ce4-6f7bace339c1","merchant_name":"GWEN KULINER SURABAYA","phone":"0877-6516-5111","source":"MAKANAN DAN MINUMAN DI KOTA SURABAYA TAHUN 2025.geojson","source_feature_index":1517,"source_file":"data/raw/culinary/MAKANAN DAN MINUMAN DI KOTA SURABAYA TAHUN 2025.geojson","source_sha256":"0CDAE67E83D996938967A7A1C72CB2F46C94E15BCD9146E53138BA5D67E925AF","status":"BUKA","updated_at":"27/02/2025","validation_status":"valid","village":"EMBONG KALIASIN"},"type":"Feature"},{"geometry":{"coordinates":[112.7304442,-7.2646524],"type":"Point"},"properties":{"address":"JL. KEDUNG DORO NO.68 A, SAWAHAN, KEC. SAWAHAN, SURABAYA, JAWA TIMUR 60251","analysis_version":"p0-central-v1","category_l1":"MAKANAN DAN MINUMAN","category_l2":"RESTORAN","category_l3":"SEAFOOD","collected_at":"Q4 2023","district":"SAWAHAN","merchant_id":"b9cb708d-323b-5a43-be39-4f02e547850b","merchant_name":"WR IKAN BAKAR CITA RASA PAKDE TOKA KEDUNGDORO","phone":"0812-3401-6324","source":"MAKANAN DAN MINUMAN DI KOTA SURABAYA TAHUN 2025.geojson","source_feature_index":272,"source_file":"data/raw/culinary/MAKANAN DAN MINUMAN DI KOTA SURABAYA TAHUN 2025.geojson","source_sha256":"0CDAE67E83D996938967A7A1C72CB2F46C94E15BCD9146E53138BA5D67E925AF","status":"BUKA","updated_at":"27/02/2025","validation_status":"valid","village":"SAWAHAN"},"type":"Feature"},{"geometry":{"coordinates":[112.7392356,-7.261878],"type":"Point"},"properties":{"address":"TUNJUNGAN PLAZA 1, JL. BASUKI RAHMAT NO.8-12, KEDUNGDORO, KEC. TEGALSARI, SURABAYA, JAWA TIMUR 60261","analysis_version":"p0-central-v1","category_l1":"MAKANAN DAN MINUMAN","category_l2":"MINUMAN","category_l3":"ES KRIM DAN DESSERT","collected_at":"Q4 2023","district":"TEGALSARI","merchant_id":"b9e7373e-8c0d-5dc9-819f-62345737c3e5","merchant_name":"FRUT-O GELATO","phone":"0831-1617-8781","source":"MAKANAN DAN MINUMAN DI KOTA SURABAYA TAHUN 2025.geojson","source_feature_index":94,"source_file":"data/raw/culinary/MAKANAN DAN MINUMAN DI KOTA SURABAYA TAHUN 2025.geojson","source_sha256":"0CDAE67E83D996938967A7A1C72CB2F46C94E15BCD9146E53138BA5D67E925AF","status":"BUKA","updated_at":"27/02/2025","validation_status":"valid","village":"KEDUNGDORO"},"type":"Feature"},{"geometry":{"coordinates":[112.739471,-7.261706],"type":"Point"},"properties":{"address":"TUNJUNGAN PLAZA 6, JL. BASUKI RAHMAT NO.8-12, KEDUNGDORO, TEGALSARI, SURABAYA, EAST JAVA 60261","analysis_version":"p0-central-v1","category_l1":"MAKANAN DAN MINUMAN","category_l2":"RESTORAN","category_l3":"RESTORAN KOREA","collected_at":"Q4 2023","district":"TEGALSARI","merchant_id":"ba5ff2f5-6bf1-574e-b1a9-dda87c60d899","merchant_name":"CHIR CHIR - TUNJUNGAN PLAZA 6","phone":"(031) 99243809","source":"MAKANAN DAN MINUMAN DI KOTA SURABAYA TAHUN 2025.geojson","source_feature_index":966,"source_file":"data/raw/culinary/MAKANAN DAN MINUMAN DI KOTA SURABAYA TAHUN 2025.geojson","source_sha256":"0CDAE67E83D996938967A7A1C72CB2F46C94E15BCD9146E53138BA5D67E925AF","status":"BUKA","updated_at":"27/02/2025","validation_status":"valid","village":"KEDUNGDORO"},"type":"Feature"},{"geometry":{"coordinates":[112.7378199,-7.2508613],"type":"Point"},"properties":{"address":"JALAN KRAMAT GANTUNG 61","analysis_version":"p0-central-v1","category_l1":"MAKANAN DAN MINUMAN","category_l2":"ROTI DAN KUE","category_l3":"KUE","collected_at":"Q2 2026","district":"BUBUTAN","merchant_id":"bb528b27-d181-5dd8-83df-983bf889cf2f","merchant_name":"CHRISTINE SPIKU CAKE","phone":"+6285102116790","source":"MAKANAN DAN MINUMAN DI KOTA SURABAYA TAHUN 2025.geojson","source_feature_index":2104,"source_file":"data/raw/culinary/MAKANAN DAN MINUMAN DI KOTA SURABAYA TAHUN 2025.geojson","source_sha256":"0CDAE67E83D996938967A7A1C72CB2F46C94E15BCD9146E53138BA5D67E925AF","status":"BUKA","updated_at":"09/04/2026","validation_status":"valid","village":"ALUN-ALUN CONTONG"},"type":"Feature"},{"geometry":{"coordinates":[112.75721680000004,-7.258831799999939],"type":"Point"},"properties":{"address":"JL. KALASAN NO.20, PACAR KELING, KEC. TAMBAKSARI, SURABAYA, JAWA TIMUR 60131","analysis_version":"p0-central-v1","category_l1":"MAKANAN DAN MINUMAN","category_l2":"RESTORAN","category_l3":"NASI GORENG","collected_at":"Q4 2023","district":"TAMBAKSARI","merchant_id":"bbbe063e-538b-5b52-86dc-a7f21fd50843","merchant_name":"DEPOT CAK KISS MIE AYAM DAN NASI GORENG","phone":"0857-3236-5280","source":"MAKANAN DAN MINUMAN DI KOTA SURABAYA TAHUN 2025.geojson","source_feature_index":779,"source_file":"data/raw/culinary/MAKANAN DAN MINUMAN DI KOTA SURABAYA TAHUN 2025.geojson","source_sha256":"0CDAE67E83D996938967A7A1C72CB2F46C94E15BCD9146E53138BA5D67E925AF","status":"BUKA","updated_at":"27/02/2025","validation_status":"valid","village":"PACARKELING"},"type":"Feature"},{"geometry":{"coordinates":[112.7459194,-7.2577141],"type":"Point"},"properties":{"address":"JALAN JIMERTO 21","analysis_version":"p0-central-v1","category_l1":"MAKANAN DAN MINUMAN","category_l2":"ROTI DAN KUE","category_l3":"ROTI","collected_at":"Q2 2026","district":"GENTENG","merchant_id":"bbefb449-0fd6-5320-a8f7-81388e91a705","merchant_name":"CHRISTIE'S CAKE & BAKERY","phone":"+6287854072909","source":"MAKANAN DAN MINUMAN DI KOTA SURABAYA TAHUN 2025.geojson","source_feature_index":2083,"source_file":"data/raw/culinary/MAKANAN DAN MINUMAN DI KOTA SURABAYA TAHUN 2025.geojson","source_sha256":"0CDAE67E83D996938967A7A1C72CB2F46C94E15BCD9146E53138BA5D67E925AF","status":"BUKA","updated_at":"09/04/2026","validation_status":"valid","village":"KETABANG"},"type":"Feature"},{"geometry":{"coordinates":[112.7483317,-7.264687],"type":"Point"},"properties":{"address":"LT.4, PLAZA SURABAYA, JL. PEMUDA, EMBONG KALIASIN, KEC. GENTENG, SURABAYA, JAWA TIMUR 60271","analysis_version":"p0-central-v1","category_l1":"MAKANAN DAN MINUMAN","category_l2":"MINUMAN","category_l3":"ES KRIM DAN DESSERT","collected_at":"Q4 2023","district":"GENTENG","merchant_id":"bc9b46e1-e870-59ea-b680-33397abdaefa","merchant_name":"MIXUE ICE CREAM & TEA - PLAZA SURABAYA","phone":null,"source":"MAKANAN DAN MINUMAN DI KOTA SURABAYA TAHUN 2025.geojson","source_feature_index":65,"source_file":"data/raw/culinary/MAKANAN DAN MINUMAN DI KOTA SURABAYA TAHUN 2025.geojson","source_sha256":"0CDAE67E83D996938967A7A1C72CB2F46C94E15BCD9146E53138BA5D67E925AF","status":"BUKA","updated_at":"27/02/2025","validation_status":"valid","village":"EMBONG KALIASIN"},"type":"Feature"},{"geometry":{"coordinates":[112.7349077,-7.2630352],"type":"Point"},"properties":{"address":"JALAN DIPONEGORO NO. 227, GIANT LANTAI 3 (AREA FOODCOURT), KEDUNGDORO, KEC. TEGALSARI, SURABAYA, JAWA TIMUR 60261","analysis_version":"p0-central-v1","category_l1":"MAKANAN DAN MINUMAN","category_l2":"RESTORAN","category_l3":"NASI GORENG","collected_at":"Q4 2023","district":"TEGALSARI","merchant_id":"bd931451-0245-578c-bfb6-17244dd05d50","merchant_name":"NASI GORENG 69","phone":"0857-0769-9869","source":"MAKANAN DAN MINUMAN DI KOTA SURABAYA TAHUN 2025.geojson","source_feature_index":665,"source_file":"data/raw/culinary/MAKANAN DAN MINUMAN DI KOTA SURABAYA TAHUN 2025.geojson","source_sha256":"0CDAE67E83D996938967A7A1C72CB2F46C94E15BCD9146E53138BA5D67E925AF","status":"BUKA","updated_at":"27/02/2025","validation_status":"valid","village":"KEDUNGDORO"},"type":"Feature"},{"geometry":{"coordinates":[112.73363060000008,-7.254812199999945],"type":"Point"},"properties":{"address":"BG JUNCTION MALL JL BUBUTAN NO 1-7 LANTAI GL, BUBUTAN, KEC. BUBUTAN, SURABAYA, JAWA TIMUR 60174","analysis_version":"p0-central-v1","category_l1":"MAKANAN DAN MINUMAN","category_l2":"RESTORAN","category_l3":"KAFE DAN RESTO","collected_at":"Q4 2023","district":"BUBUTAN","merchant_id":"bef703f1-d258-5c65-b655-00cfc93b04f7","merchant_name":"SINGAPORE SWEET BG JUNCTION MALL","phone":"0857-0644-9140","source":"MAKANAN DAN MINUMAN DI KOTA SURABAYA TAHUN 2025.geojson","source_feature_index":1437,"source_file":"data/raw/culinary/MAKANAN DAN MINUMAN DI KOTA SURABAYA TAHUN 2025.geojson","source_sha256":"0CDAE67E83D996938967A7A1C72CB2F46C94E15BCD9146E53138BA5D67E925AF","status":"BUKA","updated_at":"27/02/2025","validation_status":"valid","village":"BUBUTAN"},"type":"Feature"},{"geometry":{"coordinates":[112.7476704,-7.2561268],"type":"Point"},"properties":{"address":"JL. AMBENGAN NO.22, KETABANG, KEC. GENTENG, SURABAYA, JAWA TIMUR 60272","analysis_version":"p0-central-v1","category_l1":"MAKANAN DAN MINUMAN","category_l2":"MINUMAN","category_l3":"ES KRIM DAN DESSERT","collected_at":"Q4 2023","district":"GENTENG","merchant_id":"bfcd5a55-b7c1-5712-815a-da6c17b76a5e","merchant_name":"MIXUE AMBENGAN","phone":"0821-3113-1676","source":"MAKANAN DAN MINUMAN DI KOTA SURABAYA TAHUN 2025.geojson","source_feature_index":27,"source_file":"data/raw/culinary/MAKANAN DAN MINUMAN DI KOTA SURABAYA TAHUN 2025.geojson","source_sha256":"0CDAE67E83D996938967A7A1C72CB2F46C94E15BCD9146E53138BA5D67E925AF","status":"BUKA","updated_at":"27/02/2025","validation_status":"valid","village":"KETABANG"},"type":"Feature"},{"geometry":{"coordinates":[112.7573536000001,-7.257947599999966],"type":"Point"},"properties":{"address":"JL. KALASAN NO.25 I, PACAR KELING, KEC. TAMBAKSARI, SURABAYA, JAWA TIMUR 60131","analysis_version":"p0-central-v1","category_l1":"MAKANAN DAN MINUMAN","category_l2":"MINUMAN","category_l3":"COFFEESHOP","collected_at":"Q4 2023","district":"TAMBAKSARI","merchant_id":"c044697b-18e5-5f2d-a6f1-4e4b8e95ba2d","merchant_name":"GRANDFATHER COFFEESHOP","phone":"0857-3333-1107","source":"MAKANAN DAN MINUMAN DI KOTA SURABAYA TAHUN 2025.geojson","source_feature_index":894,"source_file":"data/raw/culinary/MAKANAN DAN MINUMAN DI KOTA SURABAYA TAHUN 2025.geojson","source_sha256":"0CDAE67E83D996938967A7A1C72CB2F46C94E15BCD9146E53138BA5D67E925AF","status":"BUKA","updated_at":"27/02/2025","validation_status":"valid","village":"PACARKELING"},"type":"Feature"},{"geometry":{"coordinates":[112.748752,-7.265198],"type":"Point"},"properties":{"address":"JALAN FOOD GARDEN FG-02 G-WALK, CITRARAYA, PLAZA SURABAYA, JALAN PEMUDA NO.33-37, EMBONG KALIASIN, KEC. GENTENG, SURABAYA, JAWA TIMUR 60216","analysis_version":"p0-central-v1","category_l1":"MAKANAN DAN MINUMAN","category_l2":"RESTORAN","category_l3":"SEAFOOD","collected_at":"Q4 2023","district":"GENTENG","merchant_id":"c06b92c2-bae6-5783-bcaa-02968931a61f","merchant_name":"ALAM LAUT","phone":"0857-7337-4455","source":"MAKANAN DAN MINUMAN DI KOTA SURABAYA TAHUN 2025.geojson","source_feature_index":313,"source_file":"data/raw/culinary/MAKANAN DAN MINUMAN DI KOTA SURABAYA TAHUN 2025.geojson","source_sha256":"0CDAE67E83D996938967A7A1C72CB2F46C94E15BCD9146E53138BA5D67E925AF","status":"BUKA","updated_at":"27/02/2025","validation_status":"valid","village":"EMBONG KALIASIN"},"type":"Feature"},{"geometry":{"coordinates":[112.7572788,-7.2580782],"type":"Point"},"properties":{"address":"PACAR KELING, KEC. TAMBAKSARI, SURABAYA, JAWA TIMUR 60131","analysis_version":"p0-central-v1","category_l1":"MAKANAN DAN MINUMAN","category_l2":"RESTORAN","category_l3":"SEAFOOD","collected_at":"Q4 2023","district":"TAMBAKSARI","merchant_id":"c0a0c26b-5bb3-532b-9981-11057b11f292","merchant_name":"SARI LAUT CAK KUS","phone":"0822-3078-6990","source":"MAKANAN DAN MINUMAN DI KOTA SURABAYA TAHUN 2025.geojson","source_feature_index":311,"source_file":"data/raw/culinary/MAKANAN DAN MINUMAN DI KOTA SURABAYA TAHUN 2025.geojson","source_sha256":"0CDAE67E83D996938967A7A1C72CB2F46C94E15BCD9146E53138BA5D67E925AF","status":"BUKA","updated_at":"27/02/2025","validation_status":"valid","village":"PACARKELING"},"type":"Feature"},{"geometry":{"coordinates":[112.7518879,-7.2543804],"type":"Point"},"properties":{"address":"JL. AMBENGAN BATU IV NO.26, TAMBAKSARI, KEC. TAMBAKSARI, SURABAYA, JAWA TIMUR 60136","analysis_version":"p0-central-v1","category_l1":"MAKANAN DAN MINUMAN","category_l2":"RESTORAN","category_l3":"NASI GORENG","collected_at":"Q4 2023","district":"TAMBAKSARI","merchant_id":"c3b29859-ed15-5532-8238-8b4520439bac","merchant_name":"NASI GORENG JANCIK SPECIAL SUPER PEDAS","phone":"0851-0233-5280","source":"MAKANAN DAN MINUMAN DI KOTA SURABAYA TAHUN 2025.geojson","source_feature_index":649,"source_file":"data/raw/culinary/MAKANAN DAN MINUMAN DI KOTA SURABAYA TAHUN 2025.geojson","source_sha256":"0CDAE67E83D996938967A7A1C72CB2F46C94E15BCD9146E53138BA5D67E925AF","status":"BUKA","updated_at":"27/02/2025","validation_status":"valid","village":"TAMBAKSARI"},"type":"Feature"},{"geometry":{"coordinates":[112.75039,-7.261925],"type":"Point"},"properties":{"address":"GRAND CITY, 2ND FLOOR, JL. GUBENG POJOK, KETABANG, KEC. GENTENG, SURABAYA, JAWA TIMUR 60272","analysis_version":"p0-central-v1","category_l1":"MAKANAN DAN MINUMAN","category_l2":"MINUMAN","category_l3":"ES KRIM DAN DESSERT","collected_at":"Q4 2023","district":"GENTENG","merchant_id":"c41734a0-cbd5-51ac-bc92-a43dfb372725","merchant_name":"JASMINE ICE CREAM - GRAND CITY MALL SURABAYA","phone":"0851-0099-1431","source":"MAKANAN DAN MINUMAN DI KOTA SURABAYA TAHUN 2025.geojson","source_feature_index":76,"source_file":"data/raw/culinary/MAKANAN DAN MINUMAN DI KOTA SURABAYA TAHUN 2025.geojson","source_sha256":"0CDAE67E83D996938967A7A1C72CB2F46C94E15BCD9146E53138BA5D67E925AF","status":"BUKA","updated_at":"27/02/2025","validation_status":"valid","village":"KETABANG"},"type":"Feature"},{"geometry":{"coordinates":[112.73135760000002,-7.256150299999945],"type":"Point"},"properties":{"address":"JL. KRANGGAN NO.64, SAWAHAN, KEC. BUBUTAN, SURABAYA, JAWA TIMUR 60174","analysis_version":"p0-central-v1","category_l1":"MAKANAN DAN MINUMAN","category_l2":"RESTORAN","category_l3":"RESTORAN PADANG","collected_at":"Q4 2023","district":"BUBUTAN","merchant_id":"c5b22198-7603-5ecd-bd21-af4a59342a4f","merchant_name":"DEA MINANG","phone":"0813-5728-7497","source":"MAKANAN DAN MINUMAN DI KOTA SURABAYA TAHUN 2025.geojson","source_feature_index":162,"source_file":"data/raw/culinary/MAKANAN DAN MINUMAN DI KOTA SURABAYA TAHUN 2025.geojson","source_sha256":"0CDAE67E83D996938967A7A1C72CB2F46C94E15BCD9146E53138BA5D67E925AF","status":"BUKA","updated_at":"27/02/2025","validation_status":"valid","village":"BUBUTAN"},"type":"Feature"},{"geometry":{"coordinates":[112.7544665,-7.2604565],"type":"Point"},"properties":{"address":"JALAN INDRAKILA 1A","analysis_version":"p0-central-v1","category_l1":"MAKANAN DAN MINUMAN","category_l2":"ROTI DAN KUE","category_l3":"ROTI","collected_at":"Q2 2026","district":"TAMBAKSARI","merchant_id":"c64d6fee-2be8-5285-a4ed-1df7022e17b0","merchant_name":"SPBU INDRAKILA-SEMARANG,SBY","phone":"+6282131002211","source":"MAKANAN DAN MINUMAN DI KOTA SURABAYA TAHUN 2025.geojson","source_feature_index":2066,"source_file":"data/raw/culinary/MAKANAN DAN MINUMAN DI KOTA SURABAYA TAHUN 2025.geojson","source_sha256":"0CDAE67E83D996938967A7A1C72CB2F46C94E15BCD9146E53138BA5D67E925AF","status":"BUKA","updated_at":"09/04/2026","validation_status":"valid","village":"PACARKELING"},"type":"Feature"},{"geometry":{"coordinates":[112.74167890000001,-7.257575599999937],"type":"Point"},"properties":{"address":"JALAN GENTENG MUHAMMADIYAH NOMER 28 DEPAN SMP MUHAMMADIYAH, RW.2, GENTENG, KEC. GENTENG, SURABAYA, JAWA TIMUR 60275","analysis_version":"p0-central-v1","category_l1":"MAKANAN DAN MINUMAN","category_l2":"RESTORAN","category_l3":"RESTORAN NUSANTARA","collected_at":"Q4 2023","district":"GENTENG","merchant_id":"c6780918-f759-51bf-9e25-db2ad739926b","merchant_name":"JAJANAN DAPUR VIDI","phone":"0813-3287-9722","source":"MAKANAN DAN MINUMAN DI KOTA SURABAYA TAHUN 2025.geojson","source_feature_index":1126,"source_file":"data/raw/culinary/MAKANAN DAN MINUMAN DI KOTA SURABAYA TAHUN 2025.geojson","source_sha256":"0CDAE67E83D996938967A7A1C72CB2F46C94E15BCD9146E53138BA5D67E925AF","status":"BUKA","updated_at":"27/02/2025","validation_status":"valid","village":"GENTENG"},"type":"Feature"},{"geometry":{"coordinates":[112.748767,-7.265371],"type":"Point"},"properties":{"address":"PLAZA SURABAYA GF, OUTDOOR 37, JL. PEMUDA NO.33, EMBONG KALIASIN, KEC. GENTENG, SURABAYA, JAWA TIMUR 60271","analysis_version":"p0-central-v1","category_l1":"MAKANAN DAN MINUMAN","category_l2":"RESTORAN","category_l3":"RESTORAN PADANG","collected_at":"Q4 2023","district":"GENTENG","merchant_id":"c6b5220b-cb54-5788-8ced-109da2cd4c52","merchant_name":"STAND MASAKAN PADANG AMPERA PALAPA (KEDAI TERAS PEDAGANG KAKI LIMA)","phone":"0857-8371-63790","source":"MAKANAN DAN MINUMAN DI KOTA SURABAYA TAHUN 2025.geojson","source_feature_index":1408,"source_file":"data/raw/culinary/MAKANAN DAN MINUMAN DI KOTA SURABAYA TAHUN 2025.geojson","source_sha256":"0CDAE67E83D996938967A7A1C72CB2F46C94E15BCD9146E53138BA5D67E925AF","status":"BUKA","updated_at":"27/02/2025","validation_status":"valid","village":"EMBONG KALIASIN"},"type":"Feature"},{"geometry":{"coordinates":[112.74744720000001,-7.27356529999997],"type":"Point"},"properties":{"address":"G SUITES HOTEL, JL. RAYA GUBENG NO.43, GUBENG, KEC. GUBENG, SURABAYA, JAWA TIMUR 60281","analysis_version":"p0-central-v1","category_l1":"MAKANAN DAN MINUMAN","category_l2":"BAR","category_l3":"BAR","collected_at":"Q4 2023","district":"GUBENG","merchant_id":"c72294a9-e083-50d7-aa5b-06f907cc1148","merchant_name":"KOOFFEE+ ROOF BAR","phone":"(031) 5011001","source":"MAKANAN DAN MINUMAN DI KOTA SURABAYA TAHUN 2025.geojson","source_feature_index":1118,"source_file":"data/raw/culinary/MAKANAN DAN MINUMAN DI KOTA SURABAYA TAHUN 2025.geojson","source_sha256":"0CDAE67E83D996938967A7A1C72CB2F46C94E15BCD9146E53138BA5D67E925AF","status":"BUKA","updated_at":"27/02/2025","validation_status":"valid","village":"GUBENG"},"type":"Feature"},{"geometry":{"coordinates":[112.7543935,-7.2548688],"type":"Point"},"properties":{"address":"JALAN SOKA 21B","analysis_version":"p0-central-v1","category_l1":"MAKANAN DAN MINUMAN","category_l2":"ROTI DAN KUE","category_l3":"ROTI","collected_at":"Q2 2026","district":"TAMBAKSARI","merchant_id":"c80eb21b-f528-5656-9217-22c2a80902cf","merchant_name":"KAMPOENG ROTI","phone":"+6283188184726","source":"MAKANAN DAN MINUMAN DI KOTA SURABAYA TAHUN 2025.geojson","source_feature_index":2087,"source_file":"data/raw/culinary/MAKANAN DAN MINUMAN DI KOTA SURABAYA TAHUN 2025.geojson","source_sha256":"0CDAE67E83D996938967A7A1C72CB2F46C94E15BCD9146E53138BA5D67E925AF","status":"BUKA","updated_at":"09/04/2026","validation_status":"valid","village":"TAMBAKSARI"},"type":"Feature"},{"geometry":{"coordinates":[112.74335050000002,-7.269915899999944],"type":"Point"},"properties":{"address":"JL. PANGLIMA SUDIRMAN NO.42-44, EMBONG KALIASIN, KEC. GENTENG, SURABAYA, JAWA TIMUR 60271","analysis_version":"p0-central-v1","category_l1":"MAKANAN DAN MINUMAN","category_l2":"MINUMAN","category_l3":"COFFEESHOP","collected_at":"Q4 2023","district":"GENTENG","merchant_id":"c83f4cda-634d-5acd-b48b-3bee4b81ca5f","merchant_name":"THE COFFEE SHOP","phone":"(031) 5322571","source":"MAKANAN DAN MINUMAN DI KOTA SURABAYA TAHUN 2025.geojson","source_feature_index":135,"source_file":"data/raw/culinary/MAKANAN DAN MINUMAN DI KOTA SURABAYA TAHUN 2025.geojson","source_sha256":"0CDAE67E83D996938967A7A1C72CB2F46C94E15BCD9146E53138BA5D67E925AF","status":"BUKA","updated_at":"27/02/2025","validation_status":"valid","village":"EMBONG KALIASIN"},"type":"Feature"},{"geometry":{"coordinates":[112.7511479,-7.2565319],"type":"Point"},"properties":{"address":"JL. KANGINAN NO.55, KETABANG, KEC. GENTENG, SURABAYA, JAWA TIMUR 60272","analysis_version":"p0-central-v1","category_l1":"MAKANAN DAN MINUMAN","category_l2":"RESTORAN","category_l3":"NASI GORENG","collected_at":"Q4 2023","district":"GENTENG","merchant_id":"ca00509a-d59c-50bb-9139-9c6deae28281","merchant_name":"NASI GORENG AZZA","phone":"0896-8212-9405","source":"MAKANAN DAN MINUMAN DI KOTA SURABAYA TAHUN 2025.geojson","source_feature_index":633,"source_file":"data/raw/culinary/MAKANAN DAN MINUMAN DI KOTA SURABAYA TAHUN 2025.geojson","source_sha256":"0CDAE67E83D996938967A7A1C72CB2F46C94E15BCD9146E53138BA5D67E925AF","status":"BUKA","updated_at":"27/02/2025","validation_status":"valid","village":"KETABANG"},"type":"Feature"},{"geometry":{"coordinates":[112.7492476,-7.2711357],"type":"Point"},"properties":{"address":"JL. KALIMANTAN NO.10-2, GUBENG, KEC. GUBENG, SURABAYA, JAWA TIMUR 60281","analysis_version":"p0-central-v1","category_l1":"MAKANAN DAN MINUMAN","category_l2":"RESTORAN","category_l3":"NASI GORENG","collected_at":"Q4 2023","district":"GUBENG","merchant_id":"ca7f35ed-5504-560f-8a78-e37fe91ed5aa","merchant_name":"NASI GORENG PAK UJANG DEPAN BANK MANDIRI","phone":null,"source":"MAKANAN DAN MINUMAN DI KOTA SURABAYA TAHUN 2025.geojson","source_feature_index":607,"source_file":"data/raw/culinary/MAKANAN DAN MINUMAN DI KOTA SURABAYA TAHUN 2025.geojson","source_sha256":"0CDAE67E83D996938967A7A1C72CB2F46C94E15BCD9146E53138BA5D67E925AF","status":"BUKA","updated_at":"27/02/2025","validation_status":"valid","village":"GUBENG"},"type":"Feature"},{"geometry":{"coordinates":[112.7408088,-7.2589888],"type":"Point"},"properties":{"address":"JL. GENTENG BESAR, PASAR, KEC. GENTENG, SURABAYA, JAWA TIMUR 60275","analysis_version":"p0-central-v1","category_l1":"MAKANAN DAN MINUMAN","category_l2":"RESTORAN","category_l3":"SEAFOOD","collected_at":"Q4 2023","district":"GENTENG","merchant_id":"ca915a1b-2b0f-5c2e-b891-826710c87eb6","merchant_name":"BANG JAJA SEAFOOD GENTENG","phone":"0857-4666-1565","source":"MAKANAN DAN MINUMAN DI KOTA SURABAYA TAHUN 2025.geojson","source_feature_index":220,"source_file":"data/raw/culinary/MAKANAN DAN MINUMAN DI KOTA SURABAYA TAHUN 2025.geojson","source_sha256":"0CDAE67E83D996938967A7A1C72CB2F46C94E15BCD9146E53138BA5D67E925AF","status":"BUKA","updated_at":"27/02/2025","validation_status":"valid","village":"GENTENG"},"type":"Feature"},{"geometry":{"coordinates":[112.7377087000001,-7.265908799999977],"type":"Point"},"properties":{"address":"NOMOR, JL. TEGALSARI NO.47, TEGALSARI, KEC. TEGALSARI, SURABAYA, JAWA TIMUR 60262","analysis_version":"p0-central-v1","category_l1":"MAKANAN DAN MINUMAN","category_l2":"RESTORAN","category_l3":"MIE DAN BAKSO","collected_at":"Q4 2023","district":"TEGALSARI","merchant_id":"caae3d9e-9d01-5ab6-a2e2-66ffe6050a8e","merchant_name":"BAKMI JOGJA TRUNOJOYO","phone":"(031) 5343859","source":"MAKANAN DAN MINUMAN DI KOTA SURABAYA TAHUN 2025.geojson","source_feature_index":764,"source_file":"data/raw/culinary/MAKANAN DAN MINUMAN DI KOTA SURABAYA TAHUN 2025.geojson","source_sha256":"0CDAE67E83D996938967A7A1C72CB2F46C94E15BCD9146E53138BA5D67E925AF","status":"BUKA","updated_at":"27/02/2025","validation_status":"valid","village":"TEGALSARI"},"type":"Feature"},{"geometry":{"coordinates":[112.7450683,-7.2668978],"type":"Point"},"properties":{"address":"JL. EMBONG TJ. NO.4, EMBONG KALIASIN, KEC. GENTENG, SURABAYA, JAWA TIMUR 60271","analysis_version":"p0-central-v1","category_l1":"MAKANAN DAN MINUMAN","category_l2":"MINUMAN","category_l3":"ES KRIM DAN DESSERT","collected_at":"Q4 2023","district":"GENTENG","merchant_id":"cb6a2457-cbf6-5a41-bc46-c17783031bd6","merchant_name":"ESKIMO ICE CREAM","phone":"(031) 5323834","source":"MAKANAN DAN MINUMAN DI KOTA SURABAYA TAHUN 2025.geojson","source_feature_index":14,"source_file":"data/raw/culinary/MAKANAN DAN MINUMAN DI KOTA SURABAYA TAHUN 2025.geojson","source_sha256":"0CDAE67E83D996938967A7A1C72CB2F46C94E15BCD9146E53138BA5D67E925AF","status":"BUKA","updated_at":"27/02/2025","validation_status":"valid","village":"EMBONG KALIASIN"},"type":"Feature"},{"geometry":{"coordinates":[112.7316599,-7.2630943],"type":"Point"},"properties":{"address":"JL. KEDUNG KLINTER TENGAH II NO.10 - C, KEDUNGDORO, KEC. TEGALSARI, SURABAYA, JAWA TIMUR 60261","analysis_version":"p0-central-v1","category_l1":"MAKANAN DAN MINUMAN","category_l2":"RESTORAN","category_l3":"RESTORAN MELAYU","collected_at":"Q4 2023","district":"TEGALSARI","merchant_id":"cba02c8f-06de-5e07-b0c2-13823f720e5f","merchant_name":"DEPOT SOTO BANJAR SUHAIMI KAMPUNG MELAYU","phone":null,"source":"MAKANAN DAN MINUMAN DI KOTA SURABAYA TAHUN 2025.geojson","source_feature_index":434,"source_file":"data/raw/culinary/MAKANAN DAN MINUMAN DI KOTA SURABAYA TAHUN 2025.geojson","source_sha256":"0CDAE67E83D996938967A7A1C72CB2F46C94E15BCD9146E53138BA5D67E925AF","status":"BUKA","updated_at":"27/02/2025","validation_status":"valid","village":"KEDUNGDORO"},"type":"Feature"},{"geometry":{"coordinates":[112.73276190000001,-7.25977359999996],"type":"Point"},"properties":{"address":"JL. KEDUNG DORO NO.37, KEDUNGDORO, KEC. TEGALSARI, SURABAYA, JAWA TIMUR 60261","analysis_version":"p0-central-v1","category_l1":"MAKANAN DAN MINUMAN","category_l2":"RESTORAN","category_l3":"MIE DAN BAKSO","collected_at":"Q4 2023","district":"TEGALSARI","merchant_id":"cc92864b-47f3-50e1-8b30-993933f74b81","merchant_name":"MIE UJUNG PANDANG KEDUNGDORO","phone":"0822-3321-1281","source":"MAKANAN DAN MINUMAN DI KOTA SURABAYA TAHUN 2025.geojson","source_feature_index":811,"source_file":"data/raw/culinary/MAKANAN DAN MINUMAN DI KOTA SURABAYA TAHUN 2025.geojson","source_sha256":"0CDAE67E83D996938967A7A1C72CB2F46C94E15BCD9146E53138BA5D67E925AF","status":"BUKA","updated_at":"27/02/2025","validation_status":"valid","village":"KEDUNGDORO"},"type":"Feature"},{"geometry":{"coordinates":[112.74036580000006,-7.262724799999944],"type":"Point"},"properties":{"address":"JL. JENDERAL BASUKI RACHMAT NO.8-12, KEDUNGDORO, TEGALSARI, SURABAYA, EAST JAVA 60261","analysis_version":"p0-central-v1","category_l1":"MAKANAN DAN MINUMAN","category_l2":"RESTORAN","category_l3":"RESTORAN JEPANG","collected_at":"Q4 2023","district":"TEGALSARI","merchant_id":"ccd4c0d8-7ee4-5601-a1cb-2caf2891e07e","merchant_name":"TOKYO BELLY - TUNJUNGAN PLAZA 3","phone":"(031) 5311329","source":"MAKANAN DAN MINUMAN DI KOTA SURABAYA TAHUN 2025.geojson","source_feature_index":938,"source_file":"data/raw/culinary/MAKANAN DAN MINUMAN DI KOTA SURABAYA TAHUN 2025.geojson","source_sha256":"0CDAE67E83D996938967A7A1C72CB2F46C94E15BCD9146E53138BA5D67E925AF","status":"BUKA","updated_at":"27/02/2025","validation_status":"valid","village":"KEDUNGDORO"},"type":"Feature"},{"geometry":{"coordinates":[112.745232,-7.2700338],"type":"Point"},"properties":{"address":"JL. KAYOON NO.54, EMBONG KALIASIN, KEC. GENTENG, SURABAYA, JAWA TIMUR 60271","analysis_version":"p0-central-v1","category_l1":"MAKANAN DAN MINUMAN","category_l2":"RESTORAN","category_l3":"SEAFOOD","collected_at":"Q4 2023","district":"GENTENG","merchant_id":"cd3ed912-34f1-54c4-a65d-b7bc0e4ae2cc","merchant_name":"D'COST SEAFOOD","phone":"(031) 5355789","source":"MAKANAN DAN MINUMAN DI KOTA SURABAYA TAHUN 2025.geojson","source_feature_index":310,"source_file":"data/raw/culinary/MAKANAN DAN MINUMAN DI KOTA SURABAYA TAHUN 2025.geojson","source_sha256":"0CDAE67E83D996938967A7A1C72CB2F46C94E15BCD9146E53138BA5D67E925AF","status":"BUKA","updated_at":"27/02/2025","validation_status":"valid","village":"EMBONG KALIASIN"},"type":"Feature"},{"geometry":{"coordinates":[112.74467320000008,-7.252609699999937],"type":"Point"},"properties":{"address":"JL. UNDAAN WETAN NO.30A, KETABANG, GENTENG, SURABAYA, EAST JAVA 60272","analysis_version":"p0-central-v1","category_l1":"MAKANAN DAN MINUMAN","category_l2":"MINUMAN","category_l3":"COFFEESHOP","collected_at":"Q4 2023","district":"GENTENG","merchant_id":"cd67b8cf-b7c2-52dc-9466-b6d2ea4ac249","merchant_name":"ALUAMA COFFEE BAR","phone":null,"source":"MAKANAN DAN MINUMAN DI KOTA SURABAYA TAHUN 2025.geojson","source_feature_index":1607,"source_file":"data/raw/culinary/MAKANAN DAN MINUMAN DI KOTA SURABAYA TAHUN 2025.geojson","source_sha256":"0CDAE67E83D996938967A7A1C72CB2F46C94E15BCD9146E53138BA5D67E925AF","status":"BUKA","updated_at":"27/02/2025","validation_status":"valid","village":"KETABANG"},"type":"Feature"},{"geometry":{"coordinates":[112.73505470000009,-7.259586499999952],"type":"Point"},"properties":{"address":"JW MARRIOTT SURABAYA, JL. EMBONG MALANG NO. 85-89, 60261, KEDUNGDORO, KEC. TEGALSARI, SURABAYA, JAWA TIMUR 60261","analysis_version":"p0-central-v1","category_l1":"MAKANAN DAN MINUMAN","category_l2":"RESTORAN","category_l3":"KAFE DAN RESTO","collected_at":"Q4 2023","district":"TEGALSARI","merchant_id":"cfc9040e-a214-5d95-8998-2933befa29df","merchant_name":"PAVILION RESTAURANT AT JW MARRIOTT SURABAYA","phone":"0811-3529-279","source":"MAKANAN DAN MINUMAN DI KOTA SURABAYA TAHUN 2025.geojson","source_feature_index":1420,"source_file":"data/raw/culinary/MAKANAN DAN MINUMAN DI KOTA SURABAYA TAHUN 2025.geojson","source_sha256":"0CDAE67E83D996938967A7A1C72CB2F46C94E15BCD9146E53138BA5D67E925AF","status":"BUKA","updated_at":"27/02/2025","validation_status":"valid","village":"KEDUNGDORO"},"type":"Feature"},{"geometry":{"coordinates":[112.74758510000004,-7.261422299999936],"type":"Point"},"properties":{"address":"JL. KETABANG KALI NO.51 A, KEL. KETEBANG, KEC. GENTENG, SURABAYA, JAWA TIMUR 60272","analysis_version":"p0-central-v1","category_l1":"MAKANAN DAN MINUMAN","category_l2":"MINUMAN","category_l3":"COFFEESHOP","collected_at":"Q4 2023","district":"GENTENG","merchant_id":"d24ab106-85d6-5ecc-b45f-16740e92148c","merchant_name":"JOKOPI - KETABANG KALI","phone":"0812-1710-7975","source":"MAKANAN DAN MINUMAN DI KOTA SURABAYA TAHUN 2025.geojson","source_feature_index":861,"source_file":"data/raw/culinary/MAKANAN DAN MINUMAN DI KOTA SURABAYA TAHUN 2025.geojson","source_sha256":"0CDAE67E83D996938967A7A1C72CB2F46C94E15BCD9146E53138BA5D67E925AF","status":"BUKA","updated_at":"27/02/2025","validation_status":"valid","village":"KETABANG"},"type":"Feature"},{"geometry":{"coordinates":[112.747853,-7.272055],"type":"Point"},"properties":{"address":"JL. RAYA GUBENG NO.50, GUBENG, SURABAYA, EAST JAVA 60281","analysis_version":"p0-central-v1","category_l1":"MAKANAN DAN MINUMAN","category_l2":"RESTORAN","category_l3":"NASI GORENG","collected_at":"Q4 2023","district":"GUBENG","merchant_id":"d2b151bf-357b-5d95-9be3-0f7ffbc97400","merchant_name":"MIE KLUNTUNG & NASI GORENG JAWA PAK MITRO - GUBENG","phone":null,"source":"MAKANAN DAN MINUMAN DI KOTA SURABAYA TAHUN 2025.geojson","source_feature_index":778,"source_file":"data/raw/culinary/MAKANAN DAN MINUMAN DI KOTA SURABAYA TAHUN 2025.geojson","source_sha256":"0CDAE67E83D996938967A7A1C72CB2F46C94E15BCD9146E53138BA5D67E925AF","status":"BUKA","updated_at":"27/02/2025","validation_status":"valid","village":"GUBENG"},"type":"Feature"},{"geometry":{"coordinates":[112.7423782,-7.2647301],"type":"Point"},"properties":{"address":"PERT DARMO PARK I BL 4-B/3, 60256, EMBONG KALIASIN, KEC. GENTENG, SURABAYA, JAWA TIMUR 60271","analysis_version":"p0-central-v1","category_l1":"MAKANAN DAN MINUMAN","category_l2":"RESTORAN","category_l3":"CEPAT SAJI","collected_at":"Q4 2023","district":"GENTENG","merchant_id":"d3647cdb-f1ae-5989-ac9c-6f33e7a9d757","merchant_name":"BURGER KING BASUKI RAHMAT","phone":"1 500 025","source":"MAKANAN DAN MINUMAN DI KOTA SURABAYA TAHUN 2025.geojson","source_feature_index":1475,"source_file":"data/raw/culinary/MAKANAN DAN MINUMAN DI KOTA SURABAYA TAHUN 2025.geojson","source_sha256":"0CDAE67E83D996938967A7A1C72CB2F46C94E15BCD9146E53138BA5D67E925AF","status":"BUKA","updated_at":"27/02/2025","validation_status":"valid","village":"EMBONG KALIASIN"},"type":"Feature"},{"geometry":{"coordinates":[112.7300116,-7.2587312],"type":"Point"},"properties":{"address":"JALAN ANJASMORO 27","analysis_version":"p0-central-v1","category_l1":"MAKANAN DAN MINUMAN","category_l2":"ROTI DAN KUE","category_l3":"ROTI","collected_at":"Q2 2026","district":"SAWAHAN","merchant_id":"d3ecfbfd-c167-5cf7-bdb5-bd3bd4b0e115","merchant_name":"NEW BILLY'S PATISSERIE AND BAKERY","phone":"+62315348577","source":"MAKANAN DAN MINUMAN DI KOTA SURABAYA TAHUN 2025.geojson","source_feature_index":2082,"source_file":"data/raw/culinary/MAKANAN DAN MINUMAN DI KOTA SURABAYA TAHUN 2025.geojson","source_sha256":"0CDAE67E83D996938967A7A1C72CB2F46C94E15BCD9146E53138BA5D67E925AF","status":"BUKA","updated_at":"09/04/2026","validation_status":"valid","village":"SAWAHAN"},"type":"Feature"},{"geometry":{"coordinates":[112.7487799,-7.2652827],"type":"Point"},"properties":{"address":"PLAZA BOULEVARD, JL. PEMUDA, NO. 31-37, EMBONG KALIASIN, KEC. GENTENG, SURABAYA, JAWA TIMUR 60271","analysis_version":"p0-central-v1","category_l1":"MAKANAN DAN MINUMAN","category_l2":"RESTORAN","category_l3":"RESTORAN THAILAND","collected_at":"Q4 2023","district":"GENTENG","merchant_id":"d466a16b-8ba2-5946-9831-d0450df81a52","merchant_name":"NANG NANG THSI TEA","phone":null,"source":"MAKANAN DAN MINUMAN DI KOTA SURABAYA TAHUN 2025.geojson","source_feature_index":326,"source_file":"data/raw/culinary/MAKANAN DAN MINUMAN DI KOTA SURABAYA TAHUN 2025.geojson","source_sha256":"0CDAE67E83D996938967A7A1C72CB2F46C94E15BCD9146E53138BA5D67E925AF","status":"BUKA","updated_at":"27/02/2025","validation_status":"valid","village":"EMBONG KALIASIN"},"type":"Feature"},{"geometry":{"coordinates":[112.7423266,-7.2703872],"type":"Point"},"properties":{"address":"JALAN LEMAH PUTRO III 46A","analysis_version":"p0-central-v1","category_l1":"MAKANAN DAN MINUMAN","category_l2":"ROTI DAN KUE","category_l3":"KUE TRADISIONAL","collected_at":"Q2 2026","district":"GENTENG","merchant_id":"d4a98536-81cd-5e11-9d0d-cb913d56abed","merchant_name":"PUKIS LEMU","phone":"+6285771800011","source":"MAKANAN DAN MINUMAN DI KOTA SURABAYA TAHUN 2025.geojson","source_feature_index":2020,"source_file":"data/raw/culinary/MAKANAN DAN MINUMAN DI KOTA SURABAYA TAHUN 2025.geojson","source_sha256":"0CDAE67E83D996938967A7A1C72CB2F46C94E15BCD9146E53138BA5D67E925AF","status":"BUKA","updated_at":"09/04/2026","validation_status":"valid","village":"EMBONG KALIASIN"},"type":"Feature"},{"geometry":{"coordinates":[112.73375360000011,-7.254964599999934],"type":"Point"},"properties":{"address":"BG JUNCTION, JL. BUBUTAN, BUBUTAN, KEC. BUBUTAN, SURABAYA, JAWA TIMUR 60174","analysis_version":"p0-central-v1","category_l1":"MAKANAN DAN MINUMAN","category_l2":"RESTORAN","category_l3":"CEPAT SAJI","collected_at":"Q4 2023","district":"BUBUTAN","merchant_id":"d4e40eb3-d0fe-5ee3-b79a-275a4aef407f","merchant_name":"YOSHINOYA - BG JUNCTION","phone":"(031) 99252060","source":"MAKANAN DAN MINUMAN DI KOTA SURABAYA TAHUN 2025.geojson","source_feature_index":1438,"source_file":"data/raw/culinary/MAKANAN DAN MINUMAN DI KOTA SURABAYA TAHUN 2025.geojson","source_sha256":"0CDAE67E83D996938967A7A1C72CB2F46C94E15BCD9146E53138BA5D67E925AF","status":"BUKA","updated_at":"27/02/2025","validation_status":"valid","village":"BUBUTAN"},"type":"Feature"},{"geometry":{"coordinates":[112.73969060000002,-7.268106599999956],"type":"Point"},"properties":{"address":"JL. PREGOLAN NO.10, TEGALSARI, KEC. TEGALSARI, SURABAYA, JAWA TIMUR 60262","analysis_version":"p0-central-v1","category_l1":"MAKANAN DAN MINUMAN","category_l2":"RESTORAN","category_l3":"STEAK DAN BBQ","collected_at":"Q4 2023","district":"TEGALSARI","merchant_id":"d5063866-5e78-581e-8515-80d2b11b5195","merchant_name":"MY STORY STEAK & EATERY","phone":"(031) 99244993","source":"MAKANAN DAN MINUMAN DI KOTA SURABAYA TAHUN 2025.geojson","source_feature_index":1417,"source_file":"data/raw/culinary/MAKANAN DAN MINUMAN DI KOTA SURABAYA TAHUN 2025.geojson","source_sha256":"0CDAE67E83D996938967A7A1C72CB2F46C94E15BCD9146E53138BA5D67E925AF","status":"BUKA","updated_at":"27/02/2025","validation_status":"valid","village":"TEGALSARI"},"type":"Feature"},{"geometry":{"coordinates":[112.74354419999999,-7.2547291],"type":"Point"},"properties":{"address":"JL. UNDAAN KULON NO.15, PENELEH, KEC. GENTENG, SURABAYA, JAWA TIMUR 60274","analysis_version":"p0-central-v1","category_l1":"MAKANAN DAN MINUMAN","category_l2":"RESTORAN","category_l3":"NASI GORENG","collected_at":"Q4 2023","district":"GENTENG","merchant_id":"d58c71e1-74b3-5a3a-8164-194f7bd6d808","merchant_name":"NASI GORENG JAWA ABAH WASIS","phone":"0819-3634-6302","source":"MAKANAN DAN MINUMAN DI KOTA SURABAYA TAHUN 2025.geojson","source_feature_index":622,"source_file":"data/raw/culinary/MAKANAN DAN MINUMAN DI KOTA SURABAYA TAHUN 2025.geojson","source_sha256":"0CDAE67E83D996938967A7A1C72CB2F46C94E15BCD9146E53138BA5D67E925AF","status":"BUKA","updated_at":"27/02/2025","validation_status":"valid","village":"PENELEH"},"type":"Feature"},{"geometry":{"coordinates":[112.7382795,-7.2626985],"type":"Point"},"properties":{"address":"JALAN EMBONG MALANG 25","analysis_version":"p0-central-v1","category_l1":"MAKANAN DAN MINUMAN","category_l2":"ROTI DAN KUE","category_l3":"ROTI","collected_at":"Q2 2026","district":"TEGALSARI","merchant_id":"d5e2089a-ab91-5f35-ad13-69e745ff4d20","merchant_name":"LA PATISSERIE SURABAYA","phone":"+62315468000","source":"MAKANAN DAN MINUMAN DI KOTA SURABAYA TAHUN 2025.geojson","source_feature_index":2056,"source_file":"data/raw/culinary/MAKANAN DAN MINUMAN DI KOTA SURABAYA TAHUN 2025.geojson","source_sha256":"0CDAE67E83D996938967A7A1C72CB2F46C94E15BCD9146E53138BA5D67E925AF","status":"BUKA","updated_at":"09/04/2026","validation_status":"valid","village":"KEDUNGDORO"},"type":"Feature"},{"geometry":{"coordinates":[112.7507398,-7.2619677],"type":"Point"},"properties":{"address":"GRAND CITY SURABAYA, JALAN WALIKOTA MUSTAJAB 1","analysis_version":"p0-central-v1","category_l1":"MAKANAN DAN MINUMAN","category_l2":"ROTI DAN KUE","category_l3":"ROTI","collected_at":"Q2 2026","district":"GENTENG","merchant_id":"d82efe33-cc80-5ad9-ba8a-9d957a9def80","merchant_name":"MAISON FEERIE","phone":"+623152405771","source":"MAKANAN DAN MINUMAN DI KOTA SURABAYA TAHUN 2025.geojson","source_feature_index":2062,"source_file":"data/raw/culinary/MAKANAN DAN MINUMAN DI KOTA SURABAYA TAHUN 2025.geojson","source_sha256":"0CDAE67E83D996938967A7A1C72CB2F46C94E15BCD9146E53138BA5D67E925AF","status":"BUKA","updated_at":"09/04/2026","validation_status":"valid","village":"KETABANG"},"type":"Feature"},{"geometry":{"coordinates":[112.7375289,-7.2570587],"type":"Point"},"properties":{"address":"JL. TANJUNG ANOM, GENTENG, KEC. GENTENG, SURABAYA, JAWA TIMUR 60275","analysis_version":"p0-central-v1","category_l1":"MAKANAN DAN MINUMAN","category_l2":"RESTORAN","category_l3":"NASI GORENG","collected_at":"Q4 2023","district":"GENTENG","merchant_id":"d952b7bf-59d1-5248-aa71-9b5503816ae7","merchant_name":"NASI GORENG JAWA CAK KARTOLO","phone":"0821-3236-9295","source":"MAKANAN DAN MINUMAN DI KOTA SURABAYA TAHUN 2025.geojson","source_feature_index":628,"source_file":"data/raw/culinary/MAKANAN DAN MINUMAN DI KOTA SURABAYA TAHUN 2025.geojson","source_sha256":"0CDAE67E83D996938967A7A1C72CB2F46C94E15BCD9146E53138BA5D67E925AF","status":"BUKA","updated_at":"27/02/2025","validation_status":"valid","village":"GENTENG"},"type":"Feature"},{"geometry":{"coordinates":[112.73939050000001,-7.263353],"type":"Point"},"properties":{"address":"TUNJUNGAN PLAZA, JL. BASUKI RAHMAT NO.8-12, KEDUNGDORO, TEGALSARI, SURABAYA, EAST JAVA 60261","analysis_version":"p0-central-v1","category_l1":"MAKANAN DAN MINUMAN","category_l2":"RESTORAN","category_l3":"RESTORAN KOREA","collected_at":"Q4 2023","district":"TEGALSARI","merchant_id":"d9c59f53-5ca8-5ffe-8544-3a9393d41633","merchant_name":"REDDOG - TUNJUNGAN PLAZA","phone":"0819-3125-5351","source":"MAKANAN DAN MINUMAN DI KOTA SURABAYA TAHUN 2025.geojson","source_feature_index":1051,"source_file":"data/raw/culinary/MAKANAN DAN MINUMAN DI KOTA SURABAYA TAHUN 2025.geojson","source_sha256":"0CDAE67E83D996938967A7A1C72CB2F46C94E15BCD9146E53138BA5D67E925AF","status":"BUKA","updated_at":"27/02/2025","validation_status":"valid","village":"KEDUNGDORO"},"type":"Feature"},{"geometry":{"coordinates":[112.74055668675717,-7.263445033582489],"type":"Point"},"properties":{"address":"TUNJUNGAN PLAZA","analysis_version":"p0-central-v1","category_l1":"MAKANAN DAN MINUMAN","category_l2":"ROTI DAN KUE","category_l3":"ROTI","collected_at":"Q2 2026","district":"TEGALSARI","merchant_id":"da928fb8-9a72-58f4-91dc-2b6d6db980a1","merchant_name":"BREADTALK","phone":"(0623) 15459604","source":"MAKANAN DAN MINUMAN DI KOTA SURABAYA TAHUN 2025.geojson","source_feature_index":2048,"source_file":"data/raw/culinary/MAKANAN DAN MINUMAN DI KOTA SURABAYA TAHUN 2025.geojson","source_sha256":"0CDAE67E83D996938967A7A1C72CB2F46C94E15BCD9146E53138BA5D67E925AF","status":"BUKA","updated_at":"09/04/2026","validation_status":"valid","village":"KEDUNGDORO"},"type":"Feature"},{"geometry":{"coordinates":[112.7440177,-7.2500814],"type":"Point"},"properties":{"address":"JALAN UNDAAN KULON 46F","analysis_version":"p0-central-v1","category_l1":"MAKANAN DAN MINUMAN","category_l2":"ROTI DAN KUE","category_l3":"KUE","collected_at":"Q2 2026","district":"GENTENG","merchant_id":"dbfc5af2-a7b3-5229-962d-0a80767466a4","merchant_name":"ERIN'S KITCHEN","phone":"+6281230212188","source":"MAKANAN DAN MINUMAN DI KOTA SURABAYA TAHUN 2025.geojson","source_feature_index":2102,"source_file":"data/raw/culinary/MAKANAN DAN MINUMAN DI KOTA SURABAYA TAHUN 2025.geojson","source_sha256":"0CDAE67E83D996938967A7A1C72CB2F46C94E15BCD9146E53138BA5D67E925AF","status":"BUKA","updated_at":"09/04/2026","validation_status":"valid","village":"PENELEH"},"type":"Feature"},{"geometry":{"coordinates":[112.74861140000007,-7.26487579999997],"type":"Point"},"properties":{"address":"PLAZA SURABAYA, JL. PEMUDA NO.33-37, EMBONG KALIASIN, KEC. GENTENG, SURABAYA, JAWA TIMUR 60271","analysis_version":"p0-central-v1","category_l1":"MAKANAN DAN MINUMAN","category_l2":"RESTORAN","category_l3":"RESTORAN JEPANG","collected_at":"Q4 2023","district":"GENTENG","merchant_id":"dc1c6014-23d8-5317-849c-449e7acf8a7e","merchant_name":"YOSHINOYA - PLAZA SURABAYA","phone":"(021) 1500566","source":"MAKANAN DAN MINUMAN DI KOTA SURABAYA TAHUN 2025.geojson","source_feature_index":933,"source_file":"data/raw/culinary/MAKANAN DAN MINUMAN DI KOTA SURABAYA TAHUN 2025.geojson","source_sha256":"0CDAE67E83D996938967A7A1C72CB2F46C94E15BCD9146E53138BA5D67E925AF","status":"BUKA","updated_at":"27/02/2025","validation_status":"valid","village":"EMBONG KALIASIN"},"type":"Feature"},{"geometry":{"coordinates":[112.74807280000006,-7.264971399999983],"type":"Point"},"properties":{"address":"PLAZA SURABAYA, JL. PEMUDA NO.33-37, EMBONG KALIASIN, KEC. GENTENG, SURABAYA, JAWA TIMUR 60271","analysis_version":"p0-central-v1","category_l1":"MAKANAN DAN MINUMAN","category_l2":"RESTORAN","category_l3":"CEPAT SAJI","collected_at":"Q4 2023","district":"GENTENG","merchant_id":"dc5fcf2e-2448-5ff2-9594-24e0f22f04e7","merchant_name":"BURGER KING - PLAZA SURABAYA","phone":"(031) 5479310","source":"MAKANAN DAN MINUMAN DI KOTA SURABAYA TAHUN 2025.geojson","source_feature_index":1267,"source_file":"data/raw/culinary/MAKANAN DAN MINUMAN DI KOTA SURABAYA TAHUN 2025.geojson","source_sha256":"0CDAE67E83D996938967A7A1C72CB2F46C94E15BCD9146E53138BA5D67E925AF","status":"BUKA","updated_at":"27/02/2025","validation_status":"valid","village":"EMBONG KALIASIN"},"type":"Feature"},{"geometry":{"coordinates":[112.75026660000003,-7.258696699999972],"type":"Point"},"properties":{"address":"JL. SLAMET NO.16, KETABANG, KEC. GENTENG, SURABAYA, JAWA TIMUR 60272","analysis_version":"p0-central-v1","category_l1":"MAKANAN DAN MINUMAN","category_l2":"RESTORAN","category_l3":"KAFE DAN RESTO","collected_at":"Q4 2023","district":"GENTENG","merchant_id":"dcb3c5b9-ecf8-552c-b879-913fb533cb98","merchant_name":"AIOLA EATERY","phone":"0812-5989-2882","source":"MAKANAN DAN MINUMAN DI KOTA SURABAYA TAHUN 2025.geojson","source_feature_index":1099,"source_file":"data/raw/culinary/MAKANAN DAN MINUMAN DI KOTA SURABAYA TAHUN 2025.geojson","source_sha256":"0CDAE67E83D996938967A7A1C72CB2F46C94E15BCD9146E53138BA5D67E925AF","status":"BUKA","updated_at":"27/02/2025","validation_status":"valid","village":"KETABANG"},"type":"Feature"},{"geometry":{"coordinates":[112.731719,-7.2665222],"type":"Point"},"properties":{"address":"JALAN KEDUNGSARI 115","analysis_version":"p0-central-v1","category_l1":"MAKANAN DAN MINUMAN","category_l2":"ROTI DAN KUE","category_l3":"ROTI","collected_at":"Q2 2026","district":"TEGALSARI","merchant_id":"dcbfb365-7d9b-57f0-a172-1cde525a9c5d","merchant_name":"YOOLEE CAKE","phone":"+628113028868","source":"MAKANAN DAN MINUMAN DI KOTA SURABAYA TAHUN 2025.geojson","source_feature_index":2039,"source_file":"data/raw/culinary/MAKANAN DAN MINUMAN DI KOTA SURABAYA TAHUN 2025.geojson","source_sha256":"0CDAE67E83D996938967A7A1C72CB2F46C94E15BCD9146E53138BA5D67E925AF","status":"BUKA","updated_at":"09/04/2026","validation_status":"valid","village":"WONOREJO"},"type":"Feature"},{"geometry":{"coordinates":[112.7506849,-7.2695589],"type":"Point"},"properties":{"address":"JALAN RAYA GUBENG 2","analysis_version":"p0-central-v1","category_l1":"MAKANAN DAN MINUMAN","category_l2":"ROTI DAN KUE","category_l3":"KUE","collected_at":"Q2 2026","district":"GUBENG","merchant_id":"e0023fa0-8be6-5c63-821b-ea7349932339","merchant_name":"LIBBY","phone":"+62315031999","source":"MAKANAN DAN MINUMAN DI KOTA SURABAYA TAHUN 2025.geojson","source_feature_index":2026,"source_file":"data/raw/culinary/MAKANAN DAN MINUMAN DI KOTA SURABAYA TAHUN 2025.geojson","source_sha256":"0CDAE67E83D996938967A7A1C72CB2F46C94E15BCD9146E53138BA5D67E925AF","status":"BUKA","updated_at":"09/04/2026","validation_status":"valid","village":"GUBENG"},"type":"Feature"},{"geometry":{"coordinates":[112.752155,-7.262663],"type":"Point"},"properties":{"address":"JL. MASTRIP ANGGREK I NO.2, KETABANG, KEC. GENTENG, SURABAYA, JAWA TIMUR 60272","analysis_version":"p0-central-v1","category_l1":"MAKANAN DAN MINUMAN","category_l2":"RESTORAN","category_l3":"SEAFOOD","collected_at":"Q4 2023","district":"GENTENG","merchant_id":"e023f985-ff92-54f7-95f3-bcf44ee33a6f","merchant_name":"IKAN BAKAR SAMI SAMI","phone":"0819-3820-001","source":"MAKANAN DAN MINUMAN DI KOTA SURABAYA TAHUN 2025.geojson","source_feature_index":225,"source_file":"data/raw/culinary/MAKANAN DAN MINUMAN DI KOTA SURABAYA TAHUN 2025.geojson","source_sha256":"0CDAE67E83D996938967A7A1C72CB2F46C94E15BCD9146E53138BA5D67E925AF","status":"BUKA","updated_at":"27/02/2025","validation_status":"valid","village":"KETABANG"},"type":"Feature"},{"geometry":{"coordinates":[112.73911120000002,-7.260117399999956],"type":"Point"},"properties":{"address":"JL. TUNJUNGAN NO.84, GENTENG, KEC. GENTENG, SURABAYA, JAWA TIMUR 60275","analysis_version":"p0-central-v1","category_l1":"MAKANAN DAN MINUMAN","category_l2":"MINUMAN","category_l3":"COFFEESHOP","collected_at":"Q4 2023","district":"GENTENG","merchant_id":"e177010d-7e54-5c22-ac54-8362e5a18baa","merchant_name":"PIRING SENG COFFEE & CO","phone":"0812-5983-1900","source":"MAKANAN DAN MINUMAN DI KOTA SURABAYA TAHUN 2025.geojson","source_feature_index":9,"source_file":"data/raw/culinary/MAKANAN DAN MINUMAN DI KOTA SURABAYA TAHUN 2025.geojson","source_sha256":"0CDAE67E83D996938967A7A1C72CB2F46C94E15BCD9146E53138BA5D67E925AF","status":"BUKA","updated_at":"27/02/2025","validation_status":"valid","village":"GENTENG"},"type":"Feature"},{"geometry":{"coordinates":[112.7393031,-7.259739],"type":"Point"},"properties":{"address":"JL. TUNJUNGAN NO.57 E, GENTENG, KEC. GENTENG, SURABAYA, JAWA TIMUR 60275","analysis_version":"p0-central-v1","category_l1":"MAKANAN DAN MINUMAN","category_l2":"RESTORAN","category_l3":"NASI GORENG","collected_at":"Q4 2023","district":"GENTENG","merchant_id":"e1d67e01-204f-5d38-934e-291605dd22fd","merchant_name":"NASI GORENG CAK WI","phone":"0851-0130-7127","source":"MAKANAN DAN MINUMAN DI KOTA SURABAYA TAHUN 2025.geojson","source_feature_index":612,"source_file":"data/raw/culinary/MAKANAN DAN MINUMAN DI KOTA SURABAYA TAHUN 2025.geojson","source_sha256":"0CDAE67E83D996938967A7A1C72CB2F46C94E15BCD9146E53138BA5D67E925AF","status":"BUKA","updated_at":"27/02/2025","validation_status":"valid","village":"GENTENG"},"type":"Feature"},{"geometry":{"coordinates":[112.74729890000003,-7.271621099999948],"type":"Point"},"properties":{"address":"JL. SUMATERA NO.77, GUBENG, KEC. GUBENG, SURABAYA, JAWA TIMUR 60281","analysis_version":"p0-central-v1","category_l1":"MAKANAN DAN MINUMAN","category_l2":"MINUMAN","category_l3":"COFFEESHOP","collected_at":"Q4 2023","district":"GUBENG","merchant_id":"e21bfe90-5814-5f40-bc54-b012f77cc394","merchant_name":"KAFE 27 SUMATERA","phone":"0878-5554-6387","source":"MAKANAN DAN MINUMAN DI KOTA SURABAYA TAHUN 2025.geojson","source_feature_index":860,"source_file":"data/raw/culinary/MAKANAN DAN MINUMAN DI KOTA SURABAYA TAHUN 2025.geojson","source_sha256":"0CDAE67E83D996938967A7A1C72CB2F46C94E15BCD9146E53138BA5D67E925AF","status":"BUKA","updated_at":"27/02/2025","validation_status":"valid","village":"GUBENG"},"type":"Feature"},{"geometry":{"coordinates":[112.7451645,-7.2708857],"type":"Point"},"properties":{"address":"HAIDILAO HOT POT, JALAN JENDERAL BASUKI RAHMAT 3","analysis_version":"p0-central-v1","category_l1":"MAKANAN DAN MINUMAN","category_l2":"ROTI DAN KUE","category_l3":"ROTI","collected_at":"Q2 2026","district":"GENTENG","merchant_id":"e23e24ec-054c-5be3-93cc-3ea57e077ece","merchant_name":"BARBY'S BAKERY","phone":"+6287854123435","source":"MAKANAN DAN MINUMAN DI KOTA SURABAYA TAHUN 2025.geojson","source_feature_index":1997,"source_file":"data/raw/culinary/MAKANAN DAN MINUMAN DI KOTA SURABAYA TAHUN 2025.geojson","source_sha256":"0CDAE67E83D996938967A7A1C72CB2F46C94E15BCD9146E53138BA5D67E925AF","status":"BUKA","updated_at":"09/04/2026","validation_status":"valid","village":"EMBONG KALIASIN"},"type":"Feature"},{"geometry":{"coordinates":[112.7476524000001,-7.264024799999959],"type":"Point"},"properties":{"address":"PARKIR MOTOR GEDUNG MANDIRI, JL. PLAZA BOULEVARD, EMBONG KALIASIN, KEC. GENTENG, SURABAYA, JAWA TIMUR 60271","analysis_version":"p0-central-v1","category_l1":"MAKANAN DAN MINUMAN","category_l2":"RESTORAN","category_l3":"RESTORAN PADANG","collected_at":"Q4 2023","district":"GENTENG","merchant_id":"e2a0cab5-68f4-5bc7-9dd2-e25b5a651a29","merchant_name":"MASAKAN PADANG GUMARANG JAYA CABANG DELTA","phone":"0813-3059-0502","source":"MAKANAN DAN MINUMAN DI KOTA SURABAYA TAHUN 2025.geojson","source_feature_index":172,"source_file":"data/raw/culinary/MAKANAN DAN MINUMAN DI KOTA SURABAYA TAHUN 2025.geojson","source_sha256":"0CDAE67E83D996938967A7A1C72CB2F46C94E15BCD9146E53138BA5D67E925AF","status":"BUKA","updated_at":"27/02/2025","validation_status":"valid","village":"EMBONG KALIASIN"},"type":"Feature"},{"geometry":{"coordinates":[112.74051440000005,-7.269566099999963],"type":"Point"},"properties":{"address":"JL. EMBONG BLIMBING NO.1 EMBONG KALIASIN, JL. EMBONG BLIMBING NO.1, KALIASIN, KEC. GENTENG, SURABAYA, JAWA TIMUR 60271","analysis_version":"p0-central-v1","category_l1":"MAKANAN DAN MINUMAN","category_l2":"RESTORAN","category_l3":"RESTORAN PADANG","collected_at":"Q4 2023","district":"GENTENG","merchant_id":"e3167bdd-9419-5c25-8344-785f8fb34b91","merchant_name":"NASI PADANG - TELUK BELANGA","phone":"0812-3673-5341","source":"MAKANAN DAN MINUMAN DI KOTA SURABAYA TAHUN 2025.geojson","source_feature_index":182,"source_file":"data/raw/culinary/MAKANAN DAN MINUMAN DI KOTA SURABAYA TAHUN 2025.geojson","source_sha256":"0CDAE67E83D996938967A7A1C72CB2F46C94E15BCD9146E53138BA5D67E925AF","status":"BUKA","updated_at":"27/02/2025","validation_status":"valid","village":"EMBONG KALIASIN"},"type":"Feature"},{"geometry":{"coordinates":[112.739418,-7.2633686],"type":"Point"},"properties":{"address":"JL. BASUKI RAHMAT NO.08 - 12, KEDUNGDORO, KEC. TEGALSARI, SURABAYA, JAWA TIMUR 60261","analysis_version":"p0-central-v1","category_l1":"MAKANAN DAN MINUMAN","category_l2":"RESTORAN","category_l3":"CEPAT SAJI","collected_at":"Q4 2023","district":"TEGALSARI","merchant_id":"e3bb05c6-1286-59f5-9096-aadc803717c5","merchant_name":"KFC TUNJUNGAN PLAZA 3","phone":"(031) 5468176","source":"MAKANAN DAN MINUMAN DI KOTA SURABAYA TAHUN 2025.geojson","source_feature_index":1542,"source_file":"data/raw/culinary/MAKANAN DAN MINUMAN DI KOTA SURABAYA TAHUN 2025.geojson","source_sha256":"0CDAE67E83D996938967A7A1C72CB2F46C94E15BCD9146E53138BA5D67E925AF","status":"BUKA","updated_at":"27/02/2025","validation_status":"valid","village":"KEDUNGDORO"},"type":"Feature"},{"geometry":{"coordinates":[112.7485682,-7.2583697],"type":"Point"},"properties":{"address":"JL. JIMERTO NO.12, KETABANG, KEC. GENTENG, SURABAYA, JAWA TIMUR 60272","analysis_version":"p0-central-v1","category_l1":"MAKANAN DAN MINUMAN","category_l2":"RESTORAN","category_l3":"NASI GORENG","collected_at":"Q4 2023","district":"GENTENG","merchant_id":"e3e92323-c74f-5dce-ab4d-42ce5abba514","merchant_name":"NASI GORENG NUSANTARA","phone":"0811-630-860","source":"MAKANAN DAN MINUMAN DI KOTA SURABAYA TAHUN 2025.geojson","source_feature_index":594,"source_file":"data/raw/culinary/MAKANAN DAN MINUMAN DI KOTA SURABAYA TAHUN 2025.geojson","source_sha256":"0CDAE67E83D996938967A7A1C72CB2F46C94E15BCD9146E53138BA5D67E925AF","status":"BUKA","updated_at":"27/02/2025","validation_status":"valid","village":"KETABANG"},"type":"Feature"},{"geometry":{"coordinates":[112.7525605,-7.2694074],"type":"Point"},"properties":{"address":"JL. GUBENG KLINGSINGAN II NO.20, GUBENG, KEC. GUBENG, SURABAYA, JAWA TIMUR 60281","analysis_version":"p0-central-v1","category_l1":"MAKANAN DAN MINUMAN","category_l2":"RESTORAN","category_l3":"SEAFOOD","collected_at":"Q4 2023","district":"GUBENG","merchant_id":"e6a29dee-ae68-5032-adbf-f3463ea177e8","merchant_name":"SEAFOOD UMMA","phone":"0812-3708-7781","source":"MAKANAN DAN MINUMAN DI KOTA SURABAYA TAHUN 2025.geojson","source_feature_index":274,"source_file":"data/raw/culinary/MAKANAN DAN MINUMAN DI KOTA SURABAYA TAHUN 2025.geojson","source_sha256":"0CDAE67E83D996938967A7A1C72CB2F46C94E15BCD9146E53138BA5D67E925AF","status":"BUKA","updated_at":"27/02/2025","validation_status":"valid","village":"GUBENG"},"type":"Feature"},{"geometry":{"coordinates":[112.7479601,-7.265019],"type":"Point"},"properties":{"address":"BANK TABUNGAN NEGARA PT PERSERO, JALAN PEMUDA 50","analysis_version":"p0-central-v1","category_l1":"MAKANAN DAN MINUMAN","category_l2":"ROTI DAN KUE","category_l3":"DONAT","collected_at":"Q2 2026","district":"GENTENG","merchant_id":"e6af3767-9327-5d05-9551-d285d4a9b2be","merchant_name":"J.CO DONUTS & COFFEE","phone":"+62315312812","source":"MAKANAN DAN MINUMAN DI KOTA SURABAYA TAHUN 2025.geojson","source_feature_index":2043,"source_file":"data/raw/culinary/MAKANAN DAN MINUMAN DI KOTA SURABAYA TAHUN 2025.geojson","source_sha256":"0CDAE67E83D996938967A7A1C72CB2F46C94E15BCD9146E53138BA5D67E925AF","status":"BUKA","updated_at":"09/04/2026","validation_status":"valid","village":"EMBONG KALIASIN"},"type":"Feature"},{"geometry":{"coordinates":[112.75208830000008,-7.257471899999928],"type":"Point"},"properties":{"address":"TENGAH KOTA, KETABANG, KEC. GENTENG, SURABAYA, JAWA TIMUR 60272","analysis_version":"p0-central-v1","category_l1":"MAKANAN DAN MINUMAN","category_l2":"MINUMAN","category_l3":"COFFEESHOP","collected_at":"Q4 2023","district":"GENTENG","merchant_id":"e7a3037d-ac80-514d-b2aa-a48a22643f2b","merchant_name":"FYRA COFFEE","phone":"0822-4477-6561","source":"MAKANAN DAN MINUMAN DI KOTA SURABAYA TAHUN 2025.geojson","source_feature_index":892,"source_file":"data/raw/culinary/MAKANAN DAN MINUMAN DI KOTA SURABAYA TAHUN 2025.geojson","source_sha256":"0CDAE67E83D996938967A7A1C72CB2F46C94E15BCD9146E53138BA5D67E925AF","status":"BUKA","updated_at":"27/02/2025","validation_status":"valid","village":"KETABANG"},"type":"Feature"},{"geometry":{"coordinates":[112.74018,-7.258415],"type":"Point"},"properties":{"address":"JL. GENTENG DURASIM NO.1, GENTENG, KEC. GENTENG, SURABAYA, JAWA TIMUR 60275","analysis_version":"p0-central-v1","category_l1":"MAKANAN DAN MINUMAN","category_l2":"RESTORAN","category_l3":"RESTORAN PADANG","collected_at":"Q4 2023","district":"GENTENG","merchant_id":"e857fa98-d915-5d75-963e-407e46cdf6a6","merchant_name":"WARUNG MASAKAN PADANG FADHILAH","phone":"0815-1084-6510","source":"MAKANAN DAN MINUMAN DI KOTA SURABAYA TAHUN 2025.geojson","source_feature_index":1409,"source_file":"data/raw/culinary/MAKANAN DAN MINUMAN DI KOTA SURABAYA TAHUN 2025.geojson","source_sha256":"0CDAE67E83D996938967A7A1C72CB2F46C94E15BCD9146E53138BA5D67E925AF","status":"BUKA","updated_at":"27/02/2025","validation_status":"valid","village":"GENTENG"},"type":"Feature"},{"geometry":{"coordinates":[112.75722410000003,-7.25892],"type":"Point"},"properties":{"address":"JL. KALASAN NO.20, PACAR KELING, KEC. TAMBAKSARI, SURABAYA, JAWA TIMUR 60131","analysis_version":"p0-central-v1","category_l1":"MAKANAN DAN MINUMAN","category_l2":"RESTORAN","category_l3":"NASI GORENG","collected_at":"Q4 2023","district":"TAMBAKSARI","merchant_id":"e90a2017-b46c-5c55-b308-254027e70314","merchant_name":"WARUNG CAK KIS - PANGSIT MIE AYAM JAKARTA & NASI GORENG (KALASAN)","phone":"0857-3236-5820","source":"MAKANAN DAN MINUMAN DI KOTA SURABAYA TAHUN 2025.geojson","source_feature_index":810,"source_file":"data/raw/culinary/MAKANAN DAN MINUMAN DI KOTA SURABAYA TAHUN 2025.geojson","source_sha256":"0CDAE67E83D996938967A7A1C72CB2F46C94E15BCD9146E53138BA5D67E925AF","status":"BUKA","updated_at":"27/02/2025","validation_status":"valid","village":"PACARKELING"},"type":"Feature"},{"geometry":{"coordinates":[112.7322584,-7.2602258],"type":"Point"},"properties":{"address":"JALAN KEDUNGDORO 24","analysis_version":"p0-central-v1","category_l1":"MAKANAN DAN MINUMAN","category_l2":"ROTI DAN KUE","category_l3":"PASTRI DAN HIDANGAN PENUTUP","collected_at":"Q2 2026","district":"SAWAHAN","merchant_id":"e914e767-8cd4-569f-bd16-ada43a1c8359","merchant_name":"SINAR YONG","phone":"+62315343435","source":"MAKANAN DAN MINUMAN DI KOTA SURABAYA TAHUN 2025.geojson","source_feature_index":2078,"source_file":"data/raw/culinary/MAKANAN DAN MINUMAN DI KOTA SURABAYA TAHUN 2025.geojson","source_sha256":"0CDAE67E83D996938967A7A1C72CB2F46C94E15BCD9146E53138BA5D67E925AF","status":"BUKA","updated_at":"09/04/2026","validation_status":"valid","village":"SAWAHAN"},"type":"Feature"},{"geometry":{"coordinates":[112.7413437,-7.264747],"type":"Point"},"properties":{"address":"JL. BASUKI RAHMAT NO.31, EMBONG KALIASIN, KEC. GENTENG, SURABAYA, JAWA TIMUR 60261","analysis_version":"p0-central-v1","category_l1":"MAKANAN DAN MINUMAN","category_l2":"RESTORAN","category_l3":"CEPAT SAJI","collected_at":"Q4 2023","district":"GENTENG","merchant_id":"e9a0a443-a6fa-5428-89c8-74abbcc31652","merchant_name":"KFC BASUKI RACHMAT","phone":"(021) 14022","source":"MAKANAN DAN MINUMAN DI KOTA SURABAYA TAHUN 2025.geojson","source_feature_index":1526,"source_file":"data/raw/culinary/MAKANAN DAN MINUMAN DI KOTA SURABAYA TAHUN 2025.geojson","source_sha256":"0CDAE67E83D996938967A7A1C72CB2F46C94E15BCD9146E53138BA5D67E925AF","status":"BUKA","updated_at":"27/02/2025","validation_status":"valid","village":"EMBONG KALIASIN"},"type":"Feature"},{"geometry":{"coordinates":[112.7372496,-7.2678762],"type":"Point"},"properties":{"address":"JL. KOMBES POL. MOH. DURYAT NO.41-E, TEGALSARI, KEC. TEGALSARI, SURABAYA, JAWA TIMUR 60243","analysis_version":"p0-central-v1","category_l1":"MAKANAN DAN MINUMAN","category_l2":"RESTORAN","category_l3":"SEAFOOD","collected_at":"Q4 2023","district":"TEGALSARI","merchant_id":"ebad448a-a9bc-5f64-8aba-c64e6c4d3dfa","merchant_name":"IKAN BAKAR CIPANAS","phone":"(031) 5317160","source":"MAKANAN DAN MINUMAN DI KOTA SURABAYA TAHUN 2025.geojson","source_feature_index":290,"source_file":"data/raw/culinary/MAKANAN DAN MINUMAN DI KOTA SURABAYA TAHUN 2025.geojson","source_sha256":"0CDAE67E83D996938967A7A1C72CB2F46C94E15BCD9146E53138BA5D67E925AF","status":"BUKA","updated_at":"27/02/2025","validation_status":"valid","village":"TEGALSARI"},"type":"Feature"},{"geometry":{"coordinates":[112.734975,-7.264443],"type":"Point"},"properties":{"address":"PLEMAHAN 9 NO.25, KEDUNGDORO, KEC. TEGALSARI, SURABAYA, JAWA TIMUR 60625","analysis_version":"p0-central-v1","category_l1":"MAKANAN DAN MINUMAN","category_l2":"RESTORAN","category_l3":"CEPAT SAJI","collected_at":"Q4 2023","district":"TEGALSARI","merchant_id":"ee86637b-c4f5-58f6-8d9b-abc85bec2e4c","merchant_name":"BERKAT BURGER SURABAYA","phone":"0822-3138-6045","source":"MAKANAN DAN MINUMAN DI KOTA SURABAYA TAHUN 2025.geojson","source_feature_index":1443,"source_file":"data/raw/culinary/MAKANAN DAN MINUMAN DI KOTA SURABAYA TAHUN 2025.geojson","source_sha256":"0CDAE67E83D996938967A7A1C72CB2F46C94E15BCD9146E53138BA5D67E925AF","status":"BUKA","updated_at":"27/02/2025","validation_status":"valid","village":"KEDUNGDORO"},"type":"Feature"},{"geometry":{"coordinates":[112.7564483000001,-7.266853199999957],"type":"Point"},"properties":{"address":"JL. DHARMAWANGSA NO.4, AIRLANGGA, KEC. GUBENG, SURABAYA, JAWA TIMUR 60285","analysis_version":"p0-central-v1","category_l1":"MAKANAN DAN MINUMAN","category_l2":"RESTORAN","category_l3":"RESTORAN PADANG","collected_at":"Q4 2023","district":"GUBENG","merchant_id":"ef925d42-bad7-5c91-abaa-af8948291373","merchant_name":"AMPERA PALAPA MASAKAN PADANG JALAN DHARMAWANGSA NO04 SURABAYA","phone":"0821-6693-1489","source":"MAKANAN DAN MINUMAN DI KOTA SURABAYA TAHUN 2025.geojson","source_feature_index":158,"source_file":"data/raw/culinary/MAKANAN DAN MINUMAN DI KOTA SURABAYA TAHUN 2025.geojson","source_sha256":"0CDAE67E83D996938967A7A1C72CB2F46C94E15BCD9146E53138BA5D67E925AF","status":"BUKA","updated_at":"27/02/2025","validation_status":"valid","village":"AIRLANGGA"},"type":"Feature"},{"geometry":{"coordinates":[112.7322494,-7.2609369],"type":"Point"},"properties":{"address":"JL. KEDUNG DORO NO.87, KEDUNGDORO, KEC. TEGALSARI, SURABAYA, JAWA TIMUR 60261","analysis_version":"p0-central-v1","category_l1":"MAKANAN DAN MINUMAN","category_l2":"RESTORAN","category_l3":"SEAFOOD","collected_at":"Q4 2023","district":"TEGALSARI","merchant_id":"f195d0c7-feb7-5543-896d-401eb3c5cf1b","merchant_name":"SEAFOOD 78","phone":null,"source":"MAKANAN DAN MINUMAN DI KOTA SURABAYA TAHUN 2025.geojson","source_feature_index":287,"source_file":"data/raw/culinary/MAKANAN DAN MINUMAN DI KOTA SURABAYA TAHUN 2025.geojson","source_sha256":"0CDAE67E83D996938967A7A1C72CB2F46C94E15BCD9146E53138BA5D67E925AF","status":"BUKA","updated_at":"27/02/2025","validation_status":"valid","village":"KEDUNGDORO"},"type":"Feature"},{"geometry":{"coordinates":[112.7479843,-7.2722905],"type":"Point"},"properties":{"address":"BANK CIMB NIAGA, JALAN RAYA GUBENG, RW 04, GUBENG, SURABAYA, JAWA, 60281, INDONESIA","analysis_version":"p0-central-v1","category_l1":"MAKANAN DAN MINUMAN","category_l2":"ROTI DAN KUE","category_l3":"ROTI","collected_at":"Q2 2026","district":"GUBENG","merchant_id":"f19a11de-b933-55a6-ac09-eefa6422341e","merchant_name":"RAJANYA ROTI JOHN","phone":"+6281333580463","source":"MAKANAN DAN MINUMAN DI KOTA SURABAYA TAHUN 2025.geojson","source_feature_index":2019,"source_file":"data/raw/culinary/MAKANAN DAN MINUMAN DI KOTA SURABAYA TAHUN 2025.geojson","source_sha256":"0CDAE67E83D996938967A7A1C72CB2F46C94E15BCD9146E53138BA5D67E925AF","status":"BUKA","updated_at":"09/04/2026","validation_status":"valid","village":"GUBENG"},"type":"Feature"},{"geometry":{"coordinates":[112.7452831,-7.2590782],"type":"Point"},"properties":{"address":"JL. KETABANG MAGERSARI II, KETABANG, KEC. GENTENG, SURABAYA, JAWA TIMUR 60272","analysis_version":"p0-central-v1","category_l1":"MAKANAN DAN MINUMAN","category_l2":"RESTORAN","category_l3":"RESTORAN MELAYU","collected_at":"Q4 2023","district":"GENTENG","merchant_id":"f308731e-92af-5fd4-9143-89c18de9546e","merchant_name":"BAKSO AMBON","phone":"0878-5243-0062","source":"MAKANAN DAN MINUMAN DI KOTA SURABAYA TAHUN 2025.geojson","source_feature_index":904,"source_file":"data/raw/culinary/MAKANAN DAN MINUMAN DI KOTA SURABAYA TAHUN 2025.geojson","source_sha256":"0CDAE67E83D996938967A7A1C72CB2F46C94E15BCD9146E53138BA5D67E925AF","status":"BUKA","updated_at":"27/02/2025","validation_status":"valid","village":"KETABANG"},"type":"Feature"},{"geometry":{"coordinates":[112.7543471,-7.2611579],"type":"Point"},"properties":{"address":"JL. INDRAKILA NO.6A, PACAR KELING, KEC. TAMBAKSARI, SURABAYA, JAWA TIMUR 60131","analysis_version":"p0-central-v1","category_l1":"MAKANAN DAN MINUMAN","category_l2":"RESTORAN","category_l3":"NASI GORENG","collected_at":"Q4 2023","district":"TAMBAKSARI","merchant_id":"f31adec1-18cd-52b7-b1c3-1138b8d3607b","merchant_name":"NASI GORENG SEDAP MALAM","phone":"0899-3140-909","source":"MAKANAN DAN MINUMAN DI KOTA SURABAYA TAHUN 2025.geojson","source_feature_index":690,"source_file":"data/raw/culinary/MAKANAN DAN MINUMAN DI KOTA SURABAYA TAHUN 2025.geojson","source_sha256":"0CDAE67E83D996938967A7A1C72CB2F46C94E15BCD9146E53138BA5D67E925AF","status":"BUKA","updated_at":"27/02/2025","validation_status":"valid","village":"PACARKELING"},"type":"Feature"},{"geometry":{"coordinates":[112.730815,-7.2660559],"type":"Point"},"properties":{"address":"JL. KEDUNGSARI NO.141, WONOREJO, KEC. TEGALSARI, SURABAYA, JAWA TIMUR 60263","analysis_version":"p0-central-v1","category_l1":"MAKANAN DAN MINUMAN","category_l2":"RESTORAN","category_l3":"SEAFOOD","collected_at":"Q4 2023","district":"TEGALSARI","merchant_id":"f3c06842-2561-5f73-866e-c2ee35c9f08d","merchant_name":"SEDAP MALAM SEAFOOD","phone":"0813-3117-1339","source":"MAKANAN DAN MINUMAN DI KOTA SURABAYA TAHUN 2025.geojson","source_feature_index":256,"source_file":"data/raw/culinary/MAKANAN DAN MINUMAN DI KOTA SURABAYA TAHUN 2025.geojson","source_sha256":"0CDAE67E83D996938967A7A1C72CB2F46C94E15BCD9146E53138BA5D67E925AF","status":"BUKA","updated_at":"27/02/2025","validation_status":"valid","village":"WONOREJO"},"type":"Feature"},{"geometry":{"coordinates":[112.74823579999999,-7.2643431],"type":"Point"},"properties":{"address":"JL. PEMUDA NO.31-71, EMBONG KALIASIN, KEC. GENTENG, SURABAYA, JAWA TIMUR 60271","analysis_version":"p0-central-v1","category_l1":"MAKANAN DAN MINUMAN","category_l2":"RESTORAN","category_l3":"CEPAT SAJI","collected_at":"Q4 2023","district":"GENTENG","merchant_id":"f4c7acdf-19d7-55d4-af20-f8df2eede5aa","merchant_name":"KFC PLAZA SURABAYA","phone":"(021) 14022","source":"MAKANAN DAN MINUMAN DI KOTA SURABAYA TAHUN 2025.geojson","source_feature_index":1541,"source_file":"data/raw/culinary/MAKANAN DAN MINUMAN DI KOTA SURABAYA TAHUN 2025.geojson","source_sha256":"0CDAE67E83D996938967A7A1C72CB2F46C94E15BCD9146E53138BA5D67E925AF","status":"BUKA","updated_at":"27/02/2025","validation_status":"valid","village":"EMBONG KALIASIN"},"type":"Feature"},{"geometry":{"coordinates":[112.7517816,-7.2640245],"type":"Point"},"properties":{"address":"JALAN ANGGREK NO.2, KETABANG, GENTENG, KETABANG, KEC. GENTENG, SURABAYA, JAWA TIMUR 60272","analysis_version":"p0-central-v1","category_l1":"MAKANAN DAN MINUMAN","category_l2":"RESTORAN","category_l3":"NASI GORENG","collected_at":"Q4 2023","district":"GENTENG","merchant_id":"f833b1ec-2c30-52e8-b95f-b33ecc1a8f32","merchant_name":"NASI GORENG 99","phone":"0857-3008-2957","source":"MAKANAN DAN MINUMAN DI KOTA SURABAYA TAHUN 2025.geojson","source_feature_index":614,"source_file":"data/raw/culinary/MAKANAN DAN MINUMAN DI KOTA SURABAYA TAHUN 2025.geojson","source_sha256":"0CDAE67E83D996938967A7A1C72CB2F46C94E15BCD9146E53138BA5D67E925AF","status":"BUKA","updated_at":"27/02/2025","validation_status":"valid","village":"KETABANG"},"type":"Feature"},{"geometry":{"coordinates":[112.7407851,-7.2636196],"type":"Point"},"properties":{"address":"LANTAI LG TUNJUNGAN PLAZA 1, JL. BASUKI RAHMAT NO.8-12, KEDUNGDORO, KEC. TEGALSARI, SURABAYA, JAWA TIMUR 60271","analysis_version":"p0-central-v1","category_l1":"MAKANAN DAN MINUMAN","category_l2":"RESTORAN","category_l3":"CEPAT SAJI","collected_at":"Q4 2023","district":"TEGALSARI","merchant_id":"f854478e-de55-5214-8076-984fdc8ed7e5","merchant_name":"BURGER KING - TUNJUNGAN PLAZA 1","phone":"(031) 5459629","source":"MAKANAN DAN MINUMAN DI KOTA SURABAYA TAHUN 2025.geojson","source_feature_index":1474,"source_file":"data/raw/culinary/MAKANAN DAN MINUMAN DI KOTA SURABAYA TAHUN 2025.geojson","source_sha256":"0CDAE67E83D996938967A7A1C72CB2F46C94E15BCD9146E53138BA5D67E925AF","status":"BUKA","updated_at":"27/02/2025","validation_status":"valid","village":"KEDUNGDORO"},"type":"Feature"},{"geometry":{"coordinates":[112.73916940000004,-7.263512799999949],"type":"Point"},"properties":{"address":"JL. BASUKI RAHMAT NO.8 - 12, KEDUNGDORO, KEC. TEGALSARI, SURABAYA, JAWA TIMUR 60261","analysis_version":"p0-central-v1","category_l1":"MAKANAN DAN MINUMAN","category_l2":"RESTORAN","category_l3":"CEPAT SAJI","collected_at":"Q4 2023","district":"TEGALSARI","merchant_id":"f9ba4416-b924-5145-9bae-7ec62a6386e5","merchant_name":"BURGER KING - TUNJUNGAN PLAZA 3","phone":"1 500 025","source":"MAKANAN DAN MINUMAN DI KOTA SURABAYA TAHUN 2025.geojson","source_feature_index":1208,"source_file":"data/raw/culinary/MAKANAN DAN MINUMAN DI KOTA SURABAYA TAHUN 2025.geojson","source_sha256":"0CDAE67E83D996938967A7A1C72CB2F46C94E15BCD9146E53138BA5D67E925AF","status":"BUKA","updated_at":"27/02/2025","validation_status":"valid","village":"KEDUNGDORO"},"type":"Feature"},{"geometry":{"coordinates":[112.75073262784255,-7.263771637802737],"type":"Point"},"properties":{"address":"GRAND CITY MALL, LG #39","analysis_version":"p0-central-v1","category_l1":"MAKANAN DAN MINUMAN","category_l2":"ROTI DAN KUE","category_l3":"ROTI","collected_at":"Q2 2026","district":"GENTENG","merchant_id":"fa73089c-be0f-5dd6-b23f-7a30a10c51f6","merchant_name":"ROTIBOY BAKESHOPPE","phone":"(031) 78100016","source":"MAKANAN DAN MINUMAN DI KOTA SURABAYA TAHUN 2025.geojson","source_feature_index":2045,"source_file":"data/raw/culinary/MAKANAN DAN MINUMAN DI KOTA SURABAYA TAHUN 2025.geojson","source_sha256":"0CDAE67E83D996938967A7A1C72CB2F46C94E15BCD9146E53138BA5D67E925AF","status":"BUKA","updated_at":"09/04/2026","validation_status":"valid","village":"KETABANG"},"type":"Feature"},{"geometry":{"coordinates":[112.75051840000003,-7.258289599999955],"type":"Point"},"properties":{"address":"JL. BKR PELAJAR, KETABANG, GENTENG, SURABAYA, EAST JAVA 60272","analysis_version":"p0-central-v1","category_l1":"MAKANAN DAN MINUMAN","category_l2":"RESTORAN","category_l3":"RESTORAN KOREA","collected_at":"Q4 2023","district":"GENTENG","merchant_id":"fad717c2-edf7-55ed-8919-f13080e1e376","merchant_name":"RAMYEON CLUB EXPRESS","phone":null,"source":"MAKANAN DAN MINUMAN DI KOTA SURABAYA TAHUN 2025.geojson","source_feature_index":1054,"source_file":"data/raw/culinary/MAKANAN DAN MINUMAN DI KOTA SURABAYA TAHUN 2025.geojson","source_sha256":"0CDAE67E83D996938967A7A1C72CB2F46C94E15BCD9146E53138BA5D67E925AF","status":"BUKA","updated_at":"27/02/2025","validation_status":"valid","village":"KETABANG"},"type":"Feature"},{"geometry":{"coordinates":[112.744274,-7.269022899999925],"type":"Point"},"properties":{"address":"JL. PANGLIMA SUDIRMAN NO.41, EMBONG KALIASIN, KEC. GENTENG, SURABAYA, JAWA TIMUR 60271","analysis_version":"p0-central-v1","category_l1":"MAKANAN DAN MINUMAN","category_l2":"MINUMAN","category_l3":"COFFEESHOP","collected_at":"Q4 2023","district":"GENTENG","merchant_id":"faefe343-b524-569a-93c1-27a572a84c66","merchant_name":"BACKROOM COFFEE ROASTERS","phone":null,"source":"MAKANAN DAN MINUMAN DI KOTA SURABAYA TAHUN 2025.geojson","source_feature_index":1567,"source_file":"data/raw/culinary/MAKANAN DAN MINUMAN DI KOTA SURABAYA TAHUN 2025.geojson","source_sha256":"0CDAE67E83D996938967A7A1C72CB2F46C94E15BCD9146E53138BA5D67E925AF","status":"BUKA","updated_at":"27/02/2025","validation_status":"valid","village":"EMBONG KALIASIN"},"type":"Feature"},{"geometry":{"coordinates":[112.7509002,-7.2712658],"type":"Point"},"properties":{"address":"JALAN KALIMANTAN 136","analysis_version":"p0-central-v1","category_l1":"MAKANAN DAN MINUMAN","category_l2":"ROTI DAN KUE","category_l3":"ROTI","collected_at":"Q2 2026","district":"GUBENG","merchant_id":"fb51a171-67d9-583b-a5d0-8f1ddba87981","merchant_name":"DAFA ROTI","phone":"+62313955988","source":"MAKANAN DAN MINUMAN DI KOTA SURABAYA TAHUN 2025.geojson","source_feature_index":1995,"source_file":"data/raw/culinary/MAKANAN DAN MINUMAN DI KOTA SURABAYA TAHUN 2025.geojson","source_sha256":"0CDAE67E83D996938967A7A1C72CB2F46C94E15BCD9146E53138BA5D67E925AF","status":"BUKA","updated_at":"09/04/2026","validation_status":"valid","village":"GUBENG"},"type":"Feature"},{"geometry":{"coordinates":[112.73336820000009,-7.258276099999932],"type":"Point"},"properties":{"address":"JL. BLAURAN NO.85, GENTENG, KEC. GENTENG, SURABAYA, JAWA TIMUR 60272","analysis_version":"p0-central-v1","category_l1":"MAKANAN DAN MINUMAN","category_l2":"MINUMAN","category_l3":"COFFEESHOP","collected_at":"Q4 2023","district":"GENTENG","merchant_id":"fb641b7b-0624-54d0-81c4-73bc08127bd4","merchant_name":"KOTALAMA KOFFIE SOERABAJA","phone":"0877-8730-6089","source":"MAKANAN DAN MINUMAN DI KOTA SURABAYA TAHUN 2025.geojson","source_feature_index":875,"source_file":"data/raw/culinary/MAKANAN DAN MINUMAN DI KOTA SURABAYA TAHUN 2025.geojson","source_sha256":"0CDAE67E83D996938967A7A1C72CB2F46C94E15BCD9146E53138BA5D67E925AF","status":"BUKA","updated_at":"27/02/2025","validation_status":"valid","village":"GENTENG"},"type":"Feature"},{"geometry":{"coordinates":[112.74894350000011,-7.265416499999958],"type":"Point"},"properties":{"address":"PLAZA SURABAYA, LEVEL G, JL. PEMUDA NO.33-37, EMBONG KALIASIN, KEC. GENTENG, SURABAYA, JAWA TIMUR 60271","analysis_version":"p0-central-v1","category_l1":"MAKANAN DAN MINUMAN","category_l2":"RESTORAN","category_l3":"SUSHI","collected_at":"Q4 2023","district":"GENTENG","merchant_id":"fd6afaae-9f40-531a-a0db-dc23336df233","merchant_name":"ICHIBAN SUSHI - PLAZA SURABAYA","phone":"(031) 5316360","source":"MAKANAN DAN MINUMAN DI KOTA SURABAYA TAHUN 2025.geojson","source_feature_index":985,"source_file":"data/raw/culinary/MAKANAN DAN MINUMAN DI KOTA SURABAYA TAHUN 2025.geojson","source_sha256":"0CDAE67E83D996938967A7A1C72CB2F46C94E15BCD9146E53138BA5D67E925AF","status":"BUKA","updated_at":"27/02/2025","validation_status":"valid","village":"EMBONG KALIASIN"},"type":"Feature"},{"geometry":{"coordinates":[112.73839370000007,-7.258914199999943],"type":"Point"},"properties":{"address":"TUNJUNGAN ST NO.58, GENTENG, SURABAYA, EAST JAVA 60275","analysis_version":"p0-central-v1","category_l1":"MAKANAN DAN MINUMAN","category_l2":"MINUMAN","category_l3":"COFFEESHOP","collected_at":"Q4 2023","district":"GENTENG","merchant_id":"fe07e890-23b9-565c-a2d3-1daace798c64","merchant_name":"LADEED DELI CAFE","phone":"0822-3234-3852","source":"MAKANAN DAN MINUMAN DI KOTA SURABAYA TAHUN 2025.geojson","source_feature_index":1097,"source_file":"data/raw/culinary/MAKANAN DAN MINUMAN DI KOTA SURABAYA TAHUN 2025.geojson","source_sha256":"0CDAE67E83D996938967A7A1C72CB2F46C94E15BCD9146E53138BA5D67E925AF","status":"BUKA","updated_at":"27/02/2025","validation_status":"valid","village":"GENTENG"},"type":"Feature"},{"geometry":{"coordinates":[112.74741570000003,-7.273660699999938],"type":"Point"},"properties":{"address":"JL. RAYA GUBENG NO.43, GUBENG, KEC. GUBENG, SURABAYA, JAWA TIMUR 60281","analysis_version":"p0-central-v1","category_l1":"MAKANAN DAN MINUMAN","category_l2":"RESTORAN","category_l3":"KAFE DAN RESTO","collected_at":"Q4 2023","district":"GUBENG","merchant_id":"fe3f298f-b4d7-544e-b96a-c26c2cb69d00","merchant_name":"G LOUNGE KITCHEN & BAR","phone":"(031) 5011001","source":"MAKANAN DAN MINUMAN DI KOTA SURABAYA TAHUN 2025.geojson","source_feature_index":1348,"source_file":"data/raw/culinary/MAKANAN DAN MINUMAN DI KOTA SURABAYA TAHUN 2025.geojson","source_sha256":"0CDAE67E83D996938967A7A1C72CB2F46C94E15BCD9146E53138BA5D67E925AF","status":"BUKA","updated_at":"27/02/2025","validation_status":"valid","village":"GUBENG"},"type":"Feature"}],"metadata":{"analysis_version":"p0-central-v1","output_crs":"EPSG:4326","output_name":"culinary_poi_p0","source_files":[{"path":"data/raw/culinary/MAKANAN DAN MINUMAN DI KOTA SURABAYA TAHUN 2025.geojson","sha256":"0CDAE67E83D996938967A7A1C72CB2F46C94E15BCD9146E53138BA5D67E925AF"}]},"type":"FeatureCollection"}
