{"features":[{"geometry":{"coordinates":[112.74564805027232,-7.269287947372131],"type":"Point"},"properties":{"analysis_version":"p0-central-v1","component_id":"cc_000001","entity_type":"merchant","input_lineage":{"data/processed/p0/culinary_poi_p0.geojson":"B472BB9F0E8C18A5A85FAB6783FBA2455FD5A8FECE9BAAE4B23ED42A6AD7A608","data/processed/p0/pedestrian_edges.geojson":"6A77F7722AE6F3EF4674405EAEF2E43019F6C90363063E52BEDF44F388636355","data/processed/p0/pedestrian_nodes.geojson":"547A82AA6CD4B2012EE931D022948B12836236F685129EB745DB9359F417D7D3","data/processed/p0/transit_points_p0.geojson":"D15301D6230B26E93F4BDD46E9839D26E174244E6ACABCB674F1BC9956C9B06E"},"merchant_id":"009e8a6b-2213-5674-a8e5-0e615bf94818","merchant_name":"P.S.I PATISSERIE","method_config_fingerprint":"A0AE32FCDC33656774E190C42F9BA9483E2684228F7FCDB54B16728D5177BFF0","node_id":"node_dbbf974e463e4458e14ce8bcf09c622c5263bdfcb86122f9d73a4c69825d9c87","routing_status":"snap_too_far","snap_acceptance_status":"snap_too_far","snap_distance_m":79.16683148367038,"threshold_m":50.0},"type":"Feature"},{"geometry":{"coordinates":[112.740218,-7.258510899999976],"type":"Point"},"properties":{"analysis_version":"p0-central-v1","component_id":"cc_000001","entity_type":"merchant","input_lineage":{"data/processed/p0/culinary_poi_p0.geojson":"B472BB9F0E8C18A5A85FAB6783FBA2455FD5A8FECE9BAAE4B23ED42A6AD7A608","data/processed/p0/pedestrian_edges.geojson":"6A77F7722AE6F3EF4674405EAEF2E43019F6C90363063E52BEDF44F388636355","data/processed/p0/pedestrian_nodes.geojson":"547A82AA6CD4B2012EE931D022948B12836236F685129EB745DB9359F417D7D3","data/processed/p0/transit_points_p0.geojson":"D15301D6230B26E93F4BDD46E9839D26E174244E6ACABCB674F1BC9956C9B06E"},"merchant_id":"014c0750-27da-5b7e-a49b-d092cf349ce2","merchant_name":"WARUNG NASI PADANG LAPAU","method_config_fingerprint":"A0AE32FCDC33656774E190C42F9BA9483E2684228F7FCDB54B16728D5177BFF0","node_id":"node_6d23abea1cfb2ee3f8e358e743cc363623abaf4bebfb1bae4a2f98ba4cfdeb21","routing_status":"routable","snap_acceptance_status":"accepted","snap_distance_m":7.277875448133355,"threshold_m":50.0},"type":"Feature"},{"geometry":{"coordinates":[112.73937560000002,-7.259352299999932],"type":"Point"},"properties":{"analysis_version":"p0-central-v1","component_id":"cc_000001","entity_type":"merchant","input_lineage":{"data/processed/p0/culinary_poi_p0.geojson":"B472BB9F0E8C18A5A85FAB6783FBA2455FD5A8FECE9BAAE4B23ED42A6AD7A608","data/processed/p0/pedestrian_edges.geojson":"6A77F7722AE6F3EF4674405EAEF2E43019F6C90363063E52BEDF44F388636355","data/processed/p0/pedestrian_nodes.geojson":"547A82AA6CD4B2012EE931D022948B12836236F685129EB745DB9359F417D7D3","data/processed/p0/transit_points_p0.geojson":"D15301D6230B26E93F4BDD46E9839D26E174244E6ACABCB674F1BC9956C9B06E"},"merchant_id":"01fa8dac-f84b-58ef-ba6c-94b9b1b5c8f5","merchant_name":"GOODLIFE SUKI GRILL & BAR","method_config_fingerprint":"A0AE32FCDC33656774E190C42F9BA9483E2684228F7FCDB54B16728D5177BFF0","node_id":"node_140af58512cf6934adbb81ee65685abb3219f1baaf3fa619baa1de4e9a2fd20f","routing_status":"routable","snap_acceptance_status":"accepted","snap_distance_m":23.852813236233953,"threshold_m":50.0},"type":"Feature"},{"geometry":{"coordinates":[112.74887070000013,-7.274493899999931],"type":"Point"},"properties":{"analysis_version":"p0-central-v1","component_id":"cc_000069","entity_type":"merchant","input_lineage":{"data/processed/p0/culinary_poi_p0.geojson":"B472BB9F0E8C18A5A85FAB6783FBA2455FD5A8FECE9BAAE4B23ED42A6AD7A608","data/processed/p0/pedestrian_edges.geojson":"6A77F7722AE6F3EF4674405EAEF2E43019F6C90363063E52BEDF44F388636355","data/processed/p0/pedestrian_nodes.geojson":"547A82AA6CD4B2012EE931D022948B12836236F685129EB745DB9359F417D7D3","data/processed/p0/transit_points_p0.geojson":"D15301D6230B26E93F4BDD46E9839D26E174244E6ACABCB674F1BC9956C9B06E"},"merchant_id":"024d6189-c52e-58c0-8d3e-3f61ad1534ef","merchant_name":"ALLEGRA","method_config_fingerprint":"A0AE32FCDC33656774E190C42F9BA9483E2684228F7FCDB54B16728D5177BFF0","node_id":"node_8e9ca548b646076e84fa62e9cb29cac68de67a6ebed9af9dec3b99c0b886350b","routing_status":"snap_too_far","snap_acceptance_status":"snap_too_far","snap_distance_m":94.94462109839985,"threshold_m":50.0},"type":"Feature"},{"geometry":{"coordinates":[112.7382894000001,-7.261831299999926],"type":"Point"},"properties":{"analysis_version":"p0-central-v1","component_id":"cc_000001","entity_type":"merchant","input_lineage":{"data/processed/p0/culinary_poi_p0.geojson":"B472BB9F0E8C18A5A85FAB6783FBA2455FD5A8FECE9BAAE4B23ED42A6AD7A608","data/processed/p0/pedestrian_edges.geojson":"6A77F7722AE6F3EF4674405EAEF2E43019F6C90363063E52BEDF44F388636355","data/processed/p0/pedestrian_nodes.geojson":"547A82AA6CD4B2012EE931D022948B12836236F685129EB745DB9359F417D7D3","data/processed/p0/transit_points_p0.geojson":"D15301D6230B26E93F4BDD46E9839D26E174244E6ACABCB674F1BC9956C9B06E"},"merchant_id":"02d16877-f0f7-5e07-8222-e6c22336a3c2","merchant_name":"ZENBU HOUSE OF MOZARU","method_config_fingerprint":"A0AE32FCDC33656774E190C42F9BA9483E2684228F7FCDB54B16728D5177BFF0","node_id":"node_479b8d9a8e9aa04e36a5270458bc118e7c69cd5af1d39cc0f6a8e42f399b8c71","routing_status":"routable","snap_acceptance_status":"accepted","snap_distance_m":24.524706755902063,"threshold_m":50.0},"type":"Feature"},{"geometry":{"coordinates":[112.74925540000004,-7.269391499999927],"type":"Point"},"properties":{"analysis_version":"p0-central-v1","component_id":"cc_000001","entity_type":"merchant","input_lineage":{"data/processed/p0/culinary_poi_p0.geojson":"B472BB9F0E8C18A5A85FAB6783FBA2455FD5A8FECE9BAAE4B23ED42A6AD7A608","data/processed/p0/pedestrian_edges.geojson":"6A77F7722AE6F3EF4674405EAEF2E43019F6C90363063E52BEDF44F388636355","data/processed/p0/pedestrian_nodes.geojson":"547A82AA6CD4B2012EE931D022948B12836236F685129EB745DB9359F417D7D3","data/processed/p0/transit_points_p0.geojson":"D15301D6230B26E93F4BDD46E9839D26E174244E6ACABCB674F1BC9956C9B06E"},"merchant_id":"02e72006-c501-5cd0-9691-00133a996b0c","merchant_name":"HISTORICA","method_config_fingerprint":"A0AE32FCDC33656774E190C42F9BA9483E2684228F7FCDB54B16728D5177BFF0","node_id":"node_9d32d0d77f9727ee568a7076778bcf31827931150431a351ed54dae172c610f9","routing_status":"routable","snap_acceptance_status":"accepted","snap_distance_m":23.983617805811058,"threshold_m":50.0},"type":"Feature"},{"geometry":{"coordinates":[112.7476604,-7.263187],"type":"Point"},"properties":{"analysis_version":"p0-central-v1","component_id":"cc_000001","entity_type":"merchant","input_lineage":{"data/processed/p0/culinary_poi_p0.geojson":"B472BB9F0E8C18A5A85FAB6783FBA2455FD5A8FECE9BAAE4B23ED42A6AD7A608","data/processed/p0/pedestrian_edges.geojson":"6A77F7722AE6F3EF4674405EAEF2E43019F6C90363063E52BEDF44F388636355","data/processed/p0/pedestrian_nodes.geojson":"547A82AA6CD4B2012EE931D022948B12836236F685129EB745DB9359F417D7D3","data/processed/p0/transit_points_p0.geojson":"D15301D6230B26E93F4BDD46E9839D26E174244E6ACABCB674F1BC9956C9B06E"},"merchant_id":"030502be-1b7a-558d-97a5-0e94a3d18c14","merchant_name":"NASI GORENG TOP","method_config_fingerprint":"A0AE32FCDC33656774E190C42F9BA9483E2684228F7FCDB54B16728D5177BFF0","node_id":"node_ac40ac38cd1dc486c87f8e928612d0f7519eb3dc2126fc4f2ad76aba727c1933","routing_status":"routable","snap_acceptance_status":"accepted","snap_distance_m":19.715416867114236,"threshold_m":50.0},"type":"Feature"},{"geometry":{"coordinates":[112.748591,-7.258033],"type":"Point"},"properties":{"analysis_version":"p0-central-v1","component_id":"cc_000001","entity_type":"merchant","input_lineage":{"data/processed/p0/culinary_poi_p0.geojson":"B472BB9F0E8C18A5A85FAB6783FBA2455FD5A8FECE9BAAE4B23ED42A6AD7A608","data/processed/p0/pedestrian_edges.geojson":"6A77F7722AE6F3EF4674405EAEF2E43019F6C90363063E52BEDF44F388636355","data/processed/p0/pedestrian_nodes.geojson":"547A82AA6CD4B2012EE931D022948B12836236F685129EB745DB9359F417D7D3","data/processed/p0/transit_points_p0.geojson":"D15301D6230B26E93F4BDD46E9839D26E174244E6ACABCB674F1BC9956C9B06E"},"merchant_id":"03175b0e-2f3c-5b63-8a11-62db3a17d1b0","merchant_name":"PALAPA","method_config_fingerprint":"A0AE32FCDC33656774E190C42F9BA9483E2684228F7FCDB54B16728D5177BFF0","node_id":"node_6ff39deebd728e70f347244126ae48b0443209ff92d277f9767ea0a0d3bcfd4a","routing_status":"routable","snap_acceptance_status":"accepted","snap_distance_m":23.874412820875275,"threshold_m":50.0},"type":"Feature"},{"geometry":{"coordinates":[112.732166,-7.258194],"type":"Point"},"properties":{"analysis_version":"p0-central-v1","component_id":"cc_000001","entity_type":"merchant","input_lineage":{"data/processed/p0/culinary_poi_p0.geojson":"B472BB9F0E8C18A5A85FAB6783FBA2455FD5A8FECE9BAAE4B23ED42A6AD7A608","data/processed/p0/pedestrian_edges.geojson":"6A77F7722AE6F3EF4674405EAEF2E43019F6C90363063E52BEDF44F388636355","data/processed/p0/pedestrian_nodes.geojson":"547A82AA6CD4B2012EE931D022948B12836236F685129EB745DB9359F417D7D3","data/processed/p0/transit_points_p0.geojson":"D15301D6230B26E93F4BDD46E9839D26E174244E6ACABCB674F1BC9956C9B06E"},"merchant_id":"05050b22-9bd1-5acd-a50d-211bdc199c9f","merchant_name":"MASAKAN TIO CIU CHINESE FOOD & SEAFOOD","method_config_fingerprint":"A0AE32FCDC33656774E190C42F9BA9483E2684228F7FCDB54B16728D5177BFF0","node_id":"node_8e0609bbc25aa34f3f8e3f7f67fbf31ff7fb2eed13ce646d41de95a7dd1d0c57","routing_status":"routable","snap_acceptance_status":"accepted","snap_distance_m":48.244381304253125,"threshold_m":50.0},"type":"Feature"},{"geometry":{"coordinates":[112.7390288,-7.2599783],"type":"Point"},"properties":{"analysis_version":"p0-central-v1","component_id":"cc_000001","entity_type":"merchant","input_lineage":{"data/processed/p0/culinary_poi_p0.geojson":"B472BB9F0E8C18A5A85FAB6783FBA2455FD5A8FECE9BAAE4B23ED42A6AD7A608","data/processed/p0/pedestrian_edges.geojson":"6A77F7722AE6F3EF4674405EAEF2E43019F6C90363063E52BEDF44F388636355","data/processed/p0/pedestrian_nodes.geojson":"547A82AA6CD4B2012EE931D022948B12836236F685129EB745DB9359F417D7D3","data/processed/p0/transit_points_p0.geojson":"D15301D6230B26E93F4BDD46E9839D26E174244E6ACABCB674F1BC9956C9B06E"},"merchant_id":"05ab56c4-245f-5a0d-bf69-1fa3b0c80299","merchant_name":"STREET BOBA - TUNJUNGAN","method_config_fingerprint":"A0AE32FCDC33656774E190C42F9BA9483E2684228F7FCDB54B16728D5177BFF0","node_id":"node_65234e7be7c3bf3948323ec2b82a1279780a58f881ce29d2b711119a9a8aa90e","routing_status":"routable","snap_acceptance_status":"accepted","snap_distance_m":21.325801784573663,"threshold_m":50.0},"type":"Feature"},{"geometry":{"coordinates":[112.73436067569864,-7.255964350401002],"type":"Point"},"properties":{"analysis_version":"p0-central-v1","component_id":"cc_000001","entity_type":"merchant","input_lineage":{"data/processed/p0/culinary_poi_p0.geojson":"B472BB9F0E8C18A5A85FAB6783FBA2455FD5A8FECE9BAAE4B23ED42A6AD7A608","data/processed/p0/pedestrian_edges.geojson":"6A77F7722AE6F3EF4674405EAEF2E43019F6C90363063E52BEDF44F388636355","data/processed/p0/pedestrian_nodes.geojson":"547A82AA6CD4B2012EE931D022948B12836236F685129EB745DB9359F417D7D3","data/processed/p0/transit_points_p0.geojson":"D15301D6230B26E93F4BDD46E9839D26E174244E6ACABCB674F1BC9956C9B06E"},"merchant_id":"06146be3-107d-5490-82a8-d3f066bc9e08","merchant_name":"ROTIBOY BAKESHOPPE","method_config_fingerprint":"A0AE32FCDC33656774E190C42F9BA9483E2684228F7FCDB54B16728D5177BFF0","node_id":"node_c6c4371d33de4d891dab4170cd10c0a50a4985b01eec7c0de7808a50726bf2eb","routing_status":"routable","snap_acceptance_status":"accepted","snap_distance_m":9.8063461683635,"threshold_m":50.0},"type":"Feature"},{"geometry":{"coordinates":[112.73870290000002,-7.259367299999951],"type":"Point"},"properties":{"analysis_version":"p0-central-v1","component_id":"cc_000001","entity_type":"merchant","input_lineage":{"data/processed/p0/culinary_poi_p0.geojson":"B472BB9F0E8C18A5A85FAB6783FBA2455FD5A8FECE9BAAE4B23ED42A6AD7A608","data/processed/p0/pedestrian_edges.geojson":"6A77F7722AE6F3EF4674405EAEF2E43019F6C90363063E52BEDF44F388636355","data/processed/p0/pedestrian_nodes.geojson":"547A82AA6CD4B2012EE931D022948B12836236F685129EB745DB9359F417D7D3","data/processed/p0/transit_points_p0.geojson":"D15301D6230B26E93F4BDD46E9839D26E174244E6ACABCB674F1BC9956C9B06E"},"merchant_id":"06652414-df96-5a82-803d-1365e769cda3","merchant_name":"SEOUL BUNSIK","method_config_fingerprint":"A0AE32FCDC33656774E190C42F9BA9483E2684228F7FCDB54B16728D5177BFF0","node_id":"node_01d8144030968b250268b25ade9b0e3e3e7f1c0088315aab7f2b077284b79ec6","routing_status":"routable","snap_acceptance_status":"accepted","snap_distance_m":12.418211888156444,"threshold_m":50.0},"type":"Feature"},{"geometry":{"coordinates":[112.74736780000002,-7.271847199999971],"type":"Point"},"properties":{"analysis_version":"p0-central-v1","component_id":"cc_000026","entity_type":"merchant","input_lineage":{"data/processed/p0/culinary_poi_p0.geojson":"B472BB9F0E8C18A5A85FAB6783FBA2455FD5A8FECE9BAAE4B23ED42A6AD7A608","data/processed/p0/pedestrian_edges.geojson":"6A77F7722AE6F3EF4674405EAEF2E43019F6C90363063E52BEDF44F388636355","data/processed/p0/pedestrian_nodes.geojson":"547A82AA6CD4B2012EE931D022948B12836236F685129EB745DB9359F417D7D3","data/processed/p0/transit_points_p0.geojson":"D15301D6230B26E93F4BDD46E9839D26E174244E6ACABCB674F1BC9956C9B06E"},"merchant_id":"07b0d0c7-f794-5760-bdcc-fdedd028b739","merchant_name":"COLORS PUB & RESTAURANT","method_config_fingerprint":"A0AE32FCDC33656774E190C42F9BA9483E2684228F7FCDB54B16728D5177BFF0","node_id":"node_e609f7c5a8f2422fcfcf690d15866ef953e5df8e9c0075efc2bee96ff18daf71","routing_status":"disconnected","snap_acceptance_status":"accepted","snap_distance_m":24.026375721560825,"threshold_m":50.0},"type":"Feature"},{"geometry":{"coordinates":[112.736362,-7.270260199999941],"type":"Point"},"properties":{"analysis_version":"p0-central-v1","component_id":"cc_000001","entity_type":"merchant","input_lineage":{"data/processed/p0/culinary_poi_p0.geojson":"B472BB9F0E8C18A5A85FAB6783FBA2455FD5A8FECE9BAAE4B23ED42A6AD7A608","data/processed/p0/pedestrian_edges.geojson":"6A77F7722AE6F3EF4674405EAEF2E43019F6C90363063E52BEDF44F388636355","data/processed/p0/pedestrian_nodes.geojson":"547A82AA6CD4B2012EE931D022948B12836236F685129EB745DB9359F417D7D3","data/processed/p0/transit_points_p0.geojson":"D15301D6230B26E93F4BDD46E9839D26E174244E6ACABCB674F1BC9956C9B06E"},"merchant_id":"07d822b5-4d98-52a2-a8e3-212af252fd0b","merchant_name":"BURGER & HOTDOGS FALS","method_config_fingerprint":"A0AE32FCDC33656774E190C42F9BA9483E2684228F7FCDB54B16728D5177BFF0","node_id":"node_9879cadc5aa1a8bf73a3bb7e7b7992bcaf8faaac7c33a4d55874514b8f970cf9","routing_status":"routable","snap_acceptance_status":"accepted","snap_distance_m":7.979364851315707,"threshold_m":50.0},"type":"Feature"},{"geometry":{"coordinates":[112.7526471,-7.2682813],"type":"Point"},"properties":{"analysis_version":"p0-central-v1","component_id":"cc_000001","entity_type":"merchant","input_lineage":{"data/processed/p0/culinary_poi_p0.geojson":"B472BB9F0E8C18A5A85FAB6783FBA2455FD5A8FECE9BAAE4B23ED42A6AD7A608","data/processed/p0/pedestrian_edges.geojson":"6A77F7722AE6F3EF4674405EAEF2E43019F6C90363063E52BEDF44F388636355","data/processed/p0/pedestrian_nodes.geojson":"547A82AA6CD4B2012EE931D022948B12836236F685129EB745DB9359F417D7D3","data/processed/p0/transit_points_p0.geojson":"D15301D6230B26E93F4BDD46E9839D26E174244E6ACABCB674F1BC9956C9B06E"},"merchant_id":"07eb7239-0901-55eb-8c2a-9b977731b0ca","merchant_name":"OTLET RESMI ES CREAM AICE","method_config_fingerprint":"A0AE32FCDC33656774E190C42F9BA9483E2684228F7FCDB54B16728D5177BFF0","node_id":"node_d8646dda035a697b70e20248a08927ea3a52936bd50079a64cb8066e39fb9959","routing_status":"routable","snap_acceptance_status":"accepted","snap_distance_m":13.986001224821992,"threshold_m":50.0},"type":"Feature"},{"geometry":{"coordinates":[112.7386562,-7.2520257],"type":"Point"},"properties":{"analysis_version":"p0-central-v1","component_id":"cc_000001","entity_type":"merchant","input_lineage":{"data/processed/p0/culinary_poi_p0.geojson":"B472BB9F0E8C18A5A85FAB6783FBA2455FD5A8FECE9BAAE4B23ED42A6AD7A608","data/processed/p0/pedestrian_edges.geojson":"6A77F7722AE6F3EF4674405EAEF2E43019F6C90363063E52BEDF44F388636355","data/processed/p0/pedestrian_nodes.geojson":"547A82AA6CD4B2012EE931D022948B12836236F685129EB745DB9359F417D7D3","data/processed/p0/transit_points_p0.geojson":"D15301D6230B26E93F4BDD46E9839D26E174244E6ACABCB674F1BC9956C9B06E"},"merchant_id":"07ff63f6-b9a8-5e49-8ef5-e267ab9b3758","merchant_name":"JENK SISSY CAKE","method_config_fingerprint":"A0AE32FCDC33656774E190C42F9BA9483E2684228F7FCDB54B16728D5177BFF0","node_id":"node_d29234bde115a5a0f70dde9c0248b86a2d05ded510b33d86e85cc2fedc2c43c3","routing_status":"routable","snap_acceptance_status":"accepted","snap_distance_m":7.296243255108796,"threshold_m":50.0},"type":"Feature"},{"geometry":{"coordinates":[112.7538448,-7.258965],"type":"Point"},"properties":{"analysis_version":"p0-central-v1","component_id":"cc_000001","entity_type":"merchant","input_lineage":{"data/processed/p0/culinary_poi_p0.geojson":"B472BB9F0E8C18A5A85FAB6783FBA2455FD5A8FECE9BAAE4B23ED42A6AD7A608","data/processed/p0/pedestrian_edges.geojson":"6A77F7722AE6F3EF4674405EAEF2E43019F6C90363063E52BEDF44F388636355","data/processed/p0/pedestrian_nodes.geojson":"547A82AA6CD4B2012EE931D022948B12836236F685129EB745DB9359F417D7D3","data/processed/p0/transit_points_p0.geojson":"D15301D6230B26E93F4BDD46E9839D26E174244E6ACABCB674F1BC9956C9B06E"},"merchant_id":"081514f4-c6e4-5a65-825e-175a4c96e513","merchant_name":"THERANCYS CAKE","method_config_fingerprint":"A0AE32FCDC33656774E190C42F9BA9483E2684228F7FCDB54B16728D5177BFF0","node_id":"node_7bfae7590df57690b773a95f04c4e165d8fffb720042359b44f367d85332a7db","routing_status":"snap_too_far","snap_acceptance_status":"snap_too_far","snap_distance_m":62.32149405000167,"threshold_m":50.0},"type":"Feature"},{"geometry":{"coordinates":[112.7476323,-7.2715568],"type":"Point"},"properties":{"analysis_version":"p0-central-v1","component_id":"cc_000001","entity_type":"merchant","input_lineage":{"data/processed/p0/culinary_poi_p0.geojson":"B472BB9F0E8C18A5A85FAB6783FBA2455FD5A8FECE9BAAE4B23ED42A6AD7A608","data/processed/p0/pedestrian_edges.geojson":"6A77F7722AE6F3EF4674405EAEF2E43019F6C90363063E52BEDF44F388636355","data/processed/p0/pedestrian_nodes.geojson":"547A82AA6CD4B2012EE931D022948B12836236F685129EB745DB9359F417D7D3","data/processed/p0/transit_points_p0.geojson":"D15301D6230B26E93F4BDD46E9839D26E174244E6ACABCB674F1BC9956C9B06E"},"merchant_id":"08d5dd3a-cc15-5568-8878-d10dbc263b66","merchant_name":"DE SOEMATRA","method_config_fingerprint":"A0AE32FCDC33656774E190C42F9BA9483E2684228F7FCDB54B16728D5177BFF0","node_id":"node_1d5f4b527afa5498ecbdd4f09090b546f9ac8758b115c32f6098912c161a9b49","routing_status":"routable","snap_acceptance_status":"accepted","snap_distance_m":35.8298971321005,"threshold_m":50.0},"type":"Feature"},{"geometry":{"coordinates":[112.7477087,-7.2632326],"type":"Point"},"properties":{"analysis_version":"p0-central-v1","component_id":"cc_000001","entity_type":"merchant","input_lineage":{"data/processed/p0/culinary_poi_p0.geojson":"B472BB9F0E8C18A5A85FAB6783FBA2455FD5A8FECE9BAAE4B23ED42A6AD7A608","data/processed/p0/pedestrian_edges.geojson":"6A77F7722AE6F3EF4674405EAEF2E43019F6C90363063E52BEDF44F388636355","data/processed/p0/pedestrian_nodes.geojson":"547A82AA6CD4B2012EE931D022948B12836236F685129EB745DB9359F417D7D3","data/processed/p0/transit_points_p0.geojson":"D15301D6230B26E93F4BDD46E9839D26E174244E6ACABCB674F1BC9956C9B06E"},"merchant_id":"08fb3090-a72e-5c1b-8063-57c4153941a4","merchant_name":"JUAREAZ ICE CREAM","method_config_fingerprint":"A0AE32FCDC33656774E190C42F9BA9483E2684228F7FCDB54B16728D5177BFF0","node_id":"node_bfae0270e3b7422dd2dc60bc6c3a7910be83fc746268a37bbed21b70b4f93028","routing_status":"routable","snap_acceptance_status":"accepted","snap_distance_m":22.808444227993277,"threshold_m":50.0},"type":"Feature"},{"geometry":{"coordinates":[112.7394342,-7.2633577],"type":"Point"},"properties":{"analysis_version":"p0-central-v1","component_id":"cc_000001","entity_type":"merchant","input_lineage":{"data/processed/p0/culinary_poi_p0.geojson":"B472BB9F0E8C18A5A85FAB6783FBA2455FD5A8FECE9BAAE4B23ED42A6AD7A608","data/processed/p0/pedestrian_edges.geojson":"6A77F7722AE6F3EF4674405EAEF2E43019F6C90363063E52BEDF44F388636355","data/processed/p0/pedestrian_nodes.geojson":"547A82AA6CD4B2012EE931D022948B12836236F685129EB745DB9359F417D7D3","data/processed/p0/transit_points_p0.geojson":"D15301D6230B26E93F4BDD46E9839D26E174244E6ACABCB674F1BC9956C9B06E"},"merchant_id":"09989b52-14f7-5cec-bb70-732e8820e05a","merchant_name":"QUICKLY - TUNJUNGAN PLAZA 3","method_config_fingerprint":"A0AE32FCDC33656774E190C42F9BA9483E2684228F7FCDB54B16728D5177BFF0","node_id":"node_58d533e1c37868f4e92c8d9588d0dd2f7e186bb71079a5a1f12d2356e6ffc2a2","routing_status":"routable","snap_acceptance_status":"accepted","snap_distance_m":8.776349652102626,"threshold_m":50.0},"type":"Feature"},{"geometry":{"coordinates":[112.75081350000005,-7.255854699999929],"type":"Point"},"properties":{"analysis_version":"p0-central-v1","component_id":"cc_000001","entity_type":"merchant","input_lineage":{"data/processed/p0/culinary_poi_p0.geojson":"B472BB9F0E8C18A5A85FAB6783FBA2455FD5A8FECE9BAAE4B23ED42A6AD7A608","data/processed/p0/pedestrian_edges.geojson":"6A77F7722AE6F3EF4674405EAEF2E43019F6C90363063E52BEDF44F388636355","data/processed/p0/pedestrian_nodes.geojson":"547A82AA6CD4B2012EE931D022948B12836236F685129EB745DB9359F417D7D3","data/processed/p0/transit_points_p0.geojson":"D15301D6230B26E93F4BDD46E9839D26E174244E6ACABCB674F1BC9956C9B06E"},"merchant_id":"0a58b935-e19d-546d-a6ad-77b2288ce191","merchant_name":"TOPOCI AMBENGAN SURABAYA - ANGKRINGAN ASLI KOREA","method_config_fingerprint":"A0AE32FCDC33656774E190C42F9BA9483E2684228F7FCDB54B16728D5177BFF0","node_id":"node_fe717b2f8590eb2a3496add023dce6dbf853ec519d25e3c8f9543bd64d18df8d","routing_status":"routable","snap_acceptance_status":"accepted","snap_distance_m":24.59491703585202,"threshold_m":50.0},"type":"Feature"},{"geometry":{"coordinates":[112.73909010000011,-7.262446],"type":"Point"},"properties":{"analysis_version":"p0-central-v1","component_id":"cc_000001","entity_type":"merchant","input_lineage":{"data/processed/p0/culinary_poi_p0.geojson":"B472BB9F0E8C18A5A85FAB6783FBA2455FD5A8FECE9BAAE4B23ED42A6AD7A608","data/processed/p0/pedestrian_edges.geojson":"6A77F7722AE6F3EF4674405EAEF2E43019F6C90363063E52BEDF44F388636355","data/processed/p0/pedestrian_nodes.geojson":"547A82AA6CD4B2012EE931D022948B12836236F685129EB745DB9359F417D7D3","data/processed/p0/transit_points_p0.geojson":"D15301D6230B26E93F4BDD46E9839D26E174244E6ACABCB674F1BC9956C9B06E"},"merchant_id":"0b008399-e148-5cbe-b4e3-3900f9841519","merchant_name":"TTEOKBOKKI QUEEN - TUNJUNGAN PLAZA 4","method_config_fingerprint":"A0AE32FCDC33656774E190C42F9BA9483E2684228F7FCDB54B16728D5177BFF0","node_id":"node_cbacf036b09b820d3ee400fc6a1bdf27520713ec7c83988e7941ad968bc7eda6","routing_status":"routable","snap_acceptance_status":"accepted","snap_distance_m":28.337860523036326,"threshold_m":50.0},"type":"Feature"},{"geometry":{"coordinates":[112.7320796,-7.2559697],"type":"Point"},"properties":{"analysis_version":"p0-central-v1","component_id":"cc_000001","entity_type":"merchant","input_lineage":{"data/processed/p0/culinary_poi_p0.geojson":"B472BB9F0E8C18A5A85FAB6783FBA2455FD5A8FECE9BAAE4B23ED42A6AD7A608","data/processed/p0/pedestrian_edges.geojson":"6A77F7722AE6F3EF4674405EAEF2E43019F6C90363063E52BEDF44F388636355","data/processed/p0/pedestrian_nodes.geojson":"547A82AA6CD4B2012EE931D022948B12836236F685129EB745DB9359F417D7D3","data/processed/p0/transit_points_p0.geojson":"D15301D6230B26E93F4BDD46E9839D26E174244E6ACABCB674F1BC9956C9B06E"},"merchant_id":"0ccefadb-bdb1-5dc5-b45b-745c3694c0a1","merchant_name":"NASI GORENG DAN MIE GORENG JAWA","method_config_fingerprint":"A0AE32FCDC33656774E190C42F9BA9483E2684228F7FCDB54B16728D5177BFF0","node_id":"node_227f7a3093fc36e0821df957f07064000eca240c252ce35eb533040c6bcd416c","routing_status":"routable","snap_acceptance_status":"accepted","snap_distance_m":8.851135046777832,"threshold_m":50.0},"type":"Feature"},{"geometry":{"coordinates":[112.74766040000009,-7.263187],"type":"Point"},"properties":{"analysis_version":"p0-central-v1","component_id":"cc_000001","entity_type":"merchant","input_lineage":{"data/processed/p0/culinary_poi_p0.geojson":"B472BB9F0E8C18A5A85FAB6783FBA2455FD5A8FECE9BAAE4B23ED42A6AD7A608","data/processed/p0/pedestrian_edges.geojson":"6A77F7722AE6F3EF4674405EAEF2E43019F6C90363063E52BEDF44F388636355","data/processed/p0/pedestrian_nodes.geojson":"547A82AA6CD4B2012EE931D022948B12836236F685129EB745DB9359F417D7D3","data/processed/p0/transit_points_p0.geojson":"D15301D6230B26E93F4BDD46E9839D26E174244E6ACABCB674F1BC9956C9B06E"},"merchant_id":"0e12320b-9582-5d3e-86db-6c710ef8b2f7","merchant_name":"IJEN CAFE","method_config_fingerprint":"A0AE32FCDC33656774E190C42F9BA9483E2684228F7FCDB54B16728D5177BFF0","node_id":"node_ac40ac38cd1dc486c87f8e928612d0f7519eb3dc2126fc4f2ad76aba727c1933","routing_status":"routable","snap_acceptance_status":"accepted","snap_distance_m":19.715416875150634,"threshold_m":50.0},"type":"Feature"},{"geometry":{"coordinates":[112.733764,-7.255375],"type":"Point"},"properties":{"analysis_version":"p0-central-v1","component_id":"cc_000001","entity_type":"merchant","input_lineage":{"data/processed/p0/culinary_poi_p0.geojson":"B472BB9F0E8C18A5A85FAB6783FBA2455FD5A8FECE9BAAE4B23ED42A6AD7A608","data/processed/p0/pedestrian_edges.geojson":"6A77F7722AE6F3EF4674405EAEF2E43019F6C90363063E52BEDF44F388636355","data/processed/p0/pedestrian_nodes.geojson":"547A82AA6CD4B2012EE931D022948B12836236F685129EB745DB9359F417D7D3","data/processed/p0/transit_points_p0.geojson":"D15301D6230B26E93F4BDD46E9839D26E174244E6ACABCB674F1BC9956C9B06E"},"merchant_id":"0e3139d9-737f-51ed-9875-947c46173e36","merchant_name":"MINIMELTS BG JUNCTION SURABAYA","method_config_fingerprint":"A0AE32FCDC33656774E190C42F9BA9483E2684228F7FCDB54B16728D5177BFF0","node_id":"node_0015b72bacbe6ec47295b514a452021ba6e48b4130b4beb5c11a5deece4e3d24","routing_status":"routable","snap_acceptance_status":"accepted","snap_distance_m":29.06450695666689,"threshold_m":50.0},"type":"Feature"},{"geometry":{"coordinates":[112.7315699,-7.2628818],"type":"Point"},"properties":{"analysis_version":"p0-central-v1","component_id":"cc_000001","entity_type":"merchant","input_lineage":{"data/processed/p0/culinary_poi_p0.geojson":"B472BB9F0E8C18A5A85FAB6783FBA2455FD5A8FECE9BAAE4B23ED42A6AD7A608","data/processed/p0/pedestrian_edges.geojson":"6A77F7722AE6F3EF4674405EAEF2E43019F6C90363063E52BEDF44F388636355","data/processed/p0/pedestrian_nodes.geojson":"547A82AA6CD4B2012EE931D022948B12836236F685129EB745DB9359F417D7D3","data/processed/p0/transit_points_p0.geojson":"D15301D6230B26E93F4BDD46E9839D26E174244E6ACABCB674F1BC9956C9B06E"},"merchant_id":"0ed82483-f745-5cb8-bce4-f8723d95431d","merchant_name":"DEPOT BAROKAH SEAFOOD & IKAN BAKAR","method_config_fingerprint":"A0AE32FCDC33656774E190C42F9BA9483E2684228F7FCDB54B16728D5177BFF0","node_id":"node_bb03524d72cc32477f0171ddd0588ef37588b51d2d48249ada36ad59fcb12133","routing_status":"routable","snap_acceptance_status":"accepted","snap_distance_m":18.686942921504347,"threshold_m":50.0},"type":"Feature"},{"geometry":{"coordinates":[112.7363351,-7.266161],"type":"Point"},"properties":{"analysis_version":"p0-central-v1","component_id":"cc_000001","entity_type":"merchant","input_lineage":{"data/processed/p0/culinary_poi_p0.geojson":"B472BB9F0E8C18A5A85FAB6783FBA2455FD5A8FECE9BAAE4B23ED42A6AD7A608","data/processed/p0/pedestrian_edges.geojson":"6A77F7722AE6F3EF4674405EAEF2E43019F6C90363063E52BEDF44F388636355","data/processed/p0/pedestrian_nodes.geojson":"547A82AA6CD4B2012EE931D022948B12836236F685129EB745DB9359F417D7D3","data/processed/p0/transit_points_p0.geojson":"D15301D6230B26E93F4BDD46E9839D26E174244E6ACABCB674F1BC9956C9B06E"},"merchant_id":"0f494ea9-10ba-549c-8827-b4d212f4342f","merchant_name":"IKAN BAKAR CIANJUR","method_config_fingerprint":"A0AE32FCDC33656774E190C42F9BA9483E2684228F7FCDB54B16728D5177BFF0","node_id":"node_f93c29ce8e49e89a4d5f40b66a16f5c55f96a77f9dacf0fa9fffe95f902d05da","routing_status":"routable","snap_acceptance_status":"accepted","snap_distance_m":14.506778209807297,"threshold_m":50.0},"type":"Feature"},{"geometry":{"coordinates":[112.73791060000008,-7.257935599999939],"type":"Point"},"properties":{"analysis_version":"p0-central-v1","component_id":"cc_000001","entity_type":"merchant","input_lineage":{"data/processed/p0/culinary_poi_p0.geojson":"B472BB9F0E8C18A5A85FAB6783FBA2455FD5A8FECE9BAAE4B23ED42A6AD7A608","data/processed/p0/pedestrian_edges.geojson":"6A77F7722AE6F3EF4674405EAEF2E43019F6C90363063E52BEDF44F388636355","data/processed/p0/pedestrian_nodes.geojson":"547A82AA6CD4B2012EE931D022948B12836236F685129EB745DB9359F417D7D3","data/processed/p0/transit_points_p0.geojson":"D15301D6230B26E93F4BDD46E9839D26E174244E6ACABCB674F1BC9956C9B06E"},"merchant_id":"0fa5b050-bcf9-5f05-8be1-435a5985e528","merchant_name":"THIRTY THREE COFFEE BAR","method_config_fingerprint":"A0AE32FCDC33656774E190C42F9BA9483E2684228F7FCDB54B16728D5177BFF0","node_id":"node_00c78022bb66117ba9ea8f9ca81f7e4414d5472bb549b38432e2182afb2302d4","routing_status":"routable","snap_acceptance_status":"accepted","snap_distance_m":19.802519207602238,"threshold_m":50.0},"type":"Feature"},{"geometry":{"coordinates":[112.7504196,-7.2728348],"type":"Point"},"properties":{"analysis_version":"p0-central-v1","component_id":"cc_000035","entity_type":"merchant","input_lineage":{"data/processed/p0/culinary_poi_p0.geojson":"B472BB9F0E8C18A5A85FAB6783FBA2455FD5A8FECE9BAAE4B23ED42A6AD7A608","data/processed/p0/pedestrian_edges.geojson":"6A77F7722AE6F3EF4674405EAEF2E43019F6C90363063E52BEDF44F388636355","data/processed/p0/pedestrian_nodes.geojson":"547A82AA6CD4B2012EE931D022948B12836236F685129EB745DB9359F417D7D3","data/processed/p0/transit_points_p0.geojson":"D15301D6230B26E93F4BDD46E9839D26E174244E6ACABCB674F1BC9956C9B06E"},"merchant_id":"11108311-0972-5ad5-8f54-38eb0253dda5","merchant_name":"LARAZETA MIDDLE EAST RESTAURANT & GALLERY","method_config_fingerprint":"A0AE32FCDC33656774E190C42F9BA9483E2684228F7FCDB54B16728D5177BFF0","node_id":"node_647bf8b4a5ed48e364851658f0903ee937b008f25f4919a945b410dbf63bf233","routing_status":"disconnected","snap_acceptance_status":"accepted","snap_distance_m":44.719945647602415,"threshold_m":50.0},"type":"Feature"},{"geometry":{"coordinates":[112.7392482,-7.2626513],"type":"Point"},"properties":{"analysis_version":"p0-central-v1","component_id":"cc_000001","entity_type":"merchant","input_lineage":{"data/processed/p0/culinary_poi_p0.geojson":"B472BB9F0E8C18A5A85FAB6783FBA2455FD5A8FECE9BAAE4B23ED42A6AD7A608","data/processed/p0/pedestrian_edges.geojson":"6A77F7722AE6F3EF4674405EAEF2E43019F6C90363063E52BEDF44F388636355","data/processed/p0/pedestrian_nodes.geojson":"547A82AA6CD4B2012EE931D022948B12836236F685129EB745DB9359F417D7D3","data/processed/p0/transit_points_p0.geojson":"D15301D6230B26E93F4BDD46E9839D26E174244E6ACABCB674F1BC9956C9B06E"},"merchant_id":"121e51bf-3621-55c6-b5ba-bb9fdc82e4a9","merchant_name":"EATON BAKERY AND NOODLE HOUSE","method_config_fingerprint":"A0AE32FCDC33656774E190C42F9BA9483E2684228F7FCDB54B16728D5177BFF0","node_id":"node_577d48efe527ed0a095f35b5426ec2196ab1754a497b1ca74804c271322f2184","routing_status":"routable","snap_acceptance_status":"accepted","snap_distance_m":39.508608214319096,"threshold_m":50.0},"type":"Feature"},{"geometry":{"coordinates":[112.74067800000012,-7.263362],"type":"Point"},"properties":{"analysis_version":"p0-central-v1","component_id":"cc_000001","entity_type":"merchant","input_lineage":{"data/processed/p0/culinary_poi_p0.geojson":"B472BB9F0E8C18A5A85FAB6783FBA2455FD5A8FECE9BAAE4B23ED42A6AD7A608","data/processed/p0/pedestrian_edges.geojson":"6A77F7722AE6F3EF4674405EAEF2E43019F6C90363063E52BEDF44F388636355","data/processed/p0/pedestrian_nodes.geojson":"547A82AA6CD4B2012EE931D022948B12836236F685129EB745DB9359F417D7D3","data/processed/p0/transit_points_p0.geojson":"D15301D6230B26E93F4BDD46E9839D26E174244E6ACABCB674F1BC9956C9B06E"},"merchant_id":"130206e0-7faa-52b6-b465-cff4d84d79c8","merchant_name":"SUSHI DONBOURI","method_config_fingerprint":"A0AE32FCDC33656774E190C42F9BA9483E2684228F7FCDB54B16728D5177BFF0","node_id":"node_d2e5758fd1be99a82f1938775eb671860a87bf309bf8655454f9b18f6ac6d06c","routing_status":"routable","snap_acceptance_status":"accepted","snap_distance_m":17.885138112612722,"threshold_m":50.0},"type":"Feature"},{"geometry":{"coordinates":[112.74095160289995,-7.263432383212344],"type":"Point"},"properties":{"analysis_version":"p0-central-v1","component_id":"cc_000001","entity_type":"merchant","input_lineage":{"data/processed/p0/culinary_poi_p0.geojson":"B472BB9F0E8C18A5A85FAB6783FBA2455FD5A8FECE9BAAE4B23ED42A6AD7A608","data/processed/p0/pedestrian_edges.geojson":"6A77F7722AE6F3EF4674405EAEF2E43019F6C90363063E52BEDF44F388636355","data/processed/p0/pedestrian_nodes.geojson":"547A82AA6CD4B2012EE931D022948B12836236F685129EB745DB9359F417D7D3","data/processed/p0/transit_points_p0.geojson":"D15301D6230B26E93F4BDD46E9839D26E174244E6ACABCB674F1BC9956C9B06E"},"merchant_id":"13350483-bdb2-529d-8b17-4935d802912a","merchant_name":"J.CO DONUTS & COFFEE","method_config_fingerprint":"A0AE32FCDC33656774E190C42F9BA9483E2684228F7FCDB54B16728D5177BFF0","node_id":"node_2978314f5362929a85911a49108c1f09574213a2416e5c7be739227527aa3d3e","routing_status":"routable","snap_acceptance_status":"accepted","snap_distance_m":9.271751587251982,"threshold_m":50.0},"type":"Feature"},{"geometry":{"coordinates":[112.7391372,-7.2626602],"type":"Point"},"properties":{"analysis_version":"p0-central-v1","component_id":"cc_000001","entity_type":"merchant","input_lineage":{"data/processed/p0/culinary_poi_p0.geojson":"B472BB9F0E8C18A5A85FAB6783FBA2455FD5A8FECE9BAAE4B23ED42A6AD7A608","data/processed/p0/pedestrian_edges.geojson":"6A77F7722AE6F3EF4674405EAEF2E43019F6C90363063E52BEDF44F388636355","data/processed/p0/pedestrian_nodes.geojson":"547A82AA6CD4B2012EE931D022948B12836236F685129EB745DB9359F417D7D3","data/processed/p0/transit_points_p0.geojson":"D15301D6230B26E93F4BDD46E9839D26E174244E6ACABCB674F1BC9956C9B06E"},"merchant_id":"13c611cc-c87f-57fc-a78f-a6313fae0a2b","merchant_name":"SANTHAI MODERN THAI CUISINE - TUNJUNGAN PLAZA 4","method_config_fingerprint":"A0AE32FCDC33656774E190C42F9BA9483E2684228F7FCDB54B16728D5177BFF0","node_id":"node_cbacf036b09b820d3ee400fc6a1bdf27520713ec7c83988e7941ad968bc7eda6","routing_status":"routable","snap_acceptance_status":"accepted","snap_distance_m":46.98352918760969,"threshold_m":50.0},"type":"Feature"},{"geometry":{"coordinates":[112.7504172,-7.2615886],"type":"Point"},"properties":{"analysis_version":"p0-central-v1","component_id":"cc_000001","entity_type":"merchant","input_lineage":{"data/processed/p0/culinary_poi_p0.geojson":"B472BB9F0E8C18A5A85FAB6783FBA2455FD5A8FECE9BAAE4B23ED42A6AD7A608","data/processed/p0/pedestrian_edges.geojson":"6A77F7722AE6F3EF4674405EAEF2E43019F6C90363063E52BEDF44F388636355","data/processed/p0/pedestrian_nodes.geojson":"547A82AA6CD4B2012EE931D022948B12836236F685129EB745DB9359F417D7D3","data/processed/p0/transit_points_p0.geojson":"D15301D6230B26E93F4BDD46E9839D26E174244E6ACABCB674F1BC9956C9B06E"},"merchant_id":"14072cfe-cc6b-5cb1-8409-72d29ba45b18","merchant_name":"RAA CHA - GRAND CITY MALL SURABAYA","method_config_fingerprint":"A0AE32FCDC33656774E190C42F9BA9483E2684228F7FCDB54B16728D5177BFF0","node_id":"node_4c481cf56c530f3accbd8456daf9f4adf38893eb27d2be72618748c86a0c54a5","routing_status":"snap_too_far","snap_acceptance_status":"snap_too_far","snap_distance_m":76.98515207422835,"threshold_m":50.0},"type":"Feature"},{"geometry":{"coordinates":[112.73923560000003,-7.261878],"type":"Point"},"properties":{"analysis_version":"p0-central-v1","component_id":"cc_000001","entity_type":"merchant","input_lineage":{"data/processed/p0/culinary_poi_p0.geojson":"B472BB9F0E8C18A5A85FAB6783FBA2455FD5A8FECE9BAAE4B23ED42A6AD7A608","data/processed/p0/pedestrian_edges.geojson":"6A77F7722AE6F3EF4674405EAEF2E43019F6C90363063E52BEDF44F388636355","data/processed/p0/pedestrian_nodes.geojson":"547A82AA6CD4B2012EE931D022948B12836236F685129EB745DB9359F417D7D3","data/processed/p0/transit_points_p0.geojson":"D15301D6230B26E93F4BDD46E9839D26E174244E6ACABCB674F1BC9956C9B06E"},"merchant_id":"14a6317d-8412-5422-9120-523637c21de6","merchant_name":"KEBAB TURKI BABA RAFI TUNJUNGAN PLAZA","method_config_fingerprint":"A0AE32FCDC33656774E190C42F9BA9483E2684228F7FCDB54B16728D5177BFF0","node_id":"node_cbacf036b09b820d3ee400fc6a1bdf27520713ec7c83988e7941ad968bc7eda6","routing_status":"routable","snap_acceptance_status":"accepted","snap_distance_m":41.57754464632029,"threshold_m":50.0},"type":"Feature"},{"geometry":{"coordinates":[112.750469,-7.264805099999933],"type":"Point"},"properties":{"analysis_version":"p0-central-v1","component_id":"cc_000001","entity_type":"merchant","input_lineage":{"data/processed/p0/culinary_poi_p0.geojson":"B472BB9F0E8C18A5A85FAB6783FBA2455FD5A8FECE9BAAE4B23ED42A6AD7A608","data/processed/p0/pedestrian_edges.geojson":"6A77F7722AE6F3EF4674405EAEF2E43019F6C90363063E52BEDF44F388636355","data/processed/p0/pedestrian_nodes.geojson":"547A82AA6CD4B2012EE931D022948B12836236F685129EB745DB9359F417D7D3","data/processed/p0/transit_points_p0.geojson":"D15301D6230B26E93F4BDD46E9839D26E174244E6ACABCB674F1BC9956C9B06E"},"merchant_id":"150d16a2-3b4c-5c44-97e6-fe0118f4b7ff","merchant_name":"NAJAMECAFE","method_config_fingerprint":"A0AE32FCDC33656774E190C42F9BA9483E2684228F7FCDB54B16728D5177BFF0","node_id":"node_c5fd64210e4181d59457cd3211bb36e05de38dc69d06bf3cdfad2ac7084f0453","routing_status":"routable","snap_acceptance_status":"accepted","snap_distance_m":19.144635319834137,"threshold_m":50.0},"type":"Feature"},{"geometry":{"coordinates":[112.748752,-7.2651978],"type":"Point"},"properties":{"analysis_version":"p0-central-v1","component_id":"cc_000001","entity_type":"merchant","input_lineage":{"data/processed/p0/culinary_poi_p0.geojson":"B472BB9F0E8C18A5A85FAB6783FBA2455FD5A8FECE9BAAE4B23ED42A6AD7A608","data/processed/p0/pedestrian_edges.geojson":"6A77F7722AE6F3EF4674405EAEF2E43019F6C90363063E52BEDF44F388636355","data/processed/p0/pedestrian_nodes.geojson":"547A82AA6CD4B2012EE931D022948B12836236F685129EB745DB9359F417D7D3","data/processed/p0/transit_points_p0.geojson":"D15301D6230B26E93F4BDD46E9839D26E174244E6ACABCB674F1BC9956C9B06E"},"merchant_id":"156f4e0b-4a5b-5cf0-9f7c-cc03a08d765d","merchant_name":"MON CHERI","method_config_fingerprint":"A0AE32FCDC33656774E190C42F9BA9483E2684228F7FCDB54B16728D5177BFF0","node_id":"node_7e67aa40f2316b25445849dbcbd17e1079f2333b399d9c91a7bd8debce1e5c6d","routing_status":"routable","snap_acceptance_status":"accepted","snap_distance_m":45.00318867575538,"threshold_m":50.0},"type":"Feature"},{"geometry":{"coordinates":[112.7405888,-7.2635309],"type":"Point"},"properties":{"analysis_version":"p0-central-v1","component_id":"cc_000001","entity_type":"merchant","input_lineage":{"data/processed/p0/culinary_poi_p0.geojson":"B472BB9F0E8C18A5A85FAB6783FBA2455FD5A8FECE9BAAE4B23ED42A6AD7A608","data/processed/p0/pedestrian_edges.geojson":"6A77F7722AE6F3EF4674405EAEF2E43019F6C90363063E52BEDF44F388636355","data/processed/p0/pedestrian_nodes.geojson":"547A82AA6CD4B2012EE931D022948B12836236F685129EB745DB9359F417D7D3","data/processed/p0/transit_points_p0.geojson":"D15301D6230B26E93F4BDD46E9839D26E174244E6ACABCB674F1BC9956C9B06E"},"merchant_id":"16285420-6ec4-5aa3-be27-190f2d02a424","merchant_name":"MONTATO TUNJUNGAN PLAZA","method_config_fingerprint":"A0AE32FCDC33656774E190C42F9BA9483E2684228F7FCDB54B16728D5177BFF0","node_id":"node_d2e5758fd1be99a82f1938775eb671860a87bf309bf8655454f9b18f6ac6d06c","routing_status":"routable","snap_acceptance_status":"accepted","snap_distance_m":32.769881085686684,"threshold_m":50.0},"type":"Feature"},{"geometry":{"coordinates":[112.73900460000004,-7.263495699999964],"type":"Point"},"properties":{"analysis_version":"p0-central-v1","component_id":"cc_000001","entity_type":"merchant","input_lineage":{"data/processed/p0/culinary_poi_p0.geojson":"B472BB9F0E8C18A5A85FAB6783FBA2455FD5A8FECE9BAAE4B23ED42A6AD7A608","data/processed/p0/pedestrian_edges.geojson":"6A77F7722AE6F3EF4674405EAEF2E43019F6C90363063E52BEDF44F388636355","data/processed/p0/pedestrian_nodes.geojson":"547A82AA6CD4B2012EE931D022948B12836236F685129EB745DB9359F417D7D3","data/processed/p0/transit_points_p0.geojson":"D15301D6230B26E93F4BDD46E9839D26E174244E6ACABCB674F1BC9956C9B06E"},"merchant_id":"16aed19f-9ffe-582d-83fc-d5da0a48bd2e","merchant_name":"ICHIBAN SUSHI TUNJUNGAN PLAZA 3","method_config_fingerprint":"A0AE32FCDC33656774E190C42F9BA9483E2684228F7FCDB54B16728D5177BFF0","node_id":"node_efe461feeaf1489c9386d8335d8bc9502bc57b8d894f41fd170f52849708671e","routing_status":"routable","snap_acceptance_status":"accepted","snap_distance_m":27.616038964387997,"threshold_m":50.0},"type":"Feature"},{"geometry":{"coordinates":[112.73308830000008,-7.254772199999934],"type":"Point"},"properties":{"analysis_version":"p0-central-v1","component_id":"cc_000001","entity_type":"merchant","input_lineage":{"data/processed/p0/culinary_poi_p0.geojson":"B472BB9F0E8C18A5A85FAB6783FBA2455FD5A8FECE9BAAE4B23ED42A6AD7A608","data/processed/p0/pedestrian_edges.geojson":"6A77F7722AE6F3EF4674405EAEF2E43019F6C90363063E52BEDF44F388636355","data/processed/p0/pedestrian_nodes.geojson":"547A82AA6CD4B2012EE931D022948B12836236F685129EB745DB9359F417D7D3","data/processed/p0/transit_points_p0.geojson":"D15301D6230B26E93F4BDD46E9839D26E174244E6ACABCB674F1BC9956C9B06E"},"merchant_id":"1762335a-7911-5bb2-a0f6-f0d70ab00c59","merchant_name":"MANSE KOREAN FOOD - BG JUNCTION","method_config_fingerprint":"A0AE32FCDC33656774E190C42F9BA9483E2684228F7FCDB54B16728D5177BFF0","node_id":"node_5958bab07507105ed4ffcf6b6485f3587d14d323cd9bb083b6d88a00ff87feea","routing_status":"routable","snap_acceptance_status":"accepted","snap_distance_m":10.456428778681893,"threshold_m":50.0},"type":"Feature"},{"geometry":{"coordinates":[112.739914,-7.2577836],"type":"Point"},"properties":{"analysis_version":"p0-central-v1","component_id":"cc_000001","entity_type":"merchant","input_lineage":{"data/processed/p0/culinary_poi_p0.geojson":"B472BB9F0E8C18A5A85FAB6783FBA2455FD5A8FECE9BAAE4B23ED42A6AD7A608","data/processed/p0/pedestrian_edges.geojson":"6A77F7722AE6F3EF4674405EAEF2E43019F6C90363063E52BEDF44F388636355","data/processed/p0/pedestrian_nodes.geojson":"547A82AA6CD4B2012EE931D022948B12836236F685129EB745DB9359F417D7D3","data/processed/p0/transit_points_p0.geojson":"D15301D6230B26E93F4BDD46E9839D26E174244E6ACABCB674F1BC9956C9B06E"},"merchant_id":"1791f9a3-7ca9-5875-93d0-f65f509a7d15","merchant_name":"KUE KERING KLETHIKAN SUROBOYO","method_config_fingerprint":"A0AE32FCDC33656774E190C42F9BA9483E2684228F7FCDB54B16728D5177BFF0","node_id":"node_3928b239b4a1c1674433c5526250add5ce6d0d508bf25f2dc2b532a821266f15","routing_status":"routable","snap_acceptance_status":"accepted","snap_distance_m":12.919775226522544,"threshold_m":50.0},"type":"Feature"},{"geometry":{"coordinates":[112.75051,-7.258664199999942],"type":"Point"},"properties":{"analysis_version":"p0-central-v1","component_id":"cc_000001","entity_type":"merchant","input_lineage":{"data/processed/p0/culinary_poi_p0.geojson":"B472BB9F0E8C18A5A85FAB6783FBA2455FD5A8FECE9BAAE4B23ED42A6AD7A608","data/processed/p0/pedestrian_edges.geojson":"6A77F7722AE6F3EF4674405EAEF2E43019F6C90363063E52BEDF44F388636355","data/processed/p0/pedestrian_nodes.geojson":"547A82AA6CD4B2012EE931D022948B12836236F685129EB745DB9359F417D7D3","data/processed/p0/transit_points_p0.geojson":"D15301D6230B26E93F4BDD46E9839D26E174244E6ACABCB674F1BC9956C9B06E"},"merchant_id":"189c3254-ed51-500a-953e-c132733c4a74","merchant_name":"MAWU CAFE","method_config_fingerprint":"A0AE32FCDC33656774E190C42F9BA9483E2684228F7FCDB54B16728D5177BFF0","node_id":"node_ca22e6b0fac7f9528e6cd6da6d4babf56848516f03bb1d53b4b5beb08a60e1a9","routing_status":"routable","snap_acceptance_status":"accepted","snap_distance_m":46.87329061646663,"threshold_m":50.0},"type":"Feature"},{"geometry":{"coordinates":[112.748497,-7.256214],"type":"Point"},"properties":{"analysis_version":"p0-central-v1","component_id":"cc_000001","entity_type":"merchant","input_lineage":{"data/processed/p0/culinary_poi_p0.geojson":"B472BB9F0E8C18A5A85FAB6783FBA2455FD5A8FECE9BAAE4B23ED42A6AD7A608","data/processed/p0/pedestrian_edges.geojson":"6A77F7722AE6F3EF4674405EAEF2E43019F6C90363063E52BEDF44F388636355","data/processed/p0/pedestrian_nodes.geojson":"547A82AA6CD4B2012EE931D022948B12836236F685129EB745DB9359F417D7D3","data/processed/p0/transit_points_p0.geojson":"D15301D6230B26E93F4BDD46E9839D26E174244E6ACABCB674F1BC9956C9B06E"},"merchant_id":"19cc59a2-6dea-568f-9100-b765b50538ca","merchant_name":"A&W RESTORAN - WIJAYA KUSUMA","method_config_fingerprint":"A0AE32FCDC33656774E190C42F9BA9483E2684228F7FCDB54B16728D5177BFF0","node_id":"node_c0b9c429c29ae7f9038d84a6fb59b131b7b97acb1940bbdb15ef675379be7b76","routing_status":"routable","snap_acceptance_status":"accepted","snap_distance_m":26.48412140493632,"threshold_m":50.0},"type":"Feature"},{"geometry":{"coordinates":[112.7501608,-7.2732897],"type":"Point"},"properties":{"analysis_version":"p0-central-v1","component_id":"cc_000001","entity_type":"merchant","input_lineage":{"data/processed/p0/culinary_poi_p0.geojson":"B472BB9F0E8C18A5A85FAB6783FBA2455FD5A8FECE9BAAE4B23ED42A6AD7A608","data/processed/p0/pedestrian_edges.geojson":"6A77F7722AE6F3EF4674405EAEF2E43019F6C90363063E52BEDF44F388636355","data/processed/p0/pedestrian_nodes.geojson":"547A82AA6CD4B2012EE931D022948B12836236F685129EB745DB9359F417D7D3","data/processed/p0/transit_points_p0.geojson":"D15301D6230B26E93F4BDD46E9839D26E174244E6ACABCB674F1BC9956C9B06E"},"merchant_id":"1a1a6d08-49fb-5be6-992c-c1aafbf85e84","merchant_name":"XIE XIE BOBA BILITON","method_config_fingerprint":"A0AE32FCDC33656774E190C42F9BA9483E2684228F7FCDB54B16728D5177BFF0","node_id":"node_ecd3d21148c712807f4c8c7e153b10e5d2a9dc760620941130ed270339834ed7","routing_status":"routable","snap_acceptance_status":"accepted","snap_distance_m":49.36332939008792,"threshold_m":50.0},"type":"Feature"},{"geometry":{"coordinates":[112.7419509,-7.268128599999955],"type":"Point"},"properties":{"analysis_version":"p0-central-v1","component_id":"cc_000001","entity_type":"merchant","input_lineage":{"data/processed/p0/culinary_poi_p0.geojson":"B472BB9F0E8C18A5A85FAB6783FBA2455FD5A8FECE9BAAE4B23ED42A6AD7A608","data/processed/p0/pedestrian_edges.geojson":"6A77F7722AE6F3EF4674405EAEF2E43019F6C90363063E52BEDF44F388636355","data/processed/p0/pedestrian_nodes.geojson":"547A82AA6CD4B2012EE931D022948B12836236F685129EB745DB9359F417D7D3","data/processed/p0/transit_points_p0.geojson":"D15301D6230B26E93F4BDD46E9839D26E174244E6ACABCB674F1BC9956C9B06E"},"merchant_id":"1ab25f70-1061-5e93-b07b-e7aed9e6e275","merchant_name":"PAUSE COFFEE","method_config_fingerprint":"A0AE32FCDC33656774E190C42F9BA9483E2684228F7FCDB54B16728D5177BFF0","node_id":"node_a8bd19d3f4f0b011d13950377e7c6032e5d17f0c95ecefc769ae231c63267f10","routing_status":"routable","snap_acceptance_status":"accepted","snap_distance_m":7.29207859424426,"threshold_m":50.0},"type":"Feature"},{"geometry":{"coordinates":[112.74228610000011,-7.25650329999996],"type":"Point"},"properties":{"analysis_version":"p0-central-v1","component_id":"cc_000001","entity_type":"merchant","input_lineage":{"data/processed/p0/culinary_poi_p0.geojson":"B472BB9F0E8C18A5A85FAB6783FBA2455FD5A8FECE9BAAE4B23ED42A6AD7A608","data/processed/p0/pedestrian_edges.geojson":"6A77F7722AE6F3EF4674405EAEF2E43019F6C90363063E52BEDF44F388636355","data/processed/p0/pedestrian_nodes.geojson":"547A82AA6CD4B2012EE931D022948B12836236F685129EB745DB9359F417D7D3","data/processed/p0/transit_points_p0.geojson":"D15301D6230B26E93F4BDD46E9839D26E174244E6ACABCB674F1BC9956C9B06E"},"merchant_id":"1c51d8e6-93ba-5a65-89aa-20f3f90c6cc6","merchant_name":"FLAMINGO","method_config_fingerprint":"A0AE32FCDC33656774E190C42F9BA9483E2684228F7FCDB54B16728D5177BFF0","node_id":"node_1d241d46c59a515a29f40515ee12b7d1c0f7cf820d399463c61490786c12fecc","routing_status":"routable","snap_acceptance_status":"accepted","snap_distance_m":38.17877168253923,"threshold_m":50.0},"type":"Feature"},{"geometry":{"coordinates":[112.73813,-7.2514965],"type":"Point"},"properties":{"analysis_version":"p0-central-v1","component_id":"cc_000001","entity_type":"merchant","input_lineage":{"data/processed/p0/culinary_poi_p0.geojson":"B472BB9F0E8C18A5A85FAB6783FBA2455FD5A8FECE9BAAE4B23ED42A6AD7A608","data/processed/p0/pedestrian_edges.geojson":"6A77F7722AE6F3EF4674405EAEF2E43019F6C90363063E52BEDF44F388636355","data/processed/p0/pedestrian_nodes.geojson":"547A82AA6CD4B2012EE931D022948B12836236F685129EB745DB9359F417D7D3","data/processed/p0/transit_points_p0.geojson":"D15301D6230B26E93F4BDD46E9839D26E174244E6ACABCB674F1BC9956C9B06E"},"merchant_id":"1e4147ea-36a3-5659-9a15-3d7f61ee7c9e","merchant_name":"BIKANG CAKE PENELEH","method_config_fingerprint":"A0AE32FCDC33656774E190C42F9BA9483E2684228F7FCDB54B16728D5177BFF0","node_id":"node_0a2967f109da1de5ac3eeee0730126cc76190b2f46943b876f48675b33ce189b","routing_status":"routable","snap_acceptance_status":"accepted","snap_distance_m":7.096147934049034,"threshold_m":50.0},"type":"Feature"},{"geometry":{"coordinates":[112.7457432,-7.2708074],"type":"Point"},"properties":{"analysis_version":"p0-central-v1","component_id":"cc_000001","entity_type":"merchant","input_lineage":{"data/processed/p0/culinary_poi_p0.geojson":"B472BB9F0E8C18A5A85FAB6783FBA2455FD5A8FECE9BAAE4B23ED42A6AD7A608","data/processed/p0/pedestrian_edges.geojson":"6A77F7722AE6F3EF4674405EAEF2E43019F6C90363063E52BEDF44F388636355","data/processed/p0/pedestrian_nodes.geojson":"547A82AA6CD4B2012EE931D022948B12836236F685129EB745DB9359F417D7D3","data/processed/p0/transit_points_p0.geojson":"D15301D6230B26E93F4BDD46E9839D26E174244E6ACABCB674F1BC9956C9B06E"},"merchant_id":"1f6a1224-b91f-5398-b878-5f6c89b18672","merchant_name":"DEPOT WAHYU SEAFOOD & IKAN BAKAR","method_config_fingerprint":"A0AE32FCDC33656774E190C42F9BA9483E2684228F7FCDB54B16728D5177BFF0","node_id":"node_624b6cb962970add942ba31e8289a26e4105478df77d21352c1555aab8a99820","routing_status":"routable","snap_acceptance_status":"accepted","snap_distance_m":16.868982111539086,"threshold_m":50.0},"type":"Feature"},{"geometry":{"coordinates":[112.7510152,-7.2603128],"type":"Point"},"properties":{"analysis_version":"p0-central-v1","component_id":"cc_000001","entity_type":"merchant","input_lineage":{"data/processed/p0/culinary_poi_p0.geojson":"B472BB9F0E8C18A5A85FAB6783FBA2455FD5A8FECE9BAAE4B23ED42A6AD7A608","data/processed/p0/pedestrian_edges.geojson":"6A77F7722AE6F3EF4674405EAEF2E43019F6C90363063E52BEDF44F388636355","data/processed/p0/pedestrian_nodes.geojson":"547A82AA6CD4B2012EE931D022948B12836236F685129EB745DB9359F417D7D3","data/processed/p0/transit_points_p0.geojson":"D15301D6230B26E93F4BDD46E9839D26E174244E6ACABCB674F1BC9956C9B06E"},"merchant_id":"209c84bb-60b0-536c-b468-9423c5c2ca67","merchant_name":"OH GELATO CAFE","method_config_fingerprint":"A0AE32FCDC33656774E190C42F9BA9483E2684228F7FCDB54B16728D5177BFF0","node_id":"node_73df7ee1fdcc2657f9ce736b55a5420ed26b123b9421f9fd7299cd090249047c","routing_status":"routable","snap_acceptance_status":"accepted","snap_distance_m":41.55537301354189,"threshold_m":50.0},"type":"Feature"},{"geometry":{"coordinates":[112.743812,-7.2551595],"type":"Point"},"properties":{"analysis_version":"p0-central-v1","component_id":"cc_000001","entity_type":"merchant","input_lineage":{"data/processed/p0/culinary_poi_p0.geojson":"B472BB9F0E8C18A5A85FAB6783FBA2455FD5A8FECE9BAAE4B23ED42A6AD7A608","data/processed/p0/pedestrian_edges.geojson":"6A77F7722AE6F3EF4674405EAEF2E43019F6C90363063E52BEDF44F388636355","data/processed/p0/pedestrian_nodes.geojson":"547A82AA6CD4B2012EE931D022948B12836236F685129EB745DB9359F417D7D3","data/processed/p0/transit_points_p0.geojson":"D15301D6230B26E93F4BDD46E9839D26E174244E6ACABCB674F1BC9956C9B06E"},"merchant_id":"21e7b4b0-814a-558c-9f00-75d7b439db91","merchant_name":"CAK BADRUN SEAFOOD","method_config_fingerprint":"A0AE32FCDC33656774E190C42F9BA9483E2684228F7FCDB54B16728D5177BFF0","node_id":"node_26283d242a06ec29d93fc95972739f6c3b5914992a47887c90829de0246de461","routing_status":"routable","snap_acceptance_status":"accepted","snap_distance_m":3.943391806046408,"threshold_m":50.0},"type":"Feature"},{"geometry":{"coordinates":[112.7414441,-7.264237],"type":"Point"},"properties":{"analysis_version":"p0-central-v1","component_id":"cc_000001","entity_type":"merchant","input_lineage":{"data/processed/p0/culinary_poi_p0.geojson":"B472BB9F0E8C18A5A85FAB6783FBA2455FD5A8FECE9BAAE4B23ED42A6AD7A608","data/processed/p0/pedestrian_edges.geojson":"6A77F7722AE6F3EF4674405EAEF2E43019F6C90363063E52BEDF44F388636355","data/processed/p0/pedestrian_nodes.geojson":"547A82AA6CD4B2012EE931D022948B12836236F685129EB745DB9359F417D7D3","data/processed/p0/transit_points_p0.geojson":"D15301D6230B26E93F4BDD46E9839D26E174244E6ACABCB674F1BC9956C9B06E"},"merchant_id":"22a58f43-d7d3-5184-8915-dff4f940e5d9","merchant_name":"MCDONALD'S BASUKI RAHMAT","method_config_fingerprint":"A0AE32FCDC33656774E190C42F9BA9483E2684228F7FCDB54B16728D5177BFF0","node_id":"node_0d4f4b4b711233f72b5089d8a9973ad4420000da55aaf8af4a7c1d4d1fd7fb37","routing_status":"routable","snap_acceptance_status":"accepted","snap_distance_m":14.6198329577898,"threshold_m":50.0},"type":"Feature"},{"geometry":{"coordinates":[112.7509377,-7.2620666],"type":"Point"},"properties":{"analysis_version":"p0-central-v1","component_id":"cc_000001","entity_type":"merchant","input_lineage":{"data/processed/p0/culinary_poi_p0.geojson":"B472BB9F0E8C18A5A85FAB6783FBA2455FD5A8FECE9BAAE4B23ED42A6AD7A608","data/processed/p0/pedestrian_edges.geojson":"6A77F7722AE6F3EF4674405EAEF2E43019F6C90363063E52BEDF44F388636355","data/processed/p0/pedestrian_nodes.geojson":"547A82AA6CD4B2012EE931D022948B12836236F685129EB745DB9359F417D7D3","data/processed/p0/transit_points_p0.geojson":"D15301D6230B26E93F4BDD46E9839D26E174244E6ACABCB674F1BC9956C9B06E"},"merchant_id":"22d81232-6e6c-50a8-b45d-24afd4fd023a","merchant_name":"ES PUTER KELAPA SINGAPURA - GRAND CITY MALL SURABAYA","method_config_fingerprint":"A0AE32FCDC33656774E190C42F9BA9483E2684228F7FCDB54B16728D5177BFF0","node_id":"node_2769068e14221d05b6a84c27b0d96a159cdb0737f048fdf97a8a70caef414fd2","routing_status":"routable","snap_acceptance_status":"accepted","snap_distance_m":37.70680174240069,"threshold_m":50.0},"type":"Feature"},{"geometry":{"coordinates":[112.73908940000001,-7.262061799999969],"type":"Point"},"properties":{"analysis_version":"p0-central-v1","component_id":"cc_000001","entity_type":"merchant","input_lineage":{"data/processed/p0/culinary_poi_p0.geojson":"B472BB9F0E8C18A5A85FAB6783FBA2455FD5A8FECE9BAAE4B23ED42A6AD7A608","data/processed/p0/pedestrian_edges.geojson":"6A77F7722AE6F3EF4674405EAEF2E43019F6C90363063E52BEDF44F388636355","data/processed/p0/pedestrian_nodes.geojson":"547A82AA6CD4B2012EE931D022948B12836236F685129EB745DB9359F417D7D3","data/processed/p0/transit_points_p0.geojson":"D15301D6230B26E93F4BDD46E9839D26E174244E6ACABCB674F1BC9956C9B06E"},"merchant_id":"26e1aa2c-1ce4-5d35-bf31-2cbf186f051f","merchant_name":"HACHI HACHI BISTRO TUNJUNGAN PLAZA 4","method_config_fingerprint":"A0AE32FCDC33656774E190C42F9BA9483E2684228F7FCDB54B16728D5177BFF0","node_id":"node_cbacf036b09b820d3ee400fc6a1bdf27520713ec7c83988e7941ad968bc7eda6","routing_status":"routable","snap_acceptance_status":"accepted","snap_distance_m":28.27272551182648,"threshold_m":50.0},"type":"Feature"},{"geometry":{"coordinates":[112.7472891,-7.2729656],"type":"Point"},"properties":{"analysis_version":"p0-central-v1","component_id":"cc_000001","entity_type":"merchant","input_lineage":{"data/processed/p0/culinary_poi_p0.geojson":"B472BB9F0E8C18A5A85FAB6783FBA2455FD5A8FECE9BAAE4B23ED42A6AD7A608","data/processed/p0/pedestrian_edges.geojson":"6A77F7722AE6F3EF4674405EAEF2E43019F6C90363063E52BEDF44F388636355","data/processed/p0/pedestrian_nodes.geojson":"547A82AA6CD4B2012EE931D022948B12836236F685129EB745DB9359F417D7D3","data/processed/p0/transit_points_p0.geojson":"D15301D6230B26E93F4BDD46E9839D26E174244E6ACABCB674F1BC9956C9B06E"},"merchant_id":"27448c33-a7cc-526c-b8c4-b78eb6990dc5","merchant_name":"FRANS BAKERY AND ICE CREAM","method_config_fingerprint":"A0AE32FCDC33656774E190C42F9BA9483E2684228F7FCDB54B16728D5177BFF0","node_id":"node_130ec41df76c3405166b35a19a29396258adfd9d5bd68aeb98e39287549ad5f4","routing_status":"routable","snap_acceptance_status":"accepted","snap_distance_m":20.75079016507397,"threshold_m":50.0},"type":"Feature"},{"geometry":{"coordinates":[112.73919155339482,-7.262979697415207],"type":"Point"},"properties":{"analysis_version":"p0-central-v1","component_id":"cc_000001","entity_type":"merchant","input_lineage":{"data/processed/p0/culinary_poi_p0.geojson":"B472BB9F0E8C18A5A85FAB6783FBA2455FD5A8FECE9BAAE4B23ED42A6AD7A608","data/processed/p0/pedestrian_edges.geojson":"6A77F7722AE6F3EF4674405EAEF2E43019F6C90363063E52BEDF44F388636355","data/processed/p0/pedestrian_nodes.geojson":"547A82AA6CD4B2012EE931D022948B12836236F685129EB745DB9359F417D7D3","data/processed/p0/transit_points_p0.geojson":"D15301D6230B26E93F4BDD46E9839D26E174244E6ACABCB674F1BC9956C9B06E"},"merchant_id":"2756f2ec-864c-5b24-bc2a-29f1d01b2765","merchant_name":"EATON BAKERY & RESTAURANT","method_config_fingerprint":"A0AE32FCDC33656774E190C42F9BA9483E2684228F7FCDB54B16728D5177BFF0","node_id":"node_632d898aa69d62a541e61930c4e2d0eb497548192c23a1944ba1395e2501a6b6","routing_status":"routable","snap_acceptance_status":"accepted","snap_distance_m":25.86725525762141,"threshold_m":50.0},"type":"Feature"},{"geometry":{"coordinates":[112.7383541,-7.2622],"type":"Point"},"properties":{"analysis_version":"p0-central-v1","component_id":"cc_000001","entity_type":"merchant","input_lineage":{"data/processed/p0/culinary_poi_p0.geojson":"B472BB9F0E8C18A5A85FAB6783FBA2455FD5A8FECE9BAAE4B23ED42A6AD7A608","data/processed/p0/pedestrian_edges.geojson":"6A77F7722AE6F3EF4674405EAEF2E43019F6C90363063E52BEDF44F388636355","data/processed/p0/pedestrian_nodes.geojson":"547A82AA6CD4B2012EE931D022948B12836236F685129EB745DB9359F417D7D3","data/processed/p0/transit_points_p0.geojson":"D15301D6230B26E93F4BDD46E9839D26E174244E6ACABCB674F1BC9956C9B06E"},"merchant_id":"27b4e1eb-d557-594d-b2a3-5c7b00941acb","merchant_name":"MAISON FEERIE","method_config_fingerprint":"A0AE32FCDC33656774E190C42F9BA9483E2684228F7FCDB54B16728D5177BFF0","node_id":"node_868a7df37a03e78c5fc0922c2984a71f26fa2da3122704d9c2a71fcc766c4b52","routing_status":"routable","snap_acceptance_status":"accepted","snap_distance_m":10.73792726646111,"threshold_m":50.0},"type":"Feature"},{"geometry":{"coordinates":[112.74075840000012,-7.263666599999967],"type":"Point"},"properties":{"analysis_version":"p0-central-v1","component_id":"cc_000001","entity_type":"merchant","input_lineage":{"data/processed/p0/culinary_poi_p0.geojson":"B472BB9F0E8C18A5A85FAB6783FBA2455FD5A8FECE9BAAE4B23ED42A6AD7A608","data/processed/p0/pedestrian_edges.geojson":"6A77F7722AE6F3EF4674405EAEF2E43019F6C90363063E52BEDF44F388636355","data/processed/p0/pedestrian_nodes.geojson":"547A82AA6CD4B2012EE931D022948B12836236F685129EB745DB9359F417D7D3","data/processed/p0/transit_points_p0.geojson":"D15301D6230B26E93F4BDD46E9839D26E174244E6ACABCB674F1BC9956C9B06E"},"merchant_id":"27f39273-9ffe-5a31-8ddb-06ed3d637c9e","merchant_name":"A&W - TUNJUNGAN PLAZA 3","method_config_fingerprint":"A0AE32FCDC33656774E190C42F9BA9483E2684228F7FCDB54B16728D5177BFF0","node_id":"node_60de147bc6d7224e31e54cba88e6a96857443c8247e2af80f49dba6419520939","routing_status":"routable","snap_acceptance_status":"accepted","snap_distance_m":18.676344293860364,"threshold_m":50.0},"type":"Feature"},{"geometry":{"coordinates":[112.7391136,-7.2630739],"type":"Point"},"properties":{"analysis_version":"p0-central-v1","component_id":"cc_000001","entity_type":"merchant","input_lineage":{"data/processed/p0/culinary_poi_p0.geojson":"B472BB9F0E8C18A5A85FAB6783FBA2455FD5A8FECE9BAAE4B23ED42A6AD7A608","data/processed/p0/pedestrian_edges.geojson":"6A77F7722AE6F3EF4674405EAEF2E43019F6C90363063E52BEDF44F388636355","data/processed/p0/pedestrian_nodes.geojson":"547A82AA6CD4B2012EE931D022948B12836236F685129EB745DB9359F417D7D3","data/processed/p0/transit_points_p0.geojson":"D15301D6230B26E93F4BDD46E9839D26E174244E6ACABCB674F1BC9956C9B06E"},"merchant_id":"286b39ad-c0b4-5308-b148-7a3a48b00fe8","merchant_name":"CHEWY JUNIOR","method_config_fingerprint":"A0AE32FCDC33656774E190C42F9BA9483E2684228F7FCDB54B16728D5177BFF0","node_id":"node_0cb3bdd7b221d9ce76a37e02e91dc98d0619e27a1a9ecd0f10579ed709a0f2ee","routing_status":"routable","snap_acceptance_status":"accepted","snap_distance_m":34.314537068148844,"threshold_m":50.0},"type":"Feature"},{"geometry":{"coordinates":[112.7485448,-7.2648774],"type":"Point"},"properties":{"analysis_version":"p0-central-v1","component_id":"cc_000001","entity_type":"merchant","input_lineage":{"data/processed/p0/culinary_poi_p0.geojson":"B472BB9F0E8C18A5A85FAB6783FBA2455FD5A8FECE9BAAE4B23ED42A6AD7A608","data/processed/p0/pedestrian_edges.geojson":"6A77F7722AE6F3EF4674405EAEF2E43019F6C90363063E52BEDF44F388636355","data/processed/p0/pedestrian_nodes.geojson":"547A82AA6CD4B2012EE931D022948B12836236F685129EB745DB9359F417D7D3","data/processed/p0/transit_points_p0.geojson":"D15301D6230B26E93F4BDD46E9839D26E174244E6ACABCB674F1BC9956C9B06E"},"merchant_id":"2a63eb29-e5e9-52f0-ac84-314edbd3e29c","merchant_name":"BURGER UP2GO - PLAZA SURABAYA","method_config_fingerprint":"A0AE32FCDC33656774E190C42F9BA9483E2684228F7FCDB54B16728D5177BFF0","node_id":"node_d70e3f9fbdec4ca947f30221d68fc2aaf0ef3874c25de872fb6e34ff9e4ebf08","routing_status":"snap_too_far","snap_acceptance_status":"snap_too_far","snap_distance_m":59.53447305547644,"threshold_m":50.0},"type":"Feature"},{"geometry":{"coordinates":[112.746149,-7.258736399999975],"type":"Point"},"properties":{"analysis_version":"p0-central-v1","component_id":"cc_000001","entity_type":"merchant","input_lineage":{"data/processed/p0/culinary_poi_p0.geojson":"B472BB9F0E8C18A5A85FAB6783FBA2455FD5A8FECE9BAAE4B23ED42A6AD7A608","data/processed/p0/pedestrian_edges.geojson":"6A77F7722AE6F3EF4674405EAEF2E43019F6C90363063E52BEDF44F388636355","data/processed/p0/pedestrian_nodes.geojson":"547A82AA6CD4B2012EE931D022948B12836236F685129EB745DB9359F417D7D3","data/processed/p0/transit_points_p0.geojson":"D15301D6230B26E93F4BDD46E9839D26E174244E6ACABCB674F1BC9956C9B06E"},"merchant_id":"2a7e3413-721f-5fe8-ad2e-fda7a8c11084","merchant_name":"ALHAMRA RESTAURANT","method_config_fingerprint":"A0AE32FCDC33656774E190C42F9BA9483E2684228F7FCDB54B16728D5177BFF0","node_id":"node_d4758d01cff4abdb22ab9aad01757a79d644d0ee223c9d886711bd1d9faf4e27","routing_status":"routable","snap_acceptance_status":"accepted","snap_distance_m":20.08652423296367,"threshold_m":50.0},"type":"Feature"},{"geometry":{"coordinates":[112.741332,-7.251046899999949],"type":"Point"},"properties":{"analysis_version":"p0-central-v1","component_id":"cc_000001","entity_type":"merchant","input_lineage":{"data/processed/p0/culinary_poi_p0.geojson":"B472BB9F0E8C18A5A85FAB6783FBA2455FD5A8FECE9BAAE4B23ED42A6AD7A608","data/processed/p0/pedestrian_edges.geojson":"6A77F7722AE6F3EF4674405EAEF2E43019F6C90363063E52BEDF44F388636355","data/processed/p0/pedestrian_nodes.geojson":"547A82AA6CD4B2012EE931D022948B12836236F685129EB745DB9359F417D7D3","data/processed/p0/transit_points_p0.geojson":"D15301D6230B26E93F4BDD46E9839D26E174244E6ACABCB674F1BC9956C9B06E"},"merchant_id":"2ae0b2ad-022e-594c-8de3-f70a4c06c1d7","merchant_name":"NASI GORENG LAWANG SEKETENG","method_config_fingerprint":"A0AE32FCDC33656774E190C42F9BA9483E2684228F7FCDB54B16728D5177BFF0","node_id":"node_13c6724cab4f635df568bdfc90fe7d5ca6fa7069cc0e2d6e229d80d69fa7636b","routing_status":"routable","snap_acceptance_status":"accepted","snap_distance_m":15.671620005047139,"threshold_m":50.0},"type":"Feature"},{"geometry":{"coordinates":[112.7515292,-7.2607439],"type":"Point"},"properties":{"analysis_version":"p0-central-v1","component_id":"cc_000001","entity_type":"merchant","input_lineage":{"data/processed/p0/culinary_poi_p0.geojson":"B472BB9F0E8C18A5A85FAB6783FBA2455FD5A8FECE9BAAE4B23ED42A6AD7A608","data/processed/p0/pedestrian_edges.geojson":"6A77F7722AE6F3EF4674405EAEF2E43019F6C90363063E52BEDF44F388636355","data/processed/p0/pedestrian_nodes.geojson":"547A82AA6CD4B2012EE931D022948B12836236F685129EB745DB9359F417D7D3","data/processed/p0/transit_points_p0.geojson":"D15301D6230B26E93F4BDD46E9839D26E174244E6ACABCB674F1BC9956C9B06E"},"merchant_id":"2be8e52a-50cc-5c16-89b1-057e646d2f3a","merchant_name":"TOBY'S - KUSUMA BANGSA","method_config_fingerprint":"A0AE32FCDC33656774E190C42F9BA9483E2684228F7FCDB54B16728D5177BFF0","node_id":"node_9f49f6c676cb4ada1ca8c6591908a07ef54192200dcd9aaf52939951bc0af846","routing_status":"routable","snap_acceptance_status":"accepted","snap_distance_m":35.76613759427471,"threshold_m":50.0},"type":"Feature"},{"geometry":{"coordinates":[112.7440808,-7.2527047],"type":"Point"},"properties":{"analysis_version":"p0-central-v1","component_id":"cc_000001","entity_type":"merchant","input_lineage":{"data/processed/p0/culinary_poi_p0.geojson":"B472BB9F0E8C18A5A85FAB6783FBA2455FD5A8FECE9BAAE4B23ED42A6AD7A608","data/processed/p0/pedestrian_edges.geojson":"6A77F7722AE6F3EF4674405EAEF2E43019F6C90363063E52BEDF44F388636355","data/processed/p0/pedestrian_nodes.geojson":"547A82AA6CD4B2012EE931D022948B12836236F685129EB745DB9359F417D7D3","data/processed/p0/transit_points_p0.geojson":"D15301D6230B26E93F4BDD46E9839D26E174244E6ACABCB674F1BC9956C9B06E"},"merchant_id":"2dc5cfa8-8424-5d89-99a2-82afd166dbc2","merchant_name":"SARI LAUT PAK JI","method_config_fingerprint":"A0AE32FCDC33656774E190C42F9BA9483E2684228F7FCDB54B16728D5177BFF0","node_id":"node_9c2e2a2e0c254d6c15d4532fc0674ebd489ead4bfb44446b894cf0f1f7f2efeb","routing_status":"routable","snap_acceptance_status":"accepted","snap_distance_m":19.543571118422058,"threshold_m":50.0},"type":"Feature"},{"geometry":{"coordinates":[112.74410680000005,-7.253613],"type":"Point"},"properties":{"analysis_version":"p0-central-v1","component_id":"cc_000001","entity_type":"merchant","input_lineage":{"data/processed/p0/culinary_poi_p0.geojson":"B472BB9F0E8C18A5A85FAB6783FBA2455FD5A8FECE9BAAE4B23ED42A6AD7A608","data/processed/p0/pedestrian_edges.geojson":"6A77F7722AE6F3EF4674405EAEF2E43019F6C90363063E52BEDF44F388636355","data/processed/p0/pedestrian_nodes.geojson":"547A82AA6CD4B2012EE931D022948B12836236F685129EB745DB9359F417D7D3","data/processed/p0/transit_points_p0.geojson":"D15301D6230B26E93F4BDD46E9839D26E174244E6ACABCB674F1BC9956C9B06E"},"merchant_id":"2f276cbb-e709-5975-be52-8ae07d5039d1","merchant_name":"MIE MENUR","method_config_fingerprint":"A0AE32FCDC33656774E190C42F9BA9483E2684228F7FCDB54B16728D5177BFF0","node_id":"node_54f0aeabd2e7e14bcbd7648ef0750cfd312702baa22c4eabc9777beed52e4e36","routing_status":"routable","snap_acceptance_status":"accepted","snap_distance_m":23.87703086745846,"threshold_m":50.0},"type":"Feature"},{"geometry":{"coordinates":[112.7396179,-7.2604261],"type":"Point"},"properties":{"analysis_version":"p0-central-v1","component_id":"cc_000001","entity_type":"merchant","input_lineage":{"data/processed/p0/culinary_poi_p0.geojson":"B472BB9F0E8C18A5A85FAB6783FBA2455FD5A8FECE9BAAE4B23ED42A6AD7A608","data/processed/p0/pedestrian_edges.geojson":"6A77F7722AE6F3EF4674405EAEF2E43019F6C90363063E52BEDF44F388636355","data/processed/p0/pedestrian_nodes.geojson":"547A82AA6CD4B2012EE931D022948B12836236F685129EB745DB9359F417D7D3","data/processed/p0/transit_points_p0.geojson":"D15301D6230B26E93F4BDD46E9839D26E174244E6ACABCB674F1BC9956C9B06E"},"merchant_id":"302b9bf5-d6a9-5c9c-85db-951253ef785b","merchant_name":"SARKIES SEAFOOD RESTAURANT","method_config_fingerprint":"A0AE32FCDC33656774E190C42F9BA9483E2684228F7FCDB54B16728D5177BFF0","node_id":"node_4ac4c78d9d84b3073a075f45d0bf73cb0b5f8b06ce6c98bf9ad081a5bd81f72c","routing_status":"routable","snap_acceptance_status":"accepted","snap_distance_m":33.35862223248827,"threshold_m":50.0},"type":"Feature"},{"geometry":{"coordinates":[112.75228740000011,-7.25781859999995],"type":"Point"},"properties":{"analysis_version":"p0-central-v1","component_id":"cc_000001","entity_type":"merchant","input_lineage":{"data/processed/p0/culinary_poi_p0.geojson":"B472BB9F0E8C18A5A85FAB6783FBA2455FD5A8FECE9BAAE4B23ED42A6AD7A608","data/processed/p0/pedestrian_edges.geojson":"6A77F7722AE6F3EF4674405EAEF2E43019F6C90363063E52BEDF44F388636355","data/processed/p0/pedestrian_nodes.geojson":"547A82AA6CD4B2012EE931D022948B12836236F685129EB745DB9359F417D7D3","data/processed/p0/transit_points_p0.geojson":"D15301D6230B26E93F4BDD46E9839D26E174244E6ACABCB674F1BC9956C9B06E"},"merchant_id":"31222436-eb4f-533e-89c6-9e21fba96f01","merchant_name":"RUMAH MAKAN PADANG GARUDA","method_config_fingerprint":"A0AE32FCDC33656774E190C42F9BA9483E2684228F7FCDB54B16728D5177BFF0","node_id":"node_ad4cc9a71b3455a422617832f6054575783aef0600eb11acc0028846e6518cb9","routing_status":"routable","snap_acceptance_status":"accepted","snap_distance_m":12.364090165978707,"threshold_m":50.0},"type":"Feature"},{"geometry":{"coordinates":[112.737697,-7.265204],"type":"Point"},"properties":{"analysis_version":"p0-central-v1","component_id":"cc_000001","entity_type":"merchant","input_lineage":{"data/processed/p0/culinary_poi_p0.geojson":"B472BB9F0E8C18A5A85FAB6783FBA2455FD5A8FECE9BAAE4B23ED42A6AD7A608","data/processed/p0/pedestrian_edges.geojson":"6A77F7722AE6F3EF4674405EAEF2E43019F6C90363063E52BEDF44F388636355","data/processed/p0/pedestrian_nodes.geojson":"547A82AA6CD4B2012EE931D022948B12836236F685129EB745DB9359F417D7D3","data/processed/p0/transit_points_p0.geojson":"D15301D6230B26E93F4BDD46E9839D26E174244E6ACABCB674F1BC9956C9B06E"},"merchant_id":"32004fb0-4275-5603-847a-58a82afeebab","merchant_name":"MR SUPREK TEGALSARI","method_config_fingerprint":"A0AE32FCDC33656774E190C42F9BA9483E2684228F7FCDB54B16728D5177BFF0","node_id":"node_822d8b2e8cdcfe77b0d9c0c70c3db6c76fe6279c06e8e8e56efa2660f7e68a11","routing_status":"routable","snap_acceptance_status":"accepted","snap_distance_m":42.74986936471419,"threshold_m":50.0},"type":"Feature"},{"geometry":{"coordinates":[112.75197480000008,-7.265200799999946],"type":"Point"},"properties":{"analysis_version":"p0-central-v1","component_id":"cc_000047","entity_type":"merchant","input_lineage":{"data/processed/p0/culinary_poi_p0.geojson":"B472BB9F0E8C18A5A85FAB6783FBA2455FD5A8FECE9BAAE4B23ED42A6AD7A608","data/processed/p0/pedestrian_edges.geojson":"6A77F7722AE6F3EF4674405EAEF2E43019F6C90363063E52BEDF44F388636355","data/processed/p0/pedestrian_nodes.geojson":"547A82AA6CD4B2012EE931D022948B12836236F685129EB745DB9359F417D7D3","data/processed/p0/transit_points_p0.geojson":"D15301D6230B26E93F4BDD46E9839D26E174244E6ACABCB674F1BC9956C9B06E"},"merchant_id":"32410f22-5530-53c6-a37b-aa653bdc1804","merchant_name":"TEH JAWA CAFEÊ§‹Ê¦ Ê¦ºÊ¦ƑÊ¦—Ê¦®Ê¦•Ê¦¥Ê¦³Ê¦º","method_config_fingerprint":"A0AE32FCDC33656774E190C42F9BA9483E2684228F7FCDB54B16728D5177BFF0","node_id":"node_c118e41082e5c0ff3ca121794e4d21527cdd5a86d06d7ba17dc83b4235421e53","routing_status":"snap_too_far","snap_acceptance_status":"snap_too_far","snap_distance_m":54.50230967924265,"threshold_m":50.0},"type":"Feature"},{"geometry":{"coordinates":[112.73385070000006,-7.255704799999939],"type":"Point"},"properties":{"analysis_version":"p0-central-v1","component_id":"cc_000001","entity_type":"merchant","input_lineage":{"data/processed/p0/culinary_poi_p0.geojson":"B472BB9F0E8C18A5A85FAB6783FBA2455FD5A8FECE9BAAE4B23ED42A6AD7A608","data/processed/p0/pedestrian_edges.geojson":"6A77F7722AE6F3EF4674405EAEF2E43019F6C90363063E52BEDF44F388636355","data/processed/p0/pedestrian_nodes.geojson":"547A82AA6CD4B2012EE931D022948B12836236F685129EB745DB9359F417D7D3","data/processed/p0/transit_points_p0.geojson":"D15301D6230B26E93F4BDD46E9839D26E174244E6ACABCB674F1BC9956C9B06E"},"merchant_id":"35075fba-5a91-564d-961b-222569b1c041","merchant_name":"HOTDOG BOOTH","method_config_fingerprint":"A0AE32FCDC33656774E190C42F9BA9483E2684228F7FCDB54B16728D5177BFF0","node_id":"node_61274e0255083604e27ac911e2f4799b787e56fd424a9db3bde413190e2b7724","routing_status":"routable","snap_acceptance_status":"accepted","snap_distance_m":18.98231295157491,"threshold_m":50.0},"type":"Feature"},{"geometry":{"coordinates":[112.74980260000007,-7.266658199999938],"type":"Point"},"properties":{"analysis_version":"p0-central-v1","component_id":"cc_000001","entity_type":"merchant","input_lineage":{"data/processed/p0/culinary_poi_p0.geojson":"B472BB9F0E8C18A5A85FAB6783FBA2455FD5A8FECE9BAAE4B23ED42A6AD7A608","data/processed/p0/pedestrian_edges.geojson":"6A77F7722AE6F3EF4674405EAEF2E43019F6C90363063E52BEDF44F388636355","data/processed/p0/pedestrian_nodes.geojson":"547A82AA6CD4B2012EE931D022948B12836236F685129EB745DB9359F417D7D3","data/processed/p0/transit_points_p0.geojson":"D15301D6230B26E93F4BDD46E9839D26E174244E6ACABCB674F1BC9956C9B06E"},"merchant_id":"3511a325-de87-5f95-a109-fc1ca4b45293","merchant_name":"MR COFFEE INDONESIA","method_config_fingerprint":"A0AE32FCDC33656774E190C42F9BA9483E2684228F7FCDB54B16728D5177BFF0","node_id":"node_a1cb25e9f3d1b38d6783d80ab2db1200f9c66041644e05b6691c7833f36bc38d","routing_status":"routable","snap_acceptance_status":"accepted","snap_distance_m":17.3082608449589,"threshold_m":50.0},"type":"Feature"},{"geometry":{"coordinates":[112.753933,-7.266751],"type":"Point"},"properties":{"analysis_version":"p0-central-v1","component_id":"cc_000001","entity_type":"merchant","input_lineage":{"data/processed/p0/culinary_poi_p0.geojson":"B472BB9F0E8C18A5A85FAB6783FBA2455FD5A8FECE9BAAE4B23ED42A6AD7A608","data/processed/p0/pedestrian_edges.geojson":"6A77F7722AE6F3EF4674405EAEF2E43019F6C90363063E52BEDF44F388636355","data/processed/p0/pedestrian_nodes.geojson":"547A82AA6CD4B2012EE931D022948B12836236F685129EB745DB9359F417D7D3","data/processed/p0/transit_points_p0.geojson":"D15301D6230B26E93F4BDD46E9839D26E174244E6ACABCB674F1BC9956C9B06E"},"merchant_id":"3522e474-ac26-57ac-917e-8a85cadb509b","merchant_name":"WARUNG MAKAN BU TITIS","method_config_fingerprint":"A0AE32FCDC33656774E190C42F9BA9483E2684228F7FCDB54B16728D5177BFF0","node_id":"node_c1f7a7c57214ccfca6a5ca9a155f8338b71373a514cd7c2aa513df2fa04c0cfb","routing_status":"routable","snap_acceptance_status":"accepted","snap_distance_m":6.3044865732535875,"threshold_m":50.0},"type":"Feature"},{"geometry":{"coordinates":[112.7545824,-7.2580771],"type":"Point"},"properties":{"analysis_version":"p0-central-v1","component_id":"cc_000001","entity_type":"merchant","input_lineage":{"data/processed/p0/culinary_poi_p0.geojson":"B472BB9F0E8C18A5A85FAB6783FBA2455FD5A8FECE9BAAE4B23ED42A6AD7A608","data/processed/p0/pedestrian_edges.geojson":"6A77F7722AE6F3EF4674405EAEF2E43019F6C90363063E52BEDF44F388636355","data/processed/p0/pedestrian_nodes.geojson":"547A82AA6CD4B2012EE931D022948B12836236F685129EB745DB9359F417D7D3","data/processed/p0/transit_points_p0.geojson":"D15301D6230B26E93F4BDD46E9839D26E174244E6ACABCB674F1BC9956C9B06E"},"merchant_id":"35408474-98d5-5af6-9c43-4f5f9988ef06","merchant_name":"STILL IN PROGRESS - TAMBAKSARI","method_config_fingerprint":"A0AE32FCDC33656774E190C42F9BA9483E2684228F7FCDB54B16728D5177BFF0","node_id":"node_2f329a6d92a450eba4df2b71933248015a8ed15059ca22200cdb6cd98fcb32ba","routing_status":"routable","snap_acceptance_status":"accepted","snap_distance_m":17.887212520136853,"threshold_m":50.0},"type":"Feature"},{"geometry":{"coordinates":[112.73508070000003,-7.269129699999946],"type":"Point"},"properties":{"analysis_version":"p0-central-v1","component_id":"cc_000001","entity_type":"merchant","input_lineage":{"data/processed/p0/culinary_poi_p0.geojson":"B472BB9F0E8C18A5A85FAB6783FBA2455FD5A8FECE9BAAE4B23ED42A6AD7A608","data/processed/p0/pedestrian_edges.geojson":"6A77F7722AE6F3EF4674405EAEF2E43019F6C90363063E52BEDF44F388636355","data/processed/p0/pedestrian_nodes.geojson":"547A82AA6CD4B2012EE931D022948B12836236F685129EB745DB9359F417D7D3","data/processed/p0/transit_points_p0.geojson":"D15301D6230B26E93F4BDD46E9839D26E174244E6ACABCB674F1BC9956C9B06E"},"merchant_id":"35ea88cd-7562-55bc-83ff-9cc6c3742c54","merchant_name":"BOBA BABE","method_config_fingerprint":"A0AE32FCDC33656774E190C42F9BA9483E2684228F7FCDB54B16728D5177BFF0","node_id":"node_28612002fc73d2a798f5053d13b480aa59140fbf9ec49122ce86a19ceb099812","routing_status":"routable","snap_acceptance_status":"accepted","snap_distance_m":12.829071077047583,"threshold_m":50.0},"type":"Feature"},{"geometry":{"coordinates":[112.740731,-7.2636897],"type":"Point"},"properties":{"analysis_version":"p0-central-v1","component_id":"cc_000001","entity_type":"merchant","input_lineage":{"data/processed/p0/culinary_poi_p0.geojson":"B472BB9F0E8C18A5A85FAB6783FBA2455FD5A8FECE9BAAE4B23ED42A6AD7A608","data/processed/p0/pedestrian_edges.geojson":"6A77F7722AE6F3EF4674405EAEF2E43019F6C90363063E52BEDF44F388636355","data/processed/p0/pedestrian_nodes.geojson":"547A82AA6CD4B2012EE931D022948B12836236F685129EB745DB9359F417D7D3","data/processed/p0/transit_points_p0.geojson":"D15301D6230B26E93F4BDD46E9839D26E174244E6ACABCB674F1BC9956C9B06E"},"merchant_id":"3685e028-f5f7-5311-8fbb-f266c2ddb83e","merchant_name":"HOLLAND BAKERY","method_config_fingerprint":"A0AE32FCDC33656774E190C42F9BA9483E2684228F7FCDB54B16728D5177BFF0","node_id":"node_5e5dba2697d9a2481d73a9f9012163de882cd1672ffccc7b327a8e6d15f5cf7c","routing_status":"routable","snap_acceptance_status":"accepted","snap_distance_m":20.91561893758379,"threshold_m":50.0},"type":"Feature"},{"geometry":{"coordinates":[112.74039040000002,-7.271381199999951],"type":"Point"},"properties":{"analysis_version":"p0-central-v1","component_id":"cc_000001","entity_type":"merchant","input_lineage":{"data/processed/p0/culinary_poi_p0.geojson":"B472BB9F0E8C18A5A85FAB6783FBA2455FD5A8FECE9BAAE4B23ED42A6AD7A608","data/processed/p0/pedestrian_edges.geojson":"6A77F7722AE6F3EF4674405EAEF2E43019F6C90363063E52BEDF44F388636355","data/processed/p0/pedestrian_nodes.geojson":"547A82AA6CD4B2012EE931D022948B12836236F685129EB745DB9359F417D7D3","data/processed/p0/transit_points_p0.geojson":"D15301D6230B26E93F4BDD46E9839D26E174244E6ACABCB674F1BC9956C9B06E"},"merchant_id":"377b63f3-ec14-53b8-96b6-477841071841","merchant_name":"KIZAHASHI RESTAURANT","method_config_fingerprint":"A0AE32FCDC33656774E190C42F9BA9483E2684228F7FCDB54B16728D5177BFF0","node_id":"node_797cad64a62817b2b4dc15a4bd67f0270a8061b818d65ba7d175d9abf1ca5f05","routing_status":"snap_too_far","snap_acceptance_status":"snap_too_far","snap_distance_m":50.77723903361068,"threshold_m":50.0},"type":"Feature"},{"geometry":{"coordinates":[112.74041349999999,-7.2637518],"type":"Point"},"properties":{"analysis_version":"p0-central-v1","component_id":"cc_000001","entity_type":"merchant","input_lineage":{"data/processed/p0/culinary_poi_p0.geojson":"B472BB9F0E8C18A5A85FAB6783FBA2455FD5A8FECE9BAAE4B23ED42A6AD7A608","data/processed/p0/pedestrian_edges.geojson":"6A77F7722AE6F3EF4674405EAEF2E43019F6C90363063E52BEDF44F388636355","data/processed/p0/pedestrian_nodes.geojson":"547A82AA6CD4B2012EE931D022948B12836236F685129EB745DB9359F417D7D3","data/processed/p0/transit_points_p0.geojson":"D15301D6230B26E93F4BDD46E9839D26E174244E6ACABCB674F1BC9956C9B06E"},"merchant_id":"37c18e0c-ae38-5552-b136-70b4d59ede2c","merchant_name":"NASI GORENG 69","method_config_fingerprint":"A0AE32FCDC33656774E190C42F9BA9483E2684228F7FCDB54B16728D5177BFF0","node_id":"node_f1e7e3a2a4eafd1106455dd0024594aa65b4809adb2daf5dbf1d6f09e4d13bab","routing_status":"routable","snap_acceptance_status":"accepted","snap_distance_m":36.115185859726346,"threshold_m":50.0},"type":"Feature"},{"geometry":{"coordinates":[112.7401063,-7.2627336],"type":"Point"},"properties":{"analysis_version":"p0-central-v1","component_id":"cc_000001","entity_type":"merchant","input_lineage":{"data/processed/p0/culinary_poi_p0.geojson":"B472BB9F0E8C18A5A85FAB6783FBA2455FD5A8FECE9BAAE4B23ED42A6AD7A608","data/processed/p0/pedestrian_edges.geojson":"6A77F7722AE6F3EF4674405EAEF2E43019F6C90363063E52BEDF44F388636355","data/processed/p0/pedestrian_nodes.geojson":"547A82AA6CD4B2012EE931D022948B12836236F685129EB745DB9359F417D7D3","data/processed/p0/transit_points_p0.geojson":"D15301D6230B26E93F4BDD46E9839D26E174244E6ACABCB674F1BC9956C9B06E"},"merchant_id":"37df9e02-fd76-502a-bef4-7df3692582eb","merchant_name":"IVY DONUT","method_config_fingerprint":"A0AE32FCDC33656774E190C42F9BA9483E2684228F7FCDB54B16728D5177BFF0","node_id":"node_2877ebb3dd6671dc94e615ac76cbad3c6b4a14a644b8cc4344eb713760a1e739","routing_status":"routable","snap_acceptance_status":"accepted","snap_distance_m":32.06884848204513,"threshold_m":50.0},"type":"Feature"},{"geometry":{"coordinates":[112.7383134,-7.2620315],"type":"Point"},"properties":{"analysis_version":"p0-central-v1","component_id":"cc_000001","entity_type":"merchant","input_lineage":{"data/processed/p0/culinary_poi_p0.geojson":"B472BB9F0E8C18A5A85FAB6783FBA2455FD5A8FECE9BAAE4B23ED42A6AD7A608","data/processed/p0/pedestrian_edges.geojson":"6A77F7722AE6F3EF4674405EAEF2E43019F6C90363063E52BEDF44F388636355","data/processed/p0/pedestrian_nodes.geojson":"547A82AA6CD4B2012EE931D022948B12836236F685129EB745DB9359F417D7D3","data/processed/p0/transit_points_p0.geojson":"D15301D6230B26E93F4BDD46E9839D26E174244E6ACABCB674F1BC9956C9B06E"},"merchant_id":"38545110-29db-554c-afa6-2096e1a4fe2b","merchant_name":"THAI STREET - TUNJUNGAN PLAZA 6","method_config_fingerprint":"A0AE32FCDC33656774E190C42F9BA9483E2684228F7FCDB54B16728D5177BFF0","node_id":"node_bc013faae9dcf491ea262226f2cc6570545b6d6a4b0450112d3b52fd838027fe","routing_status":"routable","snap_acceptance_status":"accepted","snap_distance_m":4.0840955452023655,"threshold_m":50.0},"type":"Feature"},{"geometry":{"coordinates":[112.7365341,-7.2569375],"type":"Point"},"properties":{"analysis_version":"p0-central-v1","component_id":"cc_000001","entity_type":"merchant","input_lineage":{"data/processed/p0/culinary_poi_p0.geojson":"B472BB9F0E8C18A5A85FAB6783FBA2455FD5A8FECE9BAAE4B23ED42A6AD7A608","data/processed/p0/pedestrian_edges.geojson":"6A77F7722AE6F3EF4674405EAEF2E43019F6C90363063E52BEDF44F388636355","data/processed/p0/pedestrian_nodes.geojson":"547A82AA6CD4B2012EE931D022948B12836236F685129EB745DB9359F417D7D3","data/processed/p0/transit_points_p0.geojson":"D15301D6230B26E93F4BDD46E9839D26E174244E6ACABCB674F1BC9956C9B06E"},"merchant_id":"38a71a71-e221-55cc-b91b-f480da1f3db7","merchant_name":"MAKAN KITCHEN SURABAYA","method_config_fingerprint":"A0AE32FCDC33656774E190C42F9BA9483E2684228F7FCDB54B16728D5177BFF0","node_id":"node_496879748a0e3c815277618e90f69bc39645c43c107b989a7805db153a64c033","routing_status":"routable","snap_acceptance_status":"accepted","snap_distance_m":41.37303188184068,"threshold_m":50.0},"type":"Feature"},{"geometry":{"coordinates":[112.74176160000002,-7.260846299999967],"type":"Point"},"properties":{"analysis_version":"p0-central-v1","component_id":"cc_000001","entity_type":"merchant","input_lineage":{"data/processed/p0/culinary_poi_p0.geojson":"B472BB9F0E8C18A5A85FAB6783FBA2455FD5A8FECE9BAAE4B23ED42A6AD7A608","data/processed/p0/pedestrian_edges.geojson":"6A77F7722AE6F3EF4674405EAEF2E43019F6C90363063E52BEDF44F388636355","data/processed/p0/pedestrian_nodes.geojson":"547A82AA6CD4B2012EE931D022948B12836236F685129EB745DB9359F417D7D3","data/processed/p0/transit_points_p0.geojson":"D15301D6230B26E93F4BDD46E9839D26E174244E6ACABCB674F1BC9956C9B06E"},"merchant_id":"38dc00cd-5e0e-57d5-9937-bc2406ddc9cb","merchant_name":"RUMAH MAKAN NUSRET BOLAPELANGI","method_config_fingerprint":"A0AE32FCDC33656774E190C42F9BA9483E2684228F7FCDB54B16728D5177BFF0","node_id":"node_e65d0c91cf2032f99b16134d182b3d26ee7395849164a7b9f948d3834e6240d8","routing_status":"routable","snap_acceptance_status":"accepted","snap_distance_m":6.2294004551192925,"threshold_m":50.0},"type":"Feature"},{"geometry":{"coordinates":[112.752088,-7.257472],"type":"Point"},"properties":{"analysis_version":"p0-central-v1","component_id":"cc_000001","entity_type":"merchant","input_lineage":{"data/processed/p0/culinary_poi_p0.geojson":"B472BB9F0E8C18A5A85FAB6783FBA2455FD5A8FECE9BAAE4B23ED42A6AD7A608","data/processed/p0/pedestrian_edges.geojson":"6A77F7722AE6F3EF4674405EAEF2E43019F6C90363063E52BEDF44F388636355","data/processed/p0/pedestrian_nodes.geojson":"547A82AA6CD4B2012EE931D022948B12836236F685129EB745DB9359F417D7D3","data/processed/p0/transit_points_p0.geojson":"D15301D6230B26E93F4BDD46E9839D26E174244E6ACABCB674F1BC9956C9B06E"},"merchant_id":"3a92e621-6c8a-5ae2-a049-f527d145d1a8","merchant_name":"NEW ZEALAND NATURAL","method_config_fingerprint":"A0AE32FCDC33656774E190C42F9BA9483E2684228F7FCDB54B16728D5177BFF0","node_id":"node_e1c2496b707bf67db1f5bb056fab8a9567084960d59b438e55923e1a12e63e39","routing_status":"routable","snap_acceptance_status":"accepted","snap_distance_m":35.918900492637675,"threshold_m":50.0},"type":"Feature"},{"geometry":{"coordinates":[112.7505633,-7.2543848],"type":"Point"},"properties":{"analysis_version":"p0-central-v1","component_id":"cc_000001","entity_type":"merchant","input_lineage":{"data/processed/p0/culinary_poi_p0.geojson":"B472BB9F0E8C18A5A85FAB6783FBA2455FD5A8FECE9BAAE4B23ED42A6AD7A608","data/processed/p0/pedestrian_edges.geojson":"6A77F7722AE6F3EF4674405EAEF2E43019F6C90363063E52BEDF44F388636355","data/processed/p0/pedestrian_nodes.geojson":"547A82AA6CD4B2012EE931D022948B12836236F685129EB745DB9359F417D7D3","data/processed/p0/transit_points_p0.geojson":"D15301D6230B26E93F4BDD46E9839D26E174244E6ACABCB674F1BC9956C9B06E"},"merchant_id":"3bcc0718-325f-5ef1-89d3-3a5e71da8a2e","merchant_name":"KUE KERING SURABAYA NAUFAL COOKIES","method_config_fingerprint":"A0AE32FCDC33656774E190C42F9BA9483E2684228F7FCDB54B16728D5177BFF0","node_id":"node_f49922a129a4a823d5b5961e7a4fc3ff43299bd5d22a20cc199f84d0482198a6","routing_status":"routable","snap_acceptance_status":"accepted","snap_distance_m":9.046458420879112,"threshold_m":50.0},"type":"Feature"},{"geometry":{"coordinates":[112.73901750000005,-7.262595],"type":"Point"},"properties":{"analysis_version":"p0-central-v1","component_id":"cc_000001","entity_type":"merchant","input_lineage":{"data/processed/p0/culinary_poi_p0.geojson":"B472BB9F0E8C18A5A85FAB6783FBA2455FD5A8FECE9BAAE4B23ED42A6AD7A608","data/processed/p0/pedestrian_edges.geojson":"6A77F7722AE6F3EF4674405EAEF2E43019F6C90363063E52BEDF44F388636355","data/processed/p0/pedestrian_nodes.geojson":"547A82AA6CD4B2012EE931D022948B12836236F685129EB745DB9359F417D7D3","data/processed/p0/transit_points_p0.geojson":"D15301D6230B26E93F4BDD46E9839D26E174244E6ACABCB674F1BC9956C9B06E"},"merchant_id":"3d5b409a-bd3d-546b-803c-025162b7567a","merchant_name":"RM KAPAU","method_config_fingerprint":"A0AE32FCDC33656774E190C42F9BA9483E2684228F7FCDB54B16728D5177BFF0","node_id":"node_cbacf036b09b820d3ee400fc6a1bdf27520713ec7c83988e7941ad968bc7eda6","routing_status":"routable","snap_acceptance_status":"accepted","snap_distance_m":46.270448691244276,"threshold_m":50.0},"type":"Feature"},{"geometry":{"coordinates":[112.736251,-7.248694],"type":"Point"},"properties":{"analysis_version":"p0-central-v1","component_id":"cc_000001","entity_type":"merchant","input_lineage":{"data/processed/p0/culinary_poi_p0.geojson":"B472BB9F0E8C18A5A85FAB6783FBA2455FD5A8FECE9BAAE4B23ED42A6AD7A608","data/processed/p0/pedestrian_edges.geojson":"6A77F7722AE6F3EF4674405EAEF2E43019F6C90363063E52BEDF44F388636355","data/processed/p0/pedestrian_nodes.geojson":"547A82AA6CD4B2012EE931D022948B12836236F685129EB745DB9359F417D7D3","data/processed/p0/transit_points_p0.geojson":"D15301D6230B26E93F4BDD46E9839D26E174244E6ACABCB674F1BC9956C9B06E"},"merchant_id":"3d7f2074-4aef-5828-8841-e027d14c8dc5","merchant_name":"WARUNG NASI PADANG AMPERA","method_config_fingerprint":"A0AE32FCDC33656774E190C42F9BA9483E2684228F7FCDB54B16728D5177BFF0","node_id":"node_9d6accf20437e8e3411ac8f414fcd5f7ade19d1ed3d87a21e2bb3723793ee094","routing_status":"routable","snap_acceptance_status":"accepted","snap_distance_m":2.750250477071676,"threshold_m":50.0},"type":"Feature"},{"geometry":{"coordinates":[112.75014137443395,-7.261904974244707],"type":"Point"},"properties":{"analysis_version":"p0-central-v1","component_id":"cc_000001","entity_type":"merchant","input_lineage":{"data/processed/p0/culinary_poi_p0.geojson":"B472BB9F0E8C18A5A85FAB6783FBA2455FD5A8FECE9BAAE4B23ED42A6AD7A608","data/processed/p0/pedestrian_edges.geojson":"6A77F7722AE6F3EF4674405EAEF2E43019F6C90363063E52BEDF44F388636355","data/processed/p0/pedestrian_nodes.geojson":"547A82AA6CD4B2012EE931D022948B12836236F685129EB745DB9359F417D7D3","data/processed/p0/transit_points_p0.geojson":"D15301D6230B26E93F4BDD46E9839D26E174244E6ACABCB674F1BC9956C9B06E"},"merchant_id":"3f01db27-98d3-5afc-9393-abe22f30f4a4","merchant_name":"BREADTALK","method_config_fingerprint":"A0AE32FCDC33656774E190C42F9BA9483E2684228F7FCDB54B16728D5177BFF0","node_id":"node_4c481cf56c530f3accbd8456daf9f4adf38893eb27d2be72618748c86a0c54a5","routing_status":"routable","snap_acceptance_status":"accepted","snap_distance_m":30.77105798939417,"threshold_m":50.0},"type":"Feature"},{"geometry":{"coordinates":[112.7510102,-7.271362],"type":"Point"},"properties":{"analysis_version":"p0-central-v1","component_id":"cc_000001","entity_type":"merchant","input_lineage":{"data/processed/p0/culinary_poi_p0.geojson":"B472BB9F0E8C18A5A85FAB6783FBA2455FD5A8FECE9BAAE4B23ED42A6AD7A608","data/processed/p0/pedestrian_edges.geojson":"6A77F7722AE6F3EF4674405EAEF2E43019F6C90363063E52BEDF44F388636355","data/processed/p0/pedestrian_nodes.geojson":"547A82AA6CD4B2012EE931D022948B12836236F685129EB745DB9359F417D7D3","data/processed/p0/transit_points_p0.geojson":"D15301D6230B26E93F4BDD46E9839D26E174244E6ACABCB674F1BC9956C9B06E"},"merchant_id":"3f663982-6546-5a41-b48f-b4593d2007a2","merchant_name":"PADOVA BAKERY","method_config_fingerprint":"A0AE32FCDC33656774E190C42F9BA9483E2684228F7FCDB54B16728D5177BFF0","node_id":"node_a06d661b1722b0de6b0a990b7250d8456982cea840e4084964b931f6d200747a","routing_status":"routable","snap_acceptance_status":"accepted","snap_distance_m":14.817596337210997,"threshold_m":50.0},"type":"Feature"},{"geometry":{"coordinates":[112.75031410000008,-7.261804099999949],"type":"Point"},"properties":{"analysis_version":"p0-central-v1","component_id":"cc_000001","entity_type":"merchant","input_lineage":{"data/processed/p0/culinary_poi_p0.geojson":"B472BB9F0E8C18A5A85FAB6783FBA2455FD5A8FECE9BAAE4B23ED42A6AD7A608","data/processed/p0/pedestrian_edges.geojson":"6A77F7722AE6F3EF4674405EAEF2E43019F6C90363063E52BEDF44F388636355","data/processed/p0/pedestrian_nodes.geojson":"547A82AA6CD4B2012EE931D022948B12836236F685129EB745DB9359F417D7D3","data/processed/p0/transit_points_p0.geojson":"D15301D6230B26E93F4BDD46E9839D26E174244E6ACABCB674F1BC9956C9B06E"},"merchant_id":"40d42b6a-9278-5168-b22b-d1bfa9ae55f7","merchant_name":"MY KOPI-O! - GRAND CITY MALL SURABAYA","method_config_fingerprint":"A0AE32FCDC33656774E190C42F9BA9483E2684228F7FCDB54B16728D5177BFF0","node_id":"node_7b95a9f2d87c45ac0bc598146f91daa6cbc69eeabf07238f0e2c31d428e0df8a","routing_status":"snap_too_far","snap_acceptance_status":"snap_too_far","snap_distance_m":50.76598081782555,"threshold_m":50.0},"type":"Feature"},{"geometry":{"coordinates":[112.7427986,-7.2680796],"type":"Point"},"properties":{"analysis_version":"p0-central-v1","component_id":"cc_000001","entity_type":"merchant","input_lineage":{"data/processed/p0/culinary_poi_p0.geojson":"B472BB9F0E8C18A5A85FAB6783FBA2455FD5A8FECE9BAAE4B23ED42A6AD7A608","data/processed/p0/pedestrian_edges.geojson":"6A77F7722AE6F3EF4674405EAEF2E43019F6C90363063E52BEDF44F388636355","data/processed/p0/pedestrian_nodes.geojson":"547A82AA6CD4B2012EE931D022948B12836236F685129EB745DB9359F417D7D3","data/processed/p0/transit_points_p0.geojson":"D15301D6230B26E93F4BDD46E9839D26E174244E6ACABCB674F1BC9956C9B06E"},"merchant_id":"41e16a40-52d5-5270-bb35-7839457eeb08","merchant_name":"BON AMI BAKERY","method_config_fingerprint":"A0AE32FCDC33656774E190C42F9BA9483E2684228F7FCDB54B16728D5177BFF0","node_id":"node_15c7fc1d11bfeb43d6d2588baa83222fbf9ececba4596d25e281f4494d2bad14","routing_status":"routable","snap_acceptance_status":"accepted","snap_distance_m":32.715773483347085,"threshold_m":50.0},"type":"Feature"},{"geometry":{"coordinates":[112.7487573,-7.2583762],"type":"Point"},"properties":{"analysis_version":"p0-central-v1","component_id":"cc_000001","entity_type":"merchant","input_lineage":{"data/processed/p0/culinary_poi_p0.geojson":"B472BB9F0E8C18A5A85FAB6783FBA2455FD5A8FECE9BAAE4B23ED42A6AD7A608","data/processed/p0/pedestrian_edges.geojson":"6A77F7722AE6F3EF4674405EAEF2E43019F6C90363063E52BEDF44F388636355","data/processed/p0/pedestrian_nodes.geojson":"547A82AA6CD4B2012EE931D022948B12836236F685129EB745DB9359F417D7D3","data/processed/p0/transit_points_p0.geojson":"D15301D6230B26E93F4BDD46E9839D26E174244E6ACABCB674F1BC9956C9B06E"},"merchant_id":"431dd9d7-d05a-5f11-92b8-63c029ac3668","merchant_name":"CACTOAST","method_config_fingerprint":"A0AE32FCDC33656774E190C42F9BA9483E2684228F7FCDB54B16728D5177BFF0","node_id":"node_2dba9bb1b7156bf35ff4150d51e884d350a8c74caf00df338fff1db603754afa","routing_status":"routable","snap_acceptance_status":"accepted","snap_distance_m":40.623930969099476,"threshold_m":50.0},"type":"Feature"},{"geometry":{"coordinates":[112.748614,-7.264771],"type":"Point"},"properties":{"analysis_version":"p0-central-v1","component_id":"cc_000001","entity_type":"merchant","input_lineage":{"data/processed/p0/culinary_poi_p0.geojson":"B472BB9F0E8C18A5A85FAB6783FBA2455FD5A8FECE9BAAE4B23ED42A6AD7A608","data/processed/p0/pedestrian_edges.geojson":"6A77F7722AE6F3EF4674405EAEF2E43019F6C90363063E52BEDF44F388636355","data/processed/p0/pedestrian_nodes.geojson":"547A82AA6CD4B2012EE931D022948B12836236F685129EB745DB9359F417D7D3","data/processed/p0/transit_points_p0.geojson":"D15301D6230B26E93F4BDD46E9839D26E174244E6ACABCB674F1BC9956C9B06E"},"merchant_id":"443f928e-5e63-5dcc-afb4-e9fc67f53366","merchant_name":"GOKANA RAMEN & TEPPAN - PLAZA SURABAYA","method_config_fingerprint":"A0AE32FCDC33656774E190C42F9BA9483E2684228F7FCDB54B16728D5177BFF0","node_id":"node_6c19296b2567e1defc8d86b411cafbbdb258f8154f4864a4254fde138a27ac8f","routing_status":"snap_too_far","snap_acceptance_status":"snap_too_far","snap_distance_m":66.06266405930896,"threshold_m":50.0},"type":"Feature"},{"geometry":{"coordinates":[112.74071029999999,-7.2646499],"type":"Point"},"properties":{"analysis_version":"p0-central-v1","component_id":"cc_000001","entity_type":"merchant","input_lineage":{"data/processed/p0/culinary_poi_p0.geojson":"B472BB9F0E8C18A5A85FAB6783FBA2455FD5A8FECE9BAAE4B23ED42A6AD7A608","data/processed/p0/pedestrian_edges.geojson":"6A77F7722AE6F3EF4674405EAEF2E43019F6C90363063E52BEDF44F388636355","data/processed/p0/pedestrian_nodes.geojson":"547A82AA6CD4B2012EE931D022948B12836236F685129EB745DB9359F417D7D3","data/processed/p0/transit_points_p0.geojson":"D15301D6230B26E93F4BDD46E9839D26E174244E6ACABCB674F1BC9956C9B06E"},"merchant_id":"4460cd42-e624-50cf-8a57-21c9c596f634","merchant_name":"RED BRIDGE ICE CREAM","method_config_fingerprint":"A0AE32FCDC33656774E190C42F9BA9483E2684228F7FCDB54B16728D5177BFF0","node_id":"node_7a8cd3d00a6f4ea6e0e7f0b34a970b82717344e4a2c6a4bdab561f87961ca4a9","routing_status":"routable","snap_acceptance_status":"accepted","snap_distance_m":24.94221678997325,"threshold_m":50.0},"type":"Feature"},{"geometry":{"coordinates":[112.7485448000001,-7.264877399999931],"type":"Point"},"properties":{"analysis_version":"p0-central-v1","component_id":"cc_000001","entity_type":"merchant","input_lineage":{"data/processed/p0/culinary_poi_p0.geojson":"B472BB9F0E8C18A5A85FAB6783FBA2455FD5A8FECE9BAAE4B23ED42A6AD7A608","data/processed/p0/pedestrian_edges.geojson":"6A77F7722AE6F3EF4674405EAEF2E43019F6C90363063E52BEDF44F388636355","data/processed/p0/pedestrian_nodes.geojson":"547A82AA6CD4B2012EE931D022948B12836236F685129EB745DB9359F417D7D3","data/processed/p0/transit_points_p0.geojson":"D15301D6230B26E93F4BDD46E9839D26E174244E6ACABCB674F1BC9956C9B06E"},"merchant_id":"45044d1d-c44f-5f5a-900b-996c82140f2f","merchant_name":"BURGER UP - PLAZA SURABAYA","method_config_fingerprint":"A0AE32FCDC33656774E190C42F9BA9483E2684228F7FCDB54B16728D5177BFF0","node_id":"node_d70e3f9fbdec4ca947f30221d68fc2aaf0ef3874c25de872fb6e34ff9e4ebf08","routing_status":"snap_too_far","snap_acceptance_status":"snap_too_far","snap_distance_m":59.53447306776076,"threshold_m":50.0},"type":"Feature"},{"geometry":{"coordinates":[112.7388475,-7.2595668],"type":"Point"},"properties":{"analysis_version":"p0-central-v1","component_id":"cc_000001","entity_type":"merchant","input_lineage":{"data/processed/p0/culinary_poi_p0.geojson":"B472BB9F0E8C18A5A85FAB6783FBA2455FD5A8FECE9BAAE4B23ED42A6AD7A608","data/processed/p0/pedestrian_edges.geojson":"6A77F7722AE6F3EF4674405EAEF2E43019F6C90363063E52BEDF44F388636355","data/processed/p0/pedestrian_nodes.geojson":"547A82AA6CD4B2012EE931D022948B12836236F685129EB745DB9359F417D7D3","data/processed/p0/transit_points_p0.geojson":"D15301D6230B26E93F4BDD46E9839D26E174244E6ACABCB674F1BC9956C9B06E"},"merchant_id":"45091b64-fbdd-51ba-beb7-bcd9ee271b54","merchant_name":"GELATERIA","method_config_fingerprint":"A0AE32FCDC33656774E190C42F9BA9483E2684228F7FCDB54B16728D5177BFF0","node_id":"node_72384736de10db553333e563637556969e9c42e1b910730e0f324b57d5b719a8","routing_status":"routable","snap_acceptance_status":"accepted","snap_distance_m":21.719721022544906,"threshold_m":50.0},"type":"Feature"},{"geometry":{"coordinates":[112.7413196,-7.2575065],"type":"Point"},"properties":{"analysis_version":"p0-central-v1","component_id":"cc_000001","entity_type":"merchant","input_lineage":{"data/processed/p0/culinary_poi_p0.geojson":"B472BB9F0E8C18A5A85FAB6783FBA2455FD5A8FECE9BAAE4B23ED42A6AD7A608","data/processed/p0/pedestrian_edges.geojson":"6A77F7722AE6F3EF4674405EAEF2E43019F6C90363063E52BEDF44F388636355","data/processed/p0/pedestrian_nodes.geojson":"547A82AA6CD4B2012EE931D022948B12836236F685129EB745DB9359F417D7D3","data/processed/p0/transit_points_p0.geojson":"D15301D6230B26E93F4BDD46E9839D26E174244E6ACABCB674F1BC9956C9B06E"},"merchant_id":"4572f88b-b8f3-58e3-a610-c654e781fcc9","merchant_name":"BANG JAJA IKAN BAKAR & SEAFOOD","method_config_fingerprint":"A0AE32FCDC33656774E190C42F9BA9483E2684228F7FCDB54B16728D5177BFF0","node_id":"node_0123fa453d03ca6f41d9846e09fc4378a9826c5e86ece986e9fa880bf4ec7e3e","routing_status":"routable","snap_acceptance_status":"accepted","snap_distance_m":6.091966912488841,"threshold_m":50.0},"type":"Feature"},{"geometry":{"coordinates":[112.736595,-7.264249],"type":"Point"},"properties":{"analysis_version":"p0-central-v1","component_id":"cc_000001","entity_type":"merchant","input_lineage":{"data/processed/p0/culinary_poi_p0.geojson":"B472BB9F0E8C18A5A85FAB6783FBA2455FD5A8FECE9BAAE4B23ED42A6AD7A608","data/processed/p0/pedestrian_edges.geojson":"6A77F7722AE6F3EF4674405EAEF2E43019F6C90363063E52BEDF44F388636355","data/processed/p0/pedestrian_nodes.geojson":"547A82AA6CD4B2012EE931D022948B12836236F685129EB745DB9359F417D7D3","data/processed/p0/transit_points_p0.geojson":"D15301D6230B26E93F4BDD46E9839D26E174244E6ACABCB674F1BC9956C9B06E"},"merchant_id":"45b25676-550e-5043-8cb7-3bbee645e81c","merchant_name":"KEBAB TURKI BABA RAFI","method_config_fingerprint":"A0AE32FCDC33656774E190C42F9BA9483E2684228F7FCDB54B16728D5177BFF0","node_id":"node_e8c7acdbe4391b94725450af4cb88ded11890f6a4c472b1279f024ff05e77aad","routing_status":"routable","snap_acceptance_status":"accepted","snap_distance_m":5.368532876201184,"threshold_m":50.0},"type":"Feature"},{"geometry":{"coordinates":[112.7507795,-7.2619299],"type":"Point"},"properties":{"analysis_version":"p0-central-v1","component_id":"cc_000001","entity_type":"merchant","input_lineage":{"data/processed/p0/culinary_poi_p0.geojson":"B472BB9F0E8C18A5A85FAB6783FBA2455FD5A8FECE9BAAE4B23ED42A6AD7A608","data/processed/p0/pedestrian_edges.geojson":"6A77F7722AE6F3EF4674405EAEF2E43019F6C90363063E52BEDF44F388636355","data/processed/p0/pedestrian_nodes.geojson":"547A82AA6CD4B2012EE931D022948B12836236F685129EB745DB9359F417D7D3","data/processed/p0/transit_points_p0.geojson":"D15301D6230B26E93F4BDD46E9839D26E174244E6ACABCB674F1BC9956C9B06E"},"merchant_id":"463e7d1b-ae42-52e6-8543-29e9934bec91","merchant_name":"WENDY'S - GRAND CITY MALL","method_config_fingerprint":"A0AE32FCDC33656774E190C42F9BA9483E2684228F7FCDB54B16728D5177BFF0","node_id":"node_6c2cbe0a063e4bd99d8802232f1aecdf1521fab1729a454c90c1a7d2699d5148","routing_status":"routable","snap_acceptance_status":"accepted","snap_distance_m":47.07829754213223,"threshold_m":50.0},"type":"Feature"},{"geometry":{"coordinates":[112.752617,-7.263747],"type":"Point"},"properties":{"analysis_version":"p0-central-v1","component_id":"cc_000001","entity_type":"merchant","input_lineage":{"data/processed/p0/culinary_poi_p0.geojson":"B472BB9F0E8C18A5A85FAB6783FBA2455FD5A8FECE9BAAE4B23ED42A6AD7A608","data/processed/p0/pedestrian_edges.geojson":"6A77F7722AE6F3EF4674405EAEF2E43019F6C90363063E52BEDF44F388636355","data/processed/p0/pedestrian_nodes.geojson":"547A82AA6CD4B2012EE931D022948B12836236F685129EB745DB9359F417D7D3","data/processed/p0/transit_points_p0.geojson":"D15301D6230B26E93F4BDD46E9839D26E174244E6ACABCB674F1BC9956C9B06E"},"merchant_id":"46644bf0-ea7b-5a6f-b1a3-cba99c9668ef","merchant_name":"GLACIES ALL NATURAL","method_config_fingerprint":"A0AE32FCDC33656774E190C42F9BA9483E2684228F7FCDB54B16728D5177BFF0","node_id":"node_62d920356f4b4c1843fa8d53174099e4160e0bf9f705f04f257f6bfc3fe098db","routing_status":"routable","snap_acceptance_status":"accepted","snap_distance_m":28.981779091137106,"threshold_m":50.0},"type":"Feature"},{"geometry":{"coordinates":[112.73878840000009,-7.271021699999949],"type":"Point"},"properties":{"analysis_version":"p0-central-v1","component_id":"cc_000001","entity_type":"merchant","input_lineage":{"data/processed/p0/culinary_poi_p0.geojson":"B472BB9F0E8C18A5A85FAB6783FBA2455FD5A8FECE9BAAE4B23ED42A6AD7A608","data/processed/p0/pedestrian_edges.geojson":"6A77F7722AE6F3EF4674405EAEF2E43019F6C90363063E52BEDF44F388636355","data/processed/p0/pedestrian_nodes.geojson":"547A82AA6CD4B2012EE931D022948B12836236F685129EB745DB9359F417D7D3","data/processed/p0/transit_points_p0.geojson":"D15301D6230B26E93F4BDD46E9839D26E174244E6ACABCB674F1BC9956C9B06E"},"merchant_id":"466dce4a-c240-5f0d-a382-f9da51217a71","merchant_name":"MIE AYAM SURABAYA KEDAI MIE BONEK","method_config_fingerprint":"A0AE32FCDC33656774E190C42F9BA9483E2684228F7FCDB54B16728D5177BFF0","node_id":"node_8769b8ee96013e1325530f76578d55223a38c1b0a28db2e417909d89ad73d05c","routing_status":"routable","snap_acceptance_status":"accepted","snap_distance_m":28.509010865062997,"threshold_m":50.0},"type":"Feature"},{"geometry":{"coordinates":[112.7450119,-7.2707455],"type":"Point"},"properties":{"analysis_version":"p0-central-v1","component_id":"cc_000001","entity_type":"merchant","input_lineage":{"data/processed/p0/culinary_poi_p0.geojson":"B472BB9F0E8C18A5A85FAB6783FBA2455FD5A8FECE9BAAE4B23ED42A6AD7A608","data/processed/p0/pedestrian_edges.geojson":"6A77F7722AE6F3EF4674405EAEF2E43019F6C90363063E52BEDF44F388636355","data/processed/p0/pedestrian_nodes.geojson":"547A82AA6CD4B2012EE931D022948B12836236F685129EB745DB9359F417D7D3","data/processed/p0/transit_points_p0.geojson":"D15301D6230B26E93F4BDD46E9839D26E174244E6ACABCB674F1BC9956C9B06E"},"merchant_id":"46f052bd-aac7-54b8-bc1b-731d8808e785","merchant_name":"ANGIE'S CAKE BOUTIQUE","method_config_fingerprint":"A0AE32FCDC33656774E190C42F9BA9483E2684228F7FCDB54B16728D5177BFF0","node_id":"node_8ca11f677dc23d925021c1e6e4e7d06475a723799797af4b5a288abf4f8dba95","routing_status":"routable","snap_acceptance_status":"accepted","snap_distance_m":37.56934914720545,"threshold_m":50.0},"type":"Feature"},{"geometry":{"coordinates":[112.7478535,-7.2631305],"type":"Point"},"properties":{"analysis_version":"p0-central-v1","component_id":"cc_000001","entity_type":"merchant","input_lineage":{"data/processed/p0/culinary_poi_p0.geojson":"B472BB9F0E8C18A5A85FAB6783FBA2455FD5A8FECE9BAAE4B23ED42A6AD7A608","data/processed/p0/pedestrian_edges.geojson":"6A77F7722AE6F3EF4674405EAEF2E43019F6C90363063E52BEDF44F388636355","data/processed/p0/pedestrian_nodes.geojson":"547A82AA6CD4B2012EE931D022948B12836236F685129EB745DB9359F417D7D3","data/processed/p0/transit_points_p0.geojson":"D15301D6230B26E93F4BDD46E9839D26E174244E6ACABCB674F1BC9956C9B06E"},"merchant_id":"47981bf5-ef0f-5170-90be-7bbf7c46d11d","merchant_name":"CFC - WTC SURABAYA","method_config_fingerprint":"A0AE32FCDC33656774E190C42F9BA9483E2684228F7FCDB54B16728D5177BFF0","node_id":"node_a3d873dcbf738120d76d3955de863e13760b5b032078e3a4a8238e9d35d0b8cd","routing_status":"routable","snap_acceptance_status":"accepted","snap_distance_m":28.473805107665484,"threshold_m":50.0},"type":"Feature"},{"geometry":{"coordinates":[112.7489293000001,-7.272109399999979],"type":"Point"},"properties":{"analysis_version":"p0-central-v1","component_id":"cc_000035","entity_type":"merchant","input_lineage":{"data/processed/p0/culinary_poi_p0.geojson":"B472BB9F0E8C18A5A85FAB6783FBA2455FD5A8FECE9BAAE4B23ED42A6AD7A608","data/processed/p0/pedestrian_edges.geojson":"6A77F7722AE6F3EF4674405EAEF2E43019F6C90363063E52BEDF44F388636355","data/processed/p0/pedestrian_nodes.geojson":"547A82AA6CD4B2012EE931D022948B12836236F685129EB745DB9359F417D7D3","data/processed/p0/transit_points_p0.geojson":"D15301D6230B26E93F4BDD46E9839D26E174244E6ACABCB674F1BC9956C9B06E"},"merchant_id":"47ac7e41-3dcf-5897-be63-6569271472af","merchant_name":"STARBUCKS GUBENG","method_config_fingerprint":"A0AE32FCDC33656774E190C42F9BA9483E2684228F7FCDB54B16728D5177BFF0","node_id":"node_419fa0fe51e84fa572404ab36dfaa6886b1670b56272d6320d88beb398d7a4fb","routing_status":"disconnected","snap_acceptance_status":"accepted","snap_distance_m":12.112882208600526,"threshold_m":50.0},"type":"Feature"},{"geometry":{"coordinates":[112.74122650000004,-7.263091],"type":"Point"},"properties":{"analysis_version":"p0-central-v1","component_id":"cc_000001","entity_type":"merchant","input_lineage":{"data/processed/p0/culinary_poi_p0.geojson":"B472BB9F0E8C18A5A85FAB6783FBA2455FD5A8FECE9BAAE4B23ED42A6AD7A608","data/processed/p0/pedestrian_edges.geojson":"6A77F7722AE6F3EF4674405EAEF2E43019F6C90363063E52BEDF44F388636355","data/processed/p0/pedestrian_nodes.geojson":"547A82AA6CD4B2012EE931D022948B12836236F685129EB745DB9359F417D7D3","data/processed/p0/transit_points_p0.geojson":"D15301D6230B26E93F4BDD46E9839D26E174244E6ACABCB674F1BC9956C9B06E"},"merchant_id":"48545d75-1c6d-5de9-891b-5110cfcc0e27","merchant_name":"RUANGKATA COFFEE","method_config_fingerprint":"A0AE32FCDC33656774E190C42F9BA9483E2684228F7FCDB54B16728D5177BFF0","node_id":"node_c853cad974119b0361e8bf77438644ceab622353483ac4ac78e983eedbf7b224","routing_status":"routable","snap_acceptance_status":"accepted","snap_distance_m":27.47417631848987,"threshold_m":50.0},"type":"Feature"},{"geometry":{"coordinates":[112.7337513,-7.2552765],"type":"Point"},"properties":{"analysis_version":"p0-central-v1","component_id":"cc_000001","entity_type":"merchant","input_lineage":{"data/processed/p0/culinary_poi_p0.geojson":"B472BB9F0E8C18A5A85FAB6783FBA2455FD5A8FECE9BAAE4B23ED42A6AD7A608","data/processed/p0/pedestrian_edges.geojson":"6A77F7722AE6F3EF4674405EAEF2E43019F6C90363063E52BEDF44F388636355","data/processed/p0/pedestrian_nodes.geojson":"547A82AA6CD4B2012EE931D022948B12836236F685129EB745DB9359F417D7D3","data/processed/p0/transit_points_p0.geojson":"D15301D6230B26E93F4BDD46E9839D26E174244E6ACABCB674F1BC9956C9B06E"},"merchant_id":"49007f83-d378-5d3b-8db3-5775a4a8f6a1","merchant_name":"ROTIBOY","method_config_fingerprint":"A0AE32FCDC33656774E190C42F9BA9483E2684228F7FCDB54B16728D5177BFF0","node_id":"node_0015b72bacbe6ec47295b514a452021ba6e48b4130b4beb5c11a5deece4e3d24","routing_status":"routable","snap_acceptance_status":"accepted","snap_distance_m":26.87880503333873,"threshold_m":50.0},"type":"Feature"},{"geometry":{"coordinates":[112.75450540000008,-7.264547599999958],"type":"Point"},"properties":{"analysis_version":"p0-central-v1","component_id":"cc_000001","entity_type":"merchant","input_lineage":{"data/processed/p0/culinary_poi_p0.geojson":"B472BB9F0E8C18A5A85FAB6783FBA2455FD5A8FECE9BAAE4B23ED42A6AD7A608","data/processed/p0/pedestrian_edges.geojson":"6A77F7722AE6F3EF4674405EAEF2E43019F6C90363063E52BEDF44F388636355","data/processed/p0/pedestrian_nodes.geojson":"547A82AA6CD4B2012EE931D022948B12836236F685129EB745DB9359F417D7D3","data/processed/p0/transit_points_p0.geojson":"D15301D6230B26E93F4BDD46E9839D26E174244E6ACABCB674F1BC9956C9B06E"},"merchant_id":"4a5cbdcf-594a-52dc-972c-1be70dc08926","merchant_name":"MIE GORENG TRADISIONAL KHAS KEDIRI","method_config_fingerprint":"A0AE32FCDC33656774E190C42F9BA9483E2684228F7FCDB54B16728D5177BFF0","node_id":"node_2d652f9c2f12633c024a83fe8d92269d7b636179264fe0a351d4913ab955e032","routing_status":"routable","snap_acceptance_status":"accepted","snap_distance_m":20.276821311081658,"threshold_m":50.0},"type":"Feature"},{"geometry":{"coordinates":[112.7373723,-7.269989],"type":"Point"},"properties":{"analysis_version":"p0-central-v1","component_id":"cc_000001","entity_type":"merchant","input_lineage":{"data/processed/p0/culinary_poi_p0.geojson":"B472BB9F0E8C18A5A85FAB6783FBA2455FD5A8FECE9BAAE4B23ED42A6AD7A608","data/processed/p0/pedestrian_edges.geojson":"6A77F7722AE6F3EF4674405EAEF2E43019F6C90363063E52BEDF44F388636355","data/processed/p0/pedestrian_nodes.geojson":"547A82AA6CD4B2012EE931D022948B12836236F685129EB745DB9359F417D7D3","data/processed/p0/transit_points_p0.geojson":"D15301D6230B26E93F4BDD46E9839D26E174244E6ACABCB674F1BC9956C9B06E"},"merchant_id":"4adcc979-8a8b-546c-a49b-f9573651e3a5","merchant_name":"ROTI IN MAWAR","method_config_fingerprint":"A0AE32FCDC33656774E190C42F9BA9483E2684228F7FCDB54B16728D5177BFF0","node_id":"node_c59c46117041c32b6a5881a99613d6aba3e8a9f24ecdd21013c729af6a0e1b70","routing_status":"routable","snap_acceptance_status":"accepted","snap_distance_m":23.241266563834138,"threshold_m":50.0},"type":"Feature"},{"geometry":{"coordinates":[112.7334387,-7.2691832],"type":"Point"},"properties":{"analysis_version":"p0-central-v1","component_id":"cc_000001","entity_type":"merchant","input_lineage":{"data/processed/p0/culinary_poi_p0.geojson":"B472BB9F0E8C18A5A85FAB6783FBA2455FD5A8FECE9BAAE4B23ED42A6AD7A608","data/processed/p0/pedestrian_edges.geojson":"6A77F7722AE6F3EF4674405EAEF2E43019F6C90363063E52BEDF44F388636355","data/processed/p0/pedestrian_nodes.geojson":"547A82AA6CD4B2012EE931D022948B12836236F685129EB745DB9359F417D7D3","data/processed/p0/transit_points_p0.geojson":"D15301D6230B26E93F4BDD46E9839D26E174244E6ACABCB674F1BC9956C9B06E"},"merchant_id":"4b28b5d3-9876-55f3-8968-32e1701ae321","merchant_name":"LILY ES CREAM","method_config_fingerprint":"A0AE32FCDC33656774E190C42F9BA9483E2684228F7FCDB54B16728D5177BFF0","node_id":"node_6a66a97fc16ab91a2541b252feabee0c1ba4428e86264167c12461fe05f537da","routing_status":"routable","snap_acceptance_status":"accepted","snap_distance_m":13.565806291541367,"threshold_m":50.0},"type":"Feature"},{"geometry":{"coordinates":[112.74986500000011,-7.261568],"type":"Point"},"properties":{"analysis_version":"p0-central-v1","component_id":"cc_000001","entity_type":"merchant","input_lineage":{"data/processed/p0/culinary_poi_p0.geojson":"B472BB9F0E8C18A5A85FAB6783FBA2455FD5A8FECE9BAAE4B23ED42A6AD7A608","data/processed/p0/pedestrian_edges.geojson":"6A77F7722AE6F3EF4674405EAEF2E43019F6C90363063E52BEDF44F388636355","data/processed/p0/pedestrian_nodes.geojson":"547A82AA6CD4B2012EE931D022948B12836236F685129EB745DB9359F417D7D3","data/processed/p0/transit_points_p0.geojson":"D15301D6230B26E93F4BDD46E9839D26E174244E6ACABCB674F1BC9956C9B06E"},"merchant_id":"4b5eb8da-2694-5bbf-9370-751d2ccfc53e","merchant_name":"DONER KEBAB - GRAND CITY MALL SURABAYA","method_config_fingerprint":"A0AE32FCDC33656774E190C42F9BA9483E2684228F7FCDB54B16728D5177BFF0","node_id":"node_c4b9f5ea7c46422a8f76b2527868575069a6f3542b55b4e95021729b871a9319","routing_status":"routable","snap_acceptance_status":"accepted","snap_distance_m":32.02122087186005,"threshold_m":50.0},"type":"Feature"},{"geometry":{"coordinates":[112.75405060000003,-7.260502],"type":"Point"},"properties":{"analysis_version":"p0-central-v1","component_id":"cc_000001","entity_type":"merchant","input_lineage":{"data/processed/p0/culinary_poi_p0.geojson":"B472BB9F0E8C18A5A85FAB6783FBA2455FD5A8FECE9BAAE4B23ED42A6AD7A608","data/processed/p0/pedestrian_edges.geojson":"6A77F7722AE6F3EF4674405EAEF2E43019F6C90363063E52BEDF44F388636355","data/processed/p0/pedestrian_nodes.geojson":"547A82AA6CD4B2012EE931D022948B12836236F685129EB745DB9359F417D7D3","data/processed/p0/transit_points_p0.geojson":"D15301D6230B26E93F4BDD46E9839D26E174244E6ACABCB674F1BC9956C9B06E"},"merchant_id":"4c2e48fc-636e-51cc-b2e2-dac07b475c86","merchant_name":"MIE KLUNTUNG DAN NASI GORENG JAWA MAS JOKO","method_config_fingerprint":"A0AE32FCDC33656774E190C42F9BA9483E2684228F7FCDB54B16728D5177BFF0","node_id":"node_dc505b13235d0d395e616803607df7fe1ec146873a7297a66b48068974f494be","routing_status":"routable","snap_acceptance_status":"accepted","snap_distance_m":7.97947404792762,"threshold_m":50.0},"type":"Feature"},{"geometry":{"coordinates":[112.74189700000011,-7.273837599999979],"type":"Point"},"properties":{"analysis_version":"p0-central-v1","component_id":"cc_000001","entity_type":"merchant","input_lineage":{"data/processed/p0/culinary_poi_p0.geojson":"B472BB9F0E8C18A5A85FAB6783FBA2455FD5A8FECE9BAAE4B23ED42A6AD7A608","data/processed/p0/pedestrian_edges.geojson":"6A77F7722AE6F3EF4674405EAEF2E43019F6C90363063E52BEDF44F388636355","data/processed/p0/pedestrian_nodes.geojson":"547A82AA6CD4B2012EE931D022948B12836236F685129EB745DB9359F417D7D3","data/processed/p0/transit_points_p0.geojson":"D15301D6230B26E93F4BDD46E9839D26E174244E6ACABCB674F1BC9956C9B06E"},"merchant_id":"4d4083e6-bedd-5cca-beff-61310a252604","merchant_name":"MASAKAN PADANG AMPERA LABUHAN RASO","method_config_fingerprint":"A0AE32FCDC33656774E190C42F9BA9483E2684228F7FCDB54B16728D5177BFF0","node_id":"node_0d083c18acb7cccaf3d3ad14a98afb86cbc9ca9021bcf66c441979636f2d0c67","routing_status":"routable","snap_acceptance_status":"accepted","snap_distance_m":8.320404221545234,"threshold_m":50.0},"type":"Feature"},{"geometry":{"coordinates":[112.7499424,-7.266821599999957],"type":"Point"},"properties":{"analysis_version":"p0-central-v1","component_id":"cc_000001","entity_type":"merchant","input_lineage":{"data/processed/p0/culinary_poi_p0.geojson":"B472BB9F0E8C18A5A85FAB6783FBA2455FD5A8FECE9BAAE4B23ED42A6AD7A608","data/processed/p0/pedestrian_edges.geojson":"6A77F7722AE6F3EF4674405EAEF2E43019F6C90363063E52BEDF44F388636355","data/processed/p0/pedestrian_nodes.geojson":"547A82AA6CD4B2012EE931D022948B12836236F685129EB745DB9359F417D7D3","data/processed/p0/transit_points_p0.geojson":"D15301D6230B26E93F4BDD46E9839D26E174244E6ACABCB674F1BC9956C9B06E"},"merchant_id":"4e3d974b-d0db-5038-b564-3bd645718312","merchant_name":"CAFE AND RESTO KAMPOENG BAMBOE","method_config_fingerprint":"A0AE32FCDC33656774E190C42F9BA9483E2684228F7FCDB54B16728D5177BFF0","node_id":"node_8e239d94363a10cd13af5e4120c27c2807b00e5b3dcaabc17ec392b1ebd363dc","routing_status":"routable","snap_acceptance_status":"accepted","snap_distance_m":27.367487114648576,"threshold_m":50.0},"type":"Feature"},{"geometry":{"coordinates":[112.745934,-7.2686159],"type":"Point"},"properties":{"analysis_version":"p0-central-v1","component_id":"cc_000001","entity_type":"merchant","input_lineage":{"data/processed/p0/culinary_poi_p0.geojson":"B472BB9F0E8C18A5A85FAB6783FBA2455FD5A8FECE9BAAE4B23ED42A6AD7A608","data/processed/p0/pedestrian_edges.geojson":"6A77F7722AE6F3EF4674405EAEF2E43019F6C90363063E52BEDF44F388636355","data/processed/p0/pedestrian_nodes.geojson":"547A82AA6CD4B2012EE931D022948B12836236F685129EB745DB9359F417D7D3","data/processed/p0/transit_points_p0.geojson":"D15301D6230B26E93F4BDD46E9839D26E174244E6ACABCB674F1BC9956C9B06E"},"merchant_id":"4ead5089-a5aa-50f4-a58c-5227539c92f5","merchant_name":"NASI GORENG PAK HONO","method_config_fingerprint":"A0AE32FCDC33656774E190C42F9BA9483E2684228F7FCDB54B16728D5177BFF0","node_id":"node_647f47291fc72079f24275cccc07a16ebfeb6210fd202055501a8bb365e91dd1","routing_status":"routable","snap_acceptance_status":"accepted","snap_distance_m":30.55990035021121,"threshold_m":50.0},"type":"Feature"},{"geometry":{"coordinates":[112.750303,-7.259691],"type":"Point"},"properties":{"analysis_version":"p0-central-v1","component_id":"cc_000001","entity_type":"merchant","input_lineage":{"data/processed/p0/culinary_poi_p0.geojson":"B472BB9F0E8C18A5A85FAB6783FBA2455FD5A8FECE9BAAE4B23ED42A6AD7A608","data/processed/p0/pedestrian_edges.geojson":"6A77F7722AE6F3EF4674405EAEF2E43019F6C90363063E52BEDF44F388636355","data/processed/p0/pedestrian_nodes.geojson":"547A82AA6CD4B2012EE931D022948B12836236F685129EB745DB9359F417D7D3","data/processed/p0/transit_points_p0.geojson":"D15301D6230B26E93F4BDD46E9839D26E174244E6ACABCB674F1BC9956C9B06E"},"merchant_id":"50f1fce5-a5b2-56e3-aa15-c49bea83696b","merchant_name":"LILIAN'S","method_config_fingerprint":"A0AE32FCDC33656774E190C42F9BA9483E2684228F7FCDB54B16728D5177BFF0","node_id":"node_c73de36ea6f8df815e8541342a2da35f873dec677f3e578d77e04a1f60d2ba17","routing_status":"routable","snap_acceptance_status":"accepted","snap_distance_m":45.341868773806404,"threshold_m":50.0},"type":"Feature"},{"geometry":{"coordinates":[112.74572610000007,-7.260655499999928],"type":"Point"},"properties":{"analysis_version":"p0-central-v1","component_id":"cc_000001","entity_type":"merchant","input_lineage":{"data/processed/p0/culinary_poi_p0.geojson":"B472BB9F0E8C18A5A85FAB6783FBA2455FD5A8FECE9BAAE4B23ED42A6AD7A608","data/processed/p0/pedestrian_edges.geojson":"6A77F7722AE6F3EF4674405EAEF2E43019F6C90363063E52BEDF44F388636355","data/processed/p0/pedestrian_nodes.geojson":"547A82AA6CD4B2012EE931D022948B12836236F685129EB745DB9359F417D7D3","data/processed/p0/transit_points_p0.geojson":"D15301D6230B26E93F4BDD46E9839D26E174244E6ACABCB674F1BC9956C9B06E"},"merchant_id":"5138c3a6-9a51-5bb4-8ecd-01bc854de6ac","merchant_name":"SARI BUNDO RUMAH MAKAN","method_config_fingerprint":"A0AE32FCDC33656774E190C42F9BA9483E2684228F7FCDB54B16728D5177BFF0","node_id":"node_a3675819188a6e435c6d9254decfe6b43c823f14fa648f1cb9b2209af8c226f4","routing_status":"routable","snap_acceptance_status":"accepted","snap_distance_m":22.02804294766234,"threshold_m":50.0},"type":"Feature"},{"geometry":{"coordinates":[112.742998,-7.2644215],"type":"Point"},"properties":{"analysis_version":"p0-central-v1","component_id":"cc_000001","entity_type":"merchant","input_lineage":{"data/processed/p0/culinary_poi_p0.geojson":"B472BB9F0E8C18A5A85FAB6783FBA2455FD5A8FECE9BAAE4B23ED42A6AD7A608","data/processed/p0/pedestrian_edges.geojson":"6A77F7722AE6F3EF4674405EAEF2E43019F6C90363063E52BEDF44F388636355","data/processed/p0/pedestrian_nodes.geojson":"547A82AA6CD4B2012EE931D022948B12836236F685129EB745DB9359F417D7D3","data/processed/p0/transit_points_p0.geojson":"D15301D6230B26E93F4BDD46E9839D26E174244E6ACABCB674F1BC9956C9B06E"},"merchant_id":"51c688cf-8a07-5538-99f4-b8dd759673c5","merchant_name":"NASI GORENG KRENGSENG CAK TOMY","method_config_fingerprint":"A0AE32FCDC33656774E190C42F9BA9483E2684228F7FCDB54B16728D5177BFF0","node_id":"node_60dab65723f5cd656ae629cd3c6498f03e8e3da283e54487e98bd5daa1285b0c","routing_status":"routable","snap_acceptance_status":"accepted","snap_distance_m":15.126122651329016,"threshold_m":50.0},"type":"Feature"},{"geometry":{"coordinates":[112.7411780000001,-7.267186],"type":"Point"},"properties":{"analysis_version":"p0-central-v1","component_id":"cc_000001","entity_type":"merchant","input_lineage":{"data/processed/p0/culinary_poi_p0.geojson":"B472BB9F0E8C18A5A85FAB6783FBA2455FD5A8FECE9BAAE4B23ED42A6AD7A608","data/processed/p0/pedestrian_edges.geojson":"6A77F7722AE6F3EF4674405EAEF2E43019F6C90363063E52BEDF44F388636355","data/processed/p0/pedestrian_nodes.geojson":"547A82AA6CD4B2012EE931D022948B12836236F685129EB745DB9359F417D7D3","data/processed/p0/transit_points_p0.geojson":"D15301D6230B26E93F4BDD46E9839D26E174244E6ACABCB674F1BC9956C9B06E"},"merchant_id":"51f75ebb-aa1b-5cd7-a930-2a9a9f54c07a","merchant_name":"JAPANESE DONBURI","method_config_fingerprint":"A0AE32FCDC33656774E190C42F9BA9483E2684228F7FCDB54B16728D5177BFF0","node_id":"node_ad6747cd13ffe615779cfd8a9bb7a23dfd19f76a13b08984db6ea9171ef74aaa","routing_status":"routable","snap_acceptance_status":"accepted","snap_distance_m":2.5546099979264407,"threshold_m":50.0},"type":"Feature"},{"geometry":{"coordinates":[112.7436119,-7.2731697],"type":"Point"},"properties":{"analysis_version":"p0-central-v1","component_id":"cc_000001","entity_type":"merchant","input_lineage":{"data/processed/p0/culinary_poi_p0.geojson":"B472BB9F0E8C18A5A85FAB6783FBA2455FD5A8FECE9BAAE4B23ED42A6AD7A608","data/processed/p0/pedestrian_edges.geojson":"6A77F7722AE6F3EF4674405EAEF2E43019F6C90363063E52BEDF44F388636355","data/processed/p0/pedestrian_nodes.geojson":"547A82AA6CD4B2012EE931D022948B12836236F685129EB745DB9359F417D7D3","data/processed/p0/transit_points_p0.geojson":"D15301D6230B26E93F4BDD46E9839D26E174244E6ACABCB674F1BC9956C9B06E"},"merchant_id":"52a9e27c-4003-567e-abe4-5dc2f853d761","merchant_name":"TURIN ICE CREAM 1971","method_config_fingerprint":"A0AE32FCDC33656774E190C42F9BA9483E2684228F7FCDB54B16728D5177BFF0","node_id":"node_7f611e5b1953b9d10632920e22bcfee4abe2e4d4d9d816ace3c6ad28226e468a","routing_status":"routable","snap_acceptance_status":"accepted","snap_distance_m":34.33971713793457,"threshold_m":50.0},"type":"Feature"},{"geometry":{"coordinates":[112.7403061,-7.2635643],"type":"Point"},"properties":{"analysis_version":"p0-central-v1","component_id":"cc_000001","entity_type":"merchant","input_lineage":{"data/processed/p0/culinary_poi_p0.geojson":"B472BB9F0E8C18A5A85FAB6783FBA2455FD5A8FECE9BAAE4B23ED42A6AD7A608","data/processed/p0/pedestrian_edges.geojson":"6A77F7722AE6F3EF4674405EAEF2E43019F6C90363063E52BEDF44F388636355","data/processed/p0/pedestrian_nodes.geojson":"547A82AA6CD4B2012EE931D022948B12836236F685129EB745DB9359F417D7D3","data/processed/p0/transit_points_p0.geojson":"D15301D6230B26E93F4BDD46E9839D26E174244E6ACABCB674F1BC9956C9B06E"},"merchant_id":"53eccf82-cd1b-5895-a602-aae301ad3d18","merchant_name":"ROTIBOY TUNJUNGAN PLAZA","method_config_fingerprint":"A0AE32FCDC33656774E190C42F9BA9483E2684228F7FCDB54B16728D5177BFF0","node_id":"node_858c38ef8a977a43181c95f78b57b1da5e72957743bb716a19a7cf2ffd9b3654","routing_status":"routable","snap_acceptance_status":"accepted","snap_distance_m":43.81686235361863,"threshold_m":50.0},"type":"Feature"},{"geometry":{"coordinates":[112.74803280000003,-7.27360049999993],"type":"Point"},"properties":{"analysis_version":"p0-central-v1","component_id":"cc_000001","entity_type":"merchant","input_lineage":{"data/processed/p0/culinary_poi_p0.geojson":"B472BB9F0E8C18A5A85FAB6783FBA2455FD5A8FECE9BAAE4B23ED42A6AD7A608","data/processed/p0/pedestrian_edges.geojson":"6A77F7722AE6F3EF4674405EAEF2E43019F6C90363063E52BEDF44F388636355","data/processed/p0/pedestrian_nodes.geojson":"547A82AA6CD4B2012EE931D022948B12836236F685129EB745DB9359F417D7D3","data/processed/p0/transit_points_p0.geojson":"D15301D6230B26E93F4BDD46E9839D26E174244E6ACABCB674F1BC9956C9B06E"},"merchant_id":"54a825aa-2e5a-5d2d-a33a-1987def8644b","merchant_name":"HAPPYNESTS CAFE","method_config_fingerprint":"A0AE32FCDC33656774E190C42F9BA9483E2684228F7FCDB54B16728D5177BFF0","node_id":"node_a41b85a9ebf9ac443a7f50efb30e15a4ea5c47e044c0a0bb5e54e246fece9c19","routing_status":"routable","snap_acceptance_status":"accepted","snap_distance_m":34.72883684594863,"threshold_m":50.0},"type":"Feature"},{"geometry":{"coordinates":[112.73935560000007,-7.260369699999956],"type":"Point"},"properties":{"analysis_version":"p0-central-v1","component_id":"cc_000001","entity_type":"merchant","input_lineage":{"data/processed/p0/culinary_poi_p0.geojson":"B472BB9F0E8C18A5A85FAB6783FBA2455FD5A8FECE9BAAE4B23ED42A6AD7A608","data/processed/p0/pedestrian_edges.geojson":"6A77F7722AE6F3EF4674405EAEF2E43019F6C90363063E52BEDF44F388636355","data/processed/p0/pedestrian_nodes.geojson":"547A82AA6CD4B2012EE931D022948B12836236F685129EB745DB9359F417D7D3","data/processed/p0/transit_points_p0.geojson":"D15301D6230B26E93F4BDD46E9839D26E174244E6ACABCB674F1BC9956C9B06E"},"merchant_id":"56b8addc-288e-5d1c-a6ce-0f1866d13323","merchant_name":"BURGBOL - TUNJUNGAN","method_config_fingerprint":"A0AE32FCDC33656774E190C42F9BA9483E2684228F7FCDB54B16728D5177BFF0","node_id":"node_29959d10c8fd4cc271261f4a401aec505672a4271afb2e6b47d45c3dfab98054","routing_status":"routable","snap_acceptance_status":"accepted","snap_distance_m":46.505384496227094,"threshold_m":50.0},"type":"Feature"},{"geometry":{"coordinates":[112.74249910000003,-7.265239199999942],"type":"Point"},"properties":{"analysis_version":"p0-central-v1","component_id":"cc_000001","entity_type":"merchant","input_lineage":{"data/processed/p0/culinary_poi_p0.geojson":"B472BB9F0E8C18A5A85FAB6783FBA2455FD5A8FECE9BAAE4B23ED42A6AD7A608","data/processed/p0/pedestrian_edges.geojson":"6A77F7722AE6F3EF4674405EAEF2E43019F6C90363063E52BEDF44F388636355","data/processed/p0/pedestrian_nodes.geojson":"547A82AA6CD4B2012EE931D022948B12836236F685129EB745DB9359F417D7D3","data/processed/p0/transit_points_p0.geojson":"D15301D6230B26E93F4BDD46E9839D26E174244E6ACABCB674F1BC9956C9B06E"},"merchant_id":"573708c6-81c3-57f7-b2d7-3a2bf99cd48d","merchant_name":"OTEWEKOPI","method_config_fingerprint":"A0AE32FCDC33656774E190C42F9BA9483E2684228F7FCDB54B16728D5177BFF0","node_id":"node_a2f7fd0e85c71b3af493467a5e55554e541c5e78254766d92b774daba29cd5ab","routing_status":"routable","snap_acceptance_status":"accepted","snap_distance_m":9.184657804730202,"threshold_m":50.0},"type":"Feature"},{"geometry":{"coordinates":[112.75063,-7.2619163],"type":"Point"},"properties":{"analysis_version":"p0-central-v1","component_id":"cc_000001","entity_type":"merchant","input_lineage":{"data/processed/p0/culinary_poi_p0.geojson":"B472BB9F0E8C18A5A85FAB6783FBA2455FD5A8FECE9BAAE4B23ED42A6AD7A608","data/processed/p0/pedestrian_edges.geojson":"6A77F7722AE6F3EF4674405EAEF2E43019F6C90363063E52BEDF44F388636355","data/processed/p0/pedestrian_nodes.geojson":"547A82AA6CD4B2012EE931D022948B12836236F685129EB745DB9359F417D7D3","data/processed/p0/transit_points_p0.geojson":"D15301D6230B26E93F4BDD46E9839D26E174244E6ACABCB674F1BC9956C9B06E"},"merchant_id":"576cb1e2-c960-5665-98c2-4654c3bc3745","merchant_name":"TOKIO STREET - GRAND CITY MALL SURABAYA","method_config_fingerprint":"A0AE32FCDC33656774E190C42F9BA9483E2684228F7FCDB54B16728D5177BFF0","node_id":"node_afed131883d6030c2d7a50ac0f631addd32dbb546eacd1914affec9e6921441a","routing_status":"routable","snap_acceptance_status":"accepted","snap_distance_m":46.17315332029868,"threshold_m":50.0},"type":"Feature"},{"geometry":{"coordinates":[112.7500359,-7.261917],"type":"Point"},"properties":{"analysis_version":"p0-central-v1","component_id":"cc_000001","entity_type":"merchant","input_lineage":{"data/processed/p0/culinary_poi_p0.geojson":"B472BB9F0E8C18A5A85FAB6783FBA2455FD5A8FECE9BAAE4B23ED42A6AD7A608","data/processed/p0/pedestrian_edges.geojson":"6A77F7722AE6F3EF4674405EAEF2E43019F6C90363063E52BEDF44F388636355","data/processed/p0/pedestrian_nodes.geojson":"547A82AA6CD4B2012EE931D022948B12836236F685129EB745DB9359F417D7D3","data/processed/p0/transit_points_p0.geojson":"D15301D6230B26E93F4BDD46E9839D26E174244E6ACABCB674F1BC9956C9B06E"},"merchant_id":"5797cd13-6421-5f05-b862-64f3884be63f","merchant_name":"CHACHAGO GRAND CITY MALL SURABAYA","method_config_fingerprint":"A0AE32FCDC33656774E190C42F9BA9483E2684228F7FCDB54B16728D5177BFF0","node_id":"node_5ebc1e9ccb84427fcd7d4396a309272df25e9e043adc1e0302b54771f61c7378","routing_status":"routable","snap_acceptance_status":"accepted","snap_distance_m":22.192996657225954,"threshold_m":50.0},"type":"Feature"},{"geometry":{"coordinates":[112.73924016178297,-7.263366230434482],"type":"Point"},"properties":{"analysis_version":"p0-central-v1","component_id":"cc_000001","entity_type":"merchant","input_lineage":{"data/processed/p0/culinary_poi_p0.geojson":"B472BB9F0E8C18A5A85FAB6783FBA2455FD5A8FECE9BAAE4B23ED42A6AD7A608","data/processed/p0/pedestrian_edges.geojson":"6A77F7722AE6F3EF4674405EAEF2E43019F6C90363063E52BEDF44F388636355","data/processed/p0/pedestrian_nodes.geojson":"547A82AA6CD4B2012EE931D022948B12836236F685129EB745DB9359F417D7D3","data/processed/p0/transit_points_p0.geojson":"D15301D6230B26E93F4BDD46E9839D26E174244E6ACABCB674F1BC9956C9B06E"},"merchant_id":"584deac3-a693-598b-bc52-3e647d2d483b","merchant_name":"ROTIBOY BAKESHOPPE","method_config_fingerprint":"A0AE32FCDC33656774E190C42F9BA9483E2684228F7FCDB54B16728D5177BFF0","node_id":"node_58d533e1c37868f4e92c8d9588d0dd2f7e186bb71079a5a1f12d2356e6ffc2a2","routing_status":"routable","snap_acceptance_status":"accepted","snap_distance_m":22.12574347232703,"threshold_m":50.0},"type":"Feature"},{"geometry":{"coordinates":[112.7330883,-7.2547722],"type":"Point"},"properties":{"analysis_version":"p0-central-v1","component_id":"cc_000001","entity_type":"merchant","input_lineage":{"data/processed/p0/culinary_poi_p0.geojson":"B472BB9F0E8C18A5A85FAB6783FBA2455FD5A8FECE9BAAE4B23ED42A6AD7A608","data/processed/p0/pedestrian_edges.geojson":"6A77F7722AE6F3EF4674405EAEF2E43019F6C90363063E52BEDF44F388636355","data/processed/p0/pedestrian_nodes.geojson":"547A82AA6CD4B2012EE931D022948B12836236F685129EB745DB9359F417D7D3","data/processed/p0/transit_points_p0.geojson":"D15301D6230B26E93F4BDD46E9839D26E174244E6ACABCB674F1BC9956C9B06E"},"merchant_id":"58ffcf21-354a-53ec-beb7-6c7edd2a981b","merchant_name":"KAMPOENG TIMBEL","method_config_fingerprint":"A0AE32FCDC33656774E190C42F9BA9483E2684228F7FCDB54B16728D5177BFF0","node_id":"node_5958bab07507105ed4ffcf6b6485f3587d14d323cd9bb083b6d88a00ff87feea","routing_status":"routable","snap_acceptance_status":"accepted","snap_distance_m":10.456428769271126,"threshold_m":50.0},"type":"Feature"},{"geometry":{"coordinates":[112.75027180000006,-7.262180399999977],"type":"Point"},"properties":{"analysis_version":"p0-central-v1","component_id":"cc_000001","entity_type":"merchant","input_lineage":{"data/processed/p0/culinary_poi_p0.geojson":"B472BB9F0E8C18A5A85FAB6783FBA2455FD5A8FECE9BAAE4B23ED42A6AD7A608","data/processed/p0/pedestrian_edges.geojson":"6A77F7722AE6F3EF4674405EAEF2E43019F6C90363063E52BEDF44F388636355","data/processed/p0/pedestrian_nodes.geojson":"547A82AA6CD4B2012EE931D022948B12836236F685129EB745DB9359F417D7D3","data/processed/p0/transit_points_p0.geojson":"D15301D6230B26E93F4BDD46E9839D26E174244E6ACABCB674F1BC9956C9B06E"},"merchant_id":"5b2450ff-37d3-56e8-bb9d-38b6378e4f89","merchant_name":"MAGAL KOREAN BBQ GRAND CITY MALL","method_config_fingerprint":"A0AE32FCDC33656774E190C42F9BA9483E2684228F7FCDB54B16728D5177BFF0","node_id":"node_e7b009dabe6d37ee6ac9e931ad5ba79ead90132a676e48ac68b3bf5a5af8c9a2","routing_status":"routable","snap_acceptance_status":"accepted","snap_distance_m":11.213356995402494,"threshold_m":50.0},"type":"Feature"},{"geometry":{"coordinates":[112.74054790000002,-7.257714799999972],"type":"Point"},"properties":{"analysis_version":"p0-central-v1","component_id":"cc_000001","entity_type":"merchant","input_lineage":{"data/processed/p0/culinary_poi_p0.geojson":"B472BB9F0E8C18A5A85FAB6783FBA2455FD5A8FECE9BAAE4B23ED42A6AD7A608","data/processed/p0/pedestrian_edges.geojson":"6A77F7722AE6F3EF4674405EAEF2E43019F6C90363063E52BEDF44F388636355","data/processed/p0/pedestrian_nodes.geojson":"547A82AA6CD4B2012EE931D022948B12836236F685129EB745DB9359F417D7D3","data/processed/p0/transit_points_p0.geojson":"D15301D6230B26E93F4BDD46E9839D26E174244E6ACABCB674F1BC9956C9B06E"},"merchant_id":"5b7e5cbf-e071-5271-b7b0-d46d89d1326e","merchant_name":"RUJAK CINGUR DAN SOP BUNTUT GENTENG DURASIM","method_config_fingerprint":"A0AE32FCDC33656774E190C42F9BA9483E2684228F7FCDB54B16728D5177BFF0","node_id":"node_dcc07ed0abf2705f0b0757b7d10b6e01fe24a6b8dc9046a6e448f7190ae12164","routing_status":"routable","snap_acceptance_status":"accepted","snap_distance_m":3.238935540853525,"threshold_m":50.0},"type":"Feature"},{"geometry":{"coordinates":[112.75013440000009,-7.259101299999941],"type":"Point"},"properties":{"analysis_version":"p0-central-v1","component_id":"cc_000001","entity_type":"merchant","input_lineage":{"data/processed/p0/culinary_poi_p0.geojson":"B472BB9F0E8C18A5A85FAB6783FBA2455FD5A8FECE9BAAE4B23ED42A6AD7A608","data/processed/p0/pedestrian_edges.geojson":"6A77F7722AE6F3EF4674405EAEF2E43019F6C90363063E52BEDF44F388636355","data/processed/p0/pedestrian_nodes.geojson":"547A82AA6CD4B2012EE931D022948B12836236F685129EB745DB9359F417D7D3","data/processed/p0/transit_points_p0.geojson":"D15301D6230B26E93F4BDD46E9839D26E174244E6ACABCB674F1BC9956C9B06E"},"merchant_id":"5dadfec5-8c4c-5b2c-8a7b-c6112daa8ba6","merchant_name":"DUDUK TENANG KOPI","method_config_fingerprint":"A0AE32FCDC33656774E190C42F9BA9483E2684228F7FCDB54B16728D5177BFF0","node_id":"node_9792ea2d8fec80fd0f74657478164b6e683a2163f866bc9e86b68c02a93346dd","routing_status":"routable","snap_acceptance_status":"accepted","snap_distance_m":28.037625006921925,"threshold_m":50.0},"type":"Feature"},{"geometry":{"coordinates":[112.74877970000011,-7.258356],"type":"Point"},"properties":{"analysis_version":"p0-central-v1","component_id":"cc_000001","entity_type":"merchant","input_lineage":{"data/processed/p0/culinary_poi_p0.geojson":"B472BB9F0E8C18A5A85FAB6783FBA2455FD5A8FECE9BAAE4B23ED42A6AD7A608","data/processed/p0/pedestrian_edges.geojson":"6A77F7722AE6F3EF4674405EAEF2E43019F6C90363063E52BEDF44F388636355","data/processed/p0/pedestrian_nodes.geojson":"547A82AA6CD4B2012EE931D022948B12836236F685129EB745DB9359F417D7D3","data/processed/p0/transit_points_p0.geojson":"D15301D6230B26E93F4BDD46E9839D26E174244E6ACABCB674F1BC9956C9B06E"},"merchant_id":"5df78bd2-b18c-595e-9a2b-cedc61c41168","merchant_name":"NARCOS COFFEE","method_config_fingerprint":"A0AE32FCDC33656774E190C42F9BA9483E2684228F7FCDB54B16728D5177BFF0","node_id":"node_2dba9bb1b7156bf35ff4150d51e884d350a8c74caf00df338fff1db603754afa","routing_status":"routable","snap_acceptance_status":"accepted","snap_distance_m":37.583841250037786,"threshold_m":50.0},"type":"Feature"},{"geometry":{"coordinates":[112.74853080000003,-7.263781],"type":"Point"},"properties":{"analysis_version":"p0-central-v1","component_id":"cc_000001","entity_type":"merchant","input_lineage":{"data/processed/p0/culinary_poi_p0.geojson":"B472BB9F0E8C18A5A85FAB6783FBA2455FD5A8FECE9BAAE4B23ED42A6AD7A608","data/processed/p0/pedestrian_edges.geojson":"6A77F7722AE6F3EF4674405EAEF2E43019F6C90363063E52BEDF44F388636355","data/processed/p0/pedestrian_nodes.geojson":"547A82AA6CD4B2012EE931D022948B12836236F685129EB745DB9359F417D7D3","data/processed/p0/transit_points_p0.geojson":"D15301D6230B26E93F4BDD46E9839D26E174244E6ACABCB674F1BC9956C9B06E"},"merchant_id":"5e99654d-7746-5ea2-af8a-b28875e05599","merchant_name":"CAFE TAMAN","method_config_fingerprint":"A0AE32FCDC33656774E190C42F9BA9483E2684228F7FCDB54B16728D5177BFF0","node_id":"node_a96c0b6816a32a3c12c27552fcd188d71b883608cf159111c4ec02d4eb953ee9","routing_status":"routable","snap_acceptance_status":"accepted","snap_distance_m":30.14577629181993,"threshold_m":50.0},"type":"Feature"},{"geometry":{"coordinates":[112.7463643,-7.2696531],"type":"Point"},"properties":{"analysis_version":"p0-central-v1","component_id":"cc_000001","entity_type":"merchant","input_lineage":{"data/processed/p0/culinary_poi_p0.geojson":"B472BB9F0E8C18A5A85FAB6783FBA2455FD5A8FECE9BAAE4B23ED42A6AD7A608","data/processed/p0/pedestrian_edges.geojson":"6A77F7722AE6F3EF4674405EAEF2E43019F6C90363063E52BEDF44F388636355","data/processed/p0/pedestrian_nodes.geojson":"547A82AA6CD4B2012EE931D022948B12836236F685129EB745DB9359F417D7D3","data/processed/p0/transit_points_p0.geojson":"D15301D6230B26E93F4BDD46E9839D26E174244E6ACABCB674F1BC9956C9B06E"},"merchant_id":"5f4dbe40-3d07-5a7d-9871-81f589b10a54","merchant_name":"SEAFOOD MAMAK","method_config_fingerprint":"A0AE32FCDC33656774E190C42F9BA9483E2684228F7FCDB54B16728D5177BFF0","node_id":"node_dbbf974e463e4458e14ce8bcf09c622c5263bdfcb86122f9d73a4c69825d9c87","routing_status":"routable","snap_acceptance_status":"accepted","snap_distance_m":14.760746394399689,"threshold_m":50.0},"type":"Feature"},{"geometry":{"coordinates":[112.7496109,-7.271027],"type":"Point"},"properties":{"analysis_version":"p0-central-v1","component_id":"cc_000001","entity_type":"merchant","input_lineage":{"data/processed/p0/culinary_poi_p0.geojson":"B472BB9F0E8C18A5A85FAB6783FBA2455FD5A8FECE9BAAE4B23ED42A6AD7A608","data/processed/p0/pedestrian_edges.geojson":"6A77F7722AE6F3EF4674405EAEF2E43019F6C90363063E52BEDF44F388636355","data/processed/p0/pedestrian_nodes.geojson":"547A82AA6CD4B2012EE931D022948B12836236F685129EB745DB9359F417D7D3","data/processed/p0/transit_points_p0.geojson":"D15301D6230B26E93F4BDD46E9839D26E174244E6ACABCB674F1BC9956C9B06E"},"merchant_id":"60801e16-ab74-5eee-bada-2c1be84f3022","merchant_name":"WELZEN BREAD","method_config_fingerprint":"A0AE32FCDC33656774E190C42F9BA9483E2684228F7FCDB54B16728D5177BFF0","node_id":"node_f0ddef8186555beede596763e4a831da5b4212848460d777118dd0a9be15beae","routing_status":"routable","snap_acceptance_status":"accepted","snap_distance_m":20.54141010500594,"threshold_m":50.0},"type":"Feature"},{"geometry":{"coordinates":[112.75063000000011,-7.261916299999939],"type":"Point"},"properties":{"analysis_version":"p0-central-v1","component_id":"cc_000001","entity_type":"merchant","input_lineage":{"data/processed/p0/culinary_poi_p0.geojson":"B472BB9F0E8C18A5A85FAB6783FBA2455FD5A8FECE9BAAE4B23ED42A6AD7A608","data/processed/p0/pedestrian_edges.geojson":"6A77F7722AE6F3EF4674405EAEF2E43019F6C90363063E52BEDF44F388636355","data/processed/p0/pedestrian_nodes.geojson":"547A82AA6CD4B2012EE931D022948B12836236F685129EB745DB9359F417D7D3","data/processed/p0/transit_points_p0.geojson":"D15301D6230B26E93F4BDD46E9839D26E174244E6ACABCB674F1BC9956C9B06E"},"merchant_id":"609d753b-8504-5aed-93b2-d4e78b360411","merchant_name":"EDAMAME JAPANESE RESTAURANT - GRAND CITY MALL SURABAYA","method_config_fingerprint":"A0AE32FCDC33656774E190C42F9BA9483E2684228F7FCDB54B16728D5177BFF0","node_id":"node_afed131883d6030c2d7a50ac0f631addd32dbb546eacd1914affec9e6921441a","routing_status":"routable","snap_acceptance_status":"accepted","snap_distance_m":46.17315333174723,"threshold_m":50.0},"type":"Feature"},{"geometry":{"coordinates":[112.7545339,-7.2580502],"type":"Point"},"properties":{"analysis_version":"p0-central-v1","component_id":"cc_000001","entity_type":"merchant","input_lineage":{"data/processed/p0/culinary_poi_p0.geojson":"B472BB9F0E8C18A5A85FAB6783FBA2455FD5A8FECE9BAAE4B23ED42A6AD7A608","data/processed/p0/pedestrian_edges.geojson":"6A77F7722AE6F3EF4674405EAEF2E43019F6C90363063E52BEDF44F388636355","data/processed/p0/pedestrian_nodes.geojson":"547A82AA6CD4B2012EE931D022948B12836236F685129EB745DB9359F417D7D3","data/processed/p0/transit_points_p0.geojson":"D15301D6230B26E93F4BDD46E9839D26E174244E6ACABCB674F1BC9956C9B06E"},"merchant_id":"60c0f7fe-3771-557e-bce5-e6b92ea45c17","merchant_name":"MIXUE ICE CREAM & TEA - TAMBAKSARI","method_config_fingerprint":"A0AE32FCDC33656774E190C42F9BA9483E2684228F7FCDB54B16728D5177BFF0","node_id":"node_2f329a6d92a450eba4df2b71933248015a8ed15059ca22200cdb6cd98fcb32ba","routing_status":"routable","snap_acceptance_status":"accepted","snap_distance_m":12.315727460435957,"threshold_m":50.0},"type":"Feature"},{"geometry":{"coordinates":[112.749026,-7.265307],"type":"Point"},"properties":{"analysis_version":"p0-central-v1","component_id":"cc_000001","entity_type":"merchant","input_lineage":{"data/processed/p0/culinary_poi_p0.geojson":"B472BB9F0E8C18A5A85FAB6783FBA2455FD5A8FECE9BAAE4B23ED42A6AD7A608","data/processed/p0/pedestrian_edges.geojson":"6A77F7722AE6F3EF4674405EAEF2E43019F6C90363063E52BEDF44F388636355","data/processed/p0/pedestrian_nodes.geojson":"547A82AA6CD4B2012EE931D022948B12836236F685129EB745DB9359F417D7D3","data/processed/p0/transit_points_p0.geojson":"D15301D6230B26E93F4BDD46E9839D26E174244E6ACABCB674F1BC9956C9B06E"},"merchant_id":"618d2800-3eb6-5a33-ab62-b4df36713ef6","merchant_name":"BREADTALK","method_config_fingerprint":"A0AE32FCDC33656774E190C42F9BA9483E2684228F7FCDB54B16728D5177BFF0","node_id":"node_c8bba3ab8c20f5845e0ddb5dad95c7da2571be034cbbd20b303a4de414869ef3","routing_status":"routable","snap_acceptance_status":"accepted","snap_distance_m":26.03817314564694,"threshold_m":50.0},"type":"Feature"},{"geometry":{"coordinates":[112.7417896,-7.2653926],"type":"Point"},"properties":{"analysis_version":"p0-central-v1","component_id":"cc_000001","entity_type":"merchant","input_lineage":{"data/processed/p0/culinary_poi_p0.geojson":"B472BB9F0E8C18A5A85FAB6783FBA2455FD5A8FECE9BAAE4B23ED42A6AD7A608","data/processed/p0/pedestrian_edges.geojson":"6A77F7722AE6F3EF4674405EAEF2E43019F6C90363063E52BEDF44F388636355","data/processed/p0/pedestrian_nodes.geojson":"547A82AA6CD4B2012EE931D022948B12836236F685129EB745DB9359F417D7D3","data/processed/p0/transit_points_p0.geojson":"D15301D6230B26E93F4BDD46E9839D26E174244E6ACABCB674F1BC9956C9B06E"},"merchant_id":"61ec1d70-6a5d-54db-913a-048fda603634","merchant_name":"NASI GORENG IWAK CAK SAN","method_config_fingerprint":"A0AE32FCDC33656774E190C42F9BA9483E2684228F7FCDB54B16728D5177BFF0","node_id":"node_22a90ac7463457635f0f50ee306da75396922d4005029c9542dc23abf4ddbfab","routing_status":"routable","snap_acceptance_status":"accepted","snap_distance_m":24.3306587868643,"threshold_m":50.0},"type":"Feature"},{"geometry":{"coordinates":[112.7430083,-7.2645381],"type":"Point"},"properties":{"analysis_version":"p0-central-v1","component_id":"cc_000001","entity_type":"merchant","input_lineage":{"data/processed/p0/culinary_poi_p0.geojson":"B472BB9F0E8C18A5A85FAB6783FBA2455FD5A8FECE9BAAE4B23ED42A6AD7A608","data/processed/p0/pedestrian_edges.geojson":"6A77F7722AE6F3EF4674405EAEF2E43019F6C90363063E52BEDF44F388636355","data/processed/p0/pedestrian_nodes.geojson":"547A82AA6CD4B2012EE931D022948B12836236F685129EB745DB9359F417D7D3","data/processed/p0/transit_points_p0.geojson":"D15301D6230B26E93F4BDD46E9839D26E174244E6ACABCB674F1BC9956C9B06E"},"merchant_id":"623a13ca-a2f7-5824-83bb-7c63ee6ef0b1","merchant_name":"NASI GORENG TA","method_config_fingerprint":"A0AE32FCDC33656774E190C42F9BA9483E2684228F7FCDB54B16728D5177BFF0","node_id":"node_740b1f896cb2341eb71201dfbbeb866a4814c0e2c14e87d8fd90a6852164158d","routing_status":"routable","snap_acceptance_status":"accepted","snap_distance_m":17.90971711801075,"threshold_m":50.0},"type":"Feature"},{"geometry":{"coordinates":[112.72883120000007,-7.257115],"type":"Point"},"properties":{"analysis_version":"p0-central-v1","component_id":"cc_000001","entity_type":"merchant","input_lineage":{"data/processed/p0/culinary_poi_p0.geojson":"B472BB9F0E8C18A5A85FAB6783FBA2455FD5A8FECE9BAAE4B23ED42A6AD7A608","data/processed/p0/pedestrian_edges.geojson":"6A77F7722AE6F3EF4674405EAEF2E43019F6C90363063E52BEDF44F388636355","data/processed/p0/pedestrian_nodes.geojson":"547A82AA6CD4B2012EE931D022948B12836236F685129EB745DB9359F417D7D3","data/processed/p0/transit_points_p0.geojson":"D15301D6230B26E93F4BDD46E9839D26E174244E6ACABCB674F1BC9956C9B06E"},"merchant_id":"63d3d1c3-c7e5-57b8-8f77-9199ae876c57","merchant_name":"TERANG BULAN VOLCANO","method_config_fingerprint":"A0AE32FCDC33656774E190C42F9BA9483E2684228F7FCDB54B16728D5177BFF0","node_id":"node_3002f9b7137db8217b138d679d35f1b4b185d6c1b744f4441acd9b39fc5eebff","routing_status":"routable","snap_acceptance_status":"accepted","snap_distance_m":16.72926649364625,"threshold_m":50.0},"type":"Feature"},{"geometry":{"coordinates":[112.7405406,-7.2584792],"type":"Point"},"properties":{"analysis_version":"p0-central-v1","component_id":"cc_000001","entity_type":"merchant","input_lineage":{"data/processed/p0/culinary_poi_p0.geojson":"B472BB9F0E8C18A5A85FAB6783FBA2455FD5A8FECE9BAAE4B23ED42A6AD7A608","data/processed/p0/pedestrian_edges.geojson":"6A77F7722AE6F3EF4674405EAEF2E43019F6C90363063E52BEDF44F388636355","data/processed/p0/pedestrian_nodes.geojson":"547A82AA6CD4B2012EE931D022948B12836236F685129EB745DB9359F417D7D3","data/processed/p0/transit_points_p0.geojson":"D15301D6230B26E93F4BDD46E9839D26E174244E6ACABCB674F1BC9956C9B06E"},"merchant_id":"63ec8b92-9fb0-5b2e-aef4-fc2395038598","merchant_name":"LAPIS LEGIT SPECIAL SUKA RASA","method_config_fingerprint":"A0AE32FCDC33656774E190C42F9BA9483E2684228F7FCDB54B16728D5177BFF0","node_id":"node_b62d10b5d3e1b40ab3615ebc57cc99bbb8063c8c415110c88442ec6147a1e0ba","routing_status":"routable","snap_acceptance_status":"accepted","snap_distance_m":31.136289218576685,"threshold_m":50.0},"type":"Feature"},{"geometry":{"coordinates":[112.750552,-7.258363],"type":"Point"},"properties":{"analysis_version":"p0-central-v1","component_id":"cc_000001","entity_type":"merchant","input_lineage":{"data/processed/p0/culinary_poi_p0.geojson":"B472BB9F0E8C18A5A85FAB6783FBA2455FD5A8FECE9BAAE4B23ED42A6AD7A608","data/processed/p0/pedestrian_edges.geojson":"6A77F7722AE6F3EF4674405EAEF2E43019F6C90363063E52BEDF44F388636355","data/processed/p0/pedestrian_nodes.geojson":"547A82AA6CD4B2012EE931D022948B12836236F685129EB745DB9359F417D7D3","data/processed/p0/transit_points_p0.geojson":"D15301D6230B26E93F4BDD46E9839D26E174244E6ACABCB674F1BC9956C9B06E"},"merchant_id":"6440e35d-d4ed-5846-a152-04f34d4d450e","merchant_name":"BE WAFFLE","method_config_fingerprint":"A0AE32FCDC33656774E190C42F9BA9483E2684228F7FCDB54B16728D5177BFF0","node_id":"node_2ce96b3df6fe7cecdbc5507d6949679d5b2e5a332b8527bc7ddca83f5bcd7c2e","routing_status":"routable","snap_acceptance_status":"accepted","snap_distance_m":45.39287702541059,"threshold_m":50.0},"type":"Feature"},{"geometry":{"coordinates":[112.73868020000009,-7.258730599999986],"type":"Point"},"properties":{"analysis_version":"p0-central-v1","component_id":"cc_000001","entity_type":"merchant","input_lineage":{"data/processed/p0/culinary_poi_p0.geojson":"B472BB9F0E8C18A5A85FAB6783FBA2455FD5A8FECE9BAAE4B23ED42A6AD7A608","data/processed/p0/pedestrian_edges.geojson":"6A77F7722AE6F3EF4674405EAEF2E43019F6C90363063E52BEDF44F388636355","data/processed/p0/pedestrian_nodes.geojson":"547A82AA6CD4B2012EE931D022948B12836236F685129EB745DB9359F417D7D3","data/processed/p0/transit_points_p0.geojson":"D15301D6230B26E93F4BDD46E9839D26E174244E6ACABCB674F1BC9956C9B06E"},"merchant_id":"667a3362-bf47-57f8-a623-bebe42e3f033","merchant_name":"LOCAHANDS","method_config_fingerprint":"A0AE32FCDC33656774E190C42F9BA9483E2684228F7FCDB54B16728D5177BFF0","node_id":"node_1a560856bdc34d7692c05dd6ab51faacac83ce2cade350eb56f01bb716d00c52","routing_status":"routable","snap_acceptance_status":"accepted","snap_distance_m":13.690115284794997,"threshold_m":50.0},"type":"Feature"},{"geometry":{"coordinates":[112.756924,-7.25897329999998],"type":"Point"},"properties":{"analysis_version":"p0-central-v1","component_id":"cc_000001","entity_type":"merchant","input_lineage":{"data/processed/p0/culinary_poi_p0.geojson":"B472BB9F0E8C18A5A85FAB6783FBA2455FD5A8FECE9BAAE4B23ED42A6AD7A608","data/processed/p0/pedestrian_edges.geojson":"6A77F7722AE6F3EF4674405EAEF2E43019F6C90363063E52BEDF44F388636355","data/processed/p0/pedestrian_nodes.geojson":"547A82AA6CD4B2012EE931D022948B12836236F685129EB745DB9359F417D7D3","data/processed/p0/transit_points_p0.geojson":"D15301D6230B26E93F4BDD46E9839D26E174244E6ACABCB674F1BC9956C9B06E"},"merchant_id":"697aa570-8b5a-5e56-87df-e718374cc1e8","merchant_name":"DJOEDJOEGAN COFFEESHOP","method_config_fingerprint":"A0AE32FCDC33656774E190C42F9BA9483E2684228F7FCDB54B16728D5177BFF0","node_id":"node_2a85636c8d324fe0e8e468d4aef05651e82fa2cdfd8c8e777c89f0177c432a17","routing_status":"routable","snap_acceptance_status":"accepted","snap_distance_m":34.41931754866453,"threshold_m":50.0},"type":"Feature"},{"geometry":{"coordinates":[112.73653410000009,-7.256937499999935],"type":"Point"},"properties":{"analysis_version":"p0-central-v1","component_id":"cc_000001","entity_type":"merchant","input_lineage":{"data/processed/p0/culinary_poi_p0.geojson":"B472BB9F0E8C18A5A85FAB6783FBA2455FD5A8FECE9BAAE4B23ED42A6AD7A608","data/processed/p0/pedestrian_edges.geojson":"6A77F7722AE6F3EF4674405EAEF2E43019F6C90363063E52BEDF44F388636355","data/processed/p0/pedestrian_nodes.geojson":"547A82AA6CD4B2012EE931D022948B12836236F685129EB745DB9359F417D7D3","data/processed/p0/transit_points_p0.geojson":"D15301D6230B26E93F4BDD46E9839D26E174244E6ACABCB674F1BC9956C9B06E"},"merchant_id":"69837e6c-8008-54b5-a6cf-6d0cb002b3ba","merchant_name":"THE KOFFEE SURABAYA","method_config_fingerprint":"A0AE32FCDC33656774E190C42F9BA9483E2684228F7FCDB54B16728D5177BFF0","node_id":"node_496879748a0e3c815277618e90f69bc39645c43c107b989a7805db153a64c033","routing_status":"routable","snap_acceptance_status":"accepted","snap_distance_m":41.37303188640706,"threshold_m":50.0},"type":"Feature"},{"geometry":{"coordinates":[112.74960890000011,-7.273489499999926],"type":"Point"},"properties":{"analysis_version":"p0-central-v1","component_id":"cc_000001","entity_type":"merchant","input_lineage":{"data/processed/p0/culinary_poi_p0.geojson":"B472BB9F0E8C18A5A85FAB6783FBA2455FD5A8FECE9BAAE4B23ED42A6AD7A608","data/processed/p0/pedestrian_edges.geojson":"6A77F7722AE6F3EF4674405EAEF2E43019F6C90363063E52BEDF44F388636355","data/processed/p0/pedestrian_nodes.geojson":"547A82AA6CD4B2012EE931D022948B12836236F685129EB745DB9359F417D7D3","data/processed/p0/transit_points_p0.geojson":"D15301D6230B26E93F4BDD46E9839D26E174244E6ACABCB674F1BC9956C9B06E"},"merchant_id":"6a8be02e-7635-56e6-b25e-cdc0bc35d6b0","merchant_name":"TENTWO COFFEE & KINDNESS","method_config_fingerprint":"A0AE32FCDC33656774E190C42F9BA9483E2684228F7FCDB54B16728D5177BFF0","node_id":"node_f3e0c81ae89d727a7f04ada8a18c14496fbca673929e01adba1df920002585b4","routing_status":"routable","snap_acceptance_status":"accepted","snap_distance_m":36.48375127388973,"threshold_m":50.0},"type":"Feature"},{"geometry":{"coordinates":[112.73160550000011,-7.262143599999945],"type":"Point"},"properties":{"analysis_version":"p0-central-v1","component_id":"cc_000001","entity_type":"merchant","input_lineage":{"data/processed/p0/culinary_poi_p0.geojson":"B472BB9F0E8C18A5A85FAB6783FBA2455FD5A8FECE9BAAE4B23ED42A6AD7A608","data/processed/p0/pedestrian_edges.geojson":"6A77F7722AE6F3EF4674405EAEF2E43019F6C90363063E52BEDF44F388636355","data/processed/p0/pedestrian_nodes.geojson":"547A82AA6CD4B2012EE931D022948B12836236F685129EB745DB9359F417D7D3","data/processed/p0/transit_points_p0.geojson":"D15301D6230B26E93F4BDD46E9839D26E174244E6ACABCB674F1BC9956C9B06E"},"merchant_id":"6acebebd-51b7-5100-923a-d27036c0eab9","merchant_name":"PANGSIT MIE MAHKOTA","method_config_fingerprint":"A0AE32FCDC33656774E190C42F9BA9483E2684228F7FCDB54B16728D5177BFF0","node_id":"node_fc3bcefd8632d57adfd5b3947bdddde134b83b96e9927c842eb2a813e16d45b2","routing_status":"routable","snap_acceptance_status":"accepted","snap_distance_m":11.688954510505738,"threshold_m":50.0},"type":"Feature"},{"geometry":{"coordinates":[112.73977660000003,-7.266459],"type":"Point"},"properties":{"analysis_version":"p0-central-v1","component_id":"cc_000001","entity_type":"merchant","input_lineage":{"data/processed/p0/culinary_poi_p0.geojson":"B472BB9F0E8C18A5A85FAB6783FBA2455FD5A8FECE9BAAE4B23ED42A6AD7A608","data/processed/p0/pedestrian_edges.geojson":"6A77F7722AE6F3EF4674405EAEF2E43019F6C90363063E52BEDF44F388636355","data/processed/p0/pedestrian_nodes.geojson":"547A82AA6CD4B2012EE931D022948B12836236F685129EB745DB9359F417D7D3","data/processed/p0/transit_points_p0.geojson":"D15301D6230B26E93F4BDD46E9839D26E174244E6ACABCB674F1BC9956C9B06E"},"merchant_id":"6c8137e7-a89d-5140-a851-700705541378","merchant_name":"NOACH CAFE AND BISTRO","method_config_fingerprint":"A0AE32FCDC33656774E190C42F9BA9483E2684228F7FCDB54B16728D5177BFF0","node_id":"node_7276b9051bcf87d6dc18e13291802887ffa5819b8d225075b9296e815798c31d","routing_status":"routable","snap_acceptance_status":"accepted","snap_distance_m":34.97173130443195,"threshold_m":50.0},"type":"Feature"},{"geometry":{"coordinates":[112.73457889999999,-7.2635671],"type":"Point"},"properties":{"analysis_version":"p0-central-v1","component_id":"cc_000001","entity_type":"merchant","input_lineage":{"data/processed/p0/culinary_poi_p0.geojson":"B472BB9F0E8C18A5A85FAB6783FBA2455FD5A8FECE9BAAE4B23ED42A6AD7A608","data/processed/p0/pedestrian_edges.geojson":"6A77F7722AE6F3EF4674405EAEF2E43019F6C90363063E52BEDF44F388636355","data/processed/p0/pedestrian_nodes.geojson":"547A82AA6CD4B2012EE931D022948B12836236F685129EB745DB9359F417D7D3","data/processed/p0/transit_points_p0.geojson":"D15301D6230B26E93F4BDD46E9839D26E174244E6ACABCB674F1BC9956C9B06E"},"merchant_id":"6d3e4a03-7c9c-587e-80e9-037bc1903894","merchant_name":"MIXUE ICE CREAM & TEA - TEGALSARI","method_config_fingerprint":"A0AE32FCDC33656774E190C42F9BA9483E2684228F7FCDB54B16728D5177BFF0","node_id":"node_8744e4496c1165e870d4bf32483687fe6bd43e8c02fe43f86594bb550d40ad27","routing_status":"routable","snap_acceptance_status":"accepted","snap_distance_m":17.169195116571238,"threshold_m":50.0},"type":"Feature"},{"geometry":{"coordinates":[112.7392637,-7.2587161],"type":"Point"},"properties":{"analysis_version":"p0-central-v1","component_id":"cc_000001","entity_type":"merchant","input_lineage":{"data/processed/p0/culinary_poi_p0.geojson":"B472BB9F0E8C18A5A85FAB6783FBA2455FD5A8FECE9BAAE4B23ED42A6AD7A608","data/processed/p0/pedestrian_edges.geojson":"6A77F7722AE6F3EF4674405EAEF2E43019F6C90363063E52BEDF44F388636355","data/processed/p0/pedestrian_nodes.geojson":"547A82AA6CD4B2012EE931D022948B12836236F685129EB745DB9359F417D7D3","data/processed/p0/transit_points_p0.geojson":"D15301D6230B26E93F4BDD46E9839D26E174244E6ACABCB674F1BC9956C9B06E"},"merchant_id":"6ec7493e-f72d-532a-9e10-38aa96e93bbf","merchant_name":"SEAFOOD GENTENG BESAR MURAH","method_config_fingerprint":"A0AE32FCDC33656774E190C42F9BA9483E2684228F7FCDB54B16728D5177BFF0","node_id":"node_04b9232562cdf3bc093b58ade3f775590ab4315f430fbe0d289422e9af8cfb05","routing_status":"routable","snap_acceptance_status":"accepted","snap_distance_m":17.32045594512365,"threshold_m":50.0},"type":"Feature"},{"geometry":{"coordinates":[112.74237820000009,-7.264730099999944],"type":"Point"},"properties":{"analysis_version":"p0-central-v1","component_id":"cc_000001","entity_type":"merchant","input_lineage":{"data/processed/p0/culinary_poi_p0.geojson":"B472BB9F0E8C18A5A85FAB6783FBA2455FD5A8FECE9BAAE4B23ED42A6AD7A608","data/processed/p0/pedestrian_edges.geojson":"6A77F7722AE6F3EF4674405EAEF2E43019F6C90363063E52BEDF44F388636355","data/processed/p0/pedestrian_nodes.geojson":"547A82AA6CD4B2012EE931D022948B12836236F685129EB745DB9359F417D7D3","data/processed/p0/transit_points_p0.geojson":"D15301D6230B26E93F4BDD46E9839D26E174244E6ACABCB674F1BC9956C9B06E"},"merchant_id":"6eceeca8-c5ad-5c3f-9d96-8ae0c2c83611","merchant_name":"BURGER KING - BASUKI RAHMAT","method_config_fingerprint":"A0AE32FCDC33656774E190C42F9BA9483E2684228F7FCDB54B16728D5177BFF0","node_id":"node_46f707a046c31132d9356c2fc4ddbdb6de764357ae2caee7387ac90f0088a929","routing_status":"routable","snap_acceptance_status":"accepted","snap_distance_m":16.015055006430103,"threshold_m":50.0},"type":"Feature"},{"geometry":{"coordinates":[112.7398224000001,-7.266186699999928],"type":"Point"},"properties":{"analysis_version":"p0-central-v1","component_id":"cc_000001","entity_type":"merchant","input_lineage":{"data/processed/p0/culinary_poi_p0.geojson":"B472BB9F0E8C18A5A85FAB6783FBA2455FD5A8FECE9BAAE4B23ED42A6AD7A608","data/processed/p0/pedestrian_edges.geojson":"6A77F7722AE6F3EF4674405EAEF2E43019F6C90363063E52BEDF44F388636355","data/processed/p0/pedestrian_nodes.geojson":"547A82AA6CD4B2012EE931D022948B12836236F685129EB745DB9359F417D7D3","data/processed/p0/transit_points_p0.geojson":"D15301D6230B26E93F4BDD46E9839D26E174244E6ACABCB674F1BC9956C9B06E"},"merchant_id":"6f0ebc89-fb64-5224-b0f5-905b734f2964","merchant_name":"BONCAFE PREGOLAN","method_config_fingerprint":"A0AE32FCDC33656774E190C42F9BA9483E2684228F7FCDB54B16728D5177BFF0","node_id":"node_054b7dd623975386dbc719b02463636e7179c53d1d98f56bf9b4ce9086cc8706","routing_status":"routable","snap_acceptance_status":"accepted","snap_distance_m":28.036775796810115,"threshold_m":50.0},"type":"Feature"},{"geometry":{"coordinates":[112.74161830000003,-7.264287799999977],"type":"Point"},"properties":{"analysis_version":"p0-central-v1","component_id":"cc_000001","entity_type":"merchant","input_lineage":{"data/processed/p0/culinary_poi_p0.geojson":"B472BB9F0E8C18A5A85FAB6783FBA2455FD5A8FECE9BAAE4B23ED42A6AD7A608","data/processed/p0/pedestrian_edges.geojson":"6A77F7722AE6F3EF4674405EAEF2E43019F6C90363063E52BEDF44F388636355","data/processed/p0/pedestrian_nodes.geojson":"547A82AA6CD4B2012EE931D022948B12836236F685129EB745DB9359F417D7D3","data/processed/p0/transit_points_p0.geojson":"D15301D6230B26E93F4BDD46E9839D26E174244E6ACABCB674F1BC9956C9B06E"},"merchant_id":"6fc41c52-1593-5ca6-8d45-26575595ed57","merchant_name":"COFFEE TGC","method_config_fingerprint":"A0AE32FCDC33656774E190C42F9BA9483E2684228F7FCDB54B16728D5177BFF0","node_id":"node_8fdbb98a5fef282660b4a8dab49a4596cb403177e053eb2dabbe65c77b8f649d","routing_status":"routable","snap_acceptance_status":"accepted","snap_distance_m":3.536515255395138,"threshold_m":50.0},"type":"Feature"},{"geometry":{"coordinates":[112.74881440000001,-7.261207499999955],"type":"Point"},"properties":{"analysis_version":"p0-central-v1","component_id":"cc_000001","entity_type":"merchant","input_lineage":{"data/processed/p0/culinary_poi_p0.geojson":"B472BB9F0E8C18A5A85FAB6783FBA2455FD5A8FECE9BAAE4B23ED42A6AD7A608","data/processed/p0/pedestrian_edges.geojson":"6A77F7722AE6F3EF4674405EAEF2E43019F6C90363063E52BEDF44F388636355","data/processed/p0/pedestrian_nodes.geojson":"547A82AA6CD4B2012EE931D022948B12836236F685129EB745DB9359F417D7D3","data/processed/p0/transit_points_p0.geojson":"D15301D6230B26E93F4BDD46E9839D26E174244E6ACABCB674F1BC9956C9B06E"},"merchant_id":"707cda4f-df5a-5488-90e8-e94fa9f678d2","merchant_name":"CALIBRE COFFEE ROASTERS","method_config_fingerprint":"A0AE32FCDC33656774E190C42F9BA9483E2684228F7FCDB54B16728D5177BFF0","node_id":"node_b037a28f3a6b2bf19ef2dfeec8fe7f5eb72facf6d62bcfa07eec73c00b24ccba","routing_status":"routable","snap_acceptance_status":"accepted","snap_distance_m":13.096693616872782,"threshold_m":50.0},"type":"Feature"},{"geometry":{"coordinates":[112.73318490000008,-7.254546],"type":"Point"},"properties":{"analysis_version":"p0-central-v1","component_id":"cc_000001","entity_type":"merchant","input_lineage":{"data/processed/p0/culinary_poi_p0.geojson":"B472BB9F0E8C18A5A85FAB6783FBA2455FD5A8FECE9BAAE4B23ED42A6AD7A608","data/processed/p0/pedestrian_edges.geojson":"6A77F7722AE6F3EF4674405EAEF2E43019F6C90363063E52BEDF44F388636355","data/processed/p0/pedestrian_nodes.geojson":"547A82AA6CD4B2012EE931D022948B12836236F685129EB745DB9359F417D7D3","data/processed/p0/transit_points_p0.geojson":"D15301D6230B26E93F4BDD46E9839D26E174244E6ACABCB674F1BC9956C9B06E"},"merchant_id":"73382d3d-6981-5b94-b22d-4975187a7344","merchant_name":"CHEON- BG JUNCTION (GROUND LEVEL)","method_config_fingerprint":"A0AE32FCDC33656774E190C42F9BA9483E2684228F7FCDB54B16728D5177BFF0","node_id":"node_39167f0c26c4202a5fbe745f650b985a8fda024e1e5e8cd7886cbaa6e8c58e7d","routing_status":"routable","snap_acceptance_status":"accepted","snap_distance_m":23.755815530648945,"threshold_m":50.0},"type":"Feature"},{"geometry":{"coordinates":[112.746315,-7.273211],"type":"Point"},"properties":{"analysis_version":"p0-central-v1","component_id":"cc_000001","entity_type":"merchant","input_lineage":{"data/processed/p0/culinary_poi_p0.geojson":"B472BB9F0E8C18A5A85FAB6783FBA2455FD5A8FECE9BAAE4B23ED42A6AD7A608","data/processed/p0/pedestrian_edges.geojson":"6A77F7722AE6F3EF4674405EAEF2E43019F6C90363063E52BEDF44F388636355","data/processed/p0/pedestrian_nodes.geojson":"547A82AA6CD4B2012EE931D022948B12836236F685129EB745DB9359F417D7D3","data/processed/p0/transit_points_p0.geojson":"D15301D6230B26E93F4BDD46E9839D26E174244E6ACABCB674F1BC9956C9B06E"},"merchant_id":"73943c0b-200e-5055-b3c2-1430b26ef02a","merchant_name":"LA RICCHI ICE CREAM","method_config_fingerprint":"A0AE32FCDC33656774E190C42F9BA9483E2684228F7FCDB54B16728D5177BFF0","node_id":"node_96d073d18e472b7eab22ec4bf040d9e79dfdc3e061fc29359f14651242289e70","routing_status":"routable","snap_acceptance_status":"accepted","snap_distance_m":34.504300516869776,"threshold_m":50.0},"type":"Feature"},{"geometry":{"coordinates":[112.73902170000008,-7.262879299999949],"type":"Point"},"properties":{"analysis_version":"p0-central-v1","component_id":"cc_000001","entity_type":"merchant","input_lineage":{"data/processed/p0/culinary_poi_p0.geojson":"B472BB9F0E8C18A5A85FAB6783FBA2455FD5A8FECE9BAAE4B23ED42A6AD7A608","data/processed/p0/pedestrian_edges.geojson":"6A77F7722AE6F3EF4674405EAEF2E43019F6C90363063E52BEDF44F388636355","data/processed/p0/pedestrian_nodes.geojson":"547A82AA6CD4B2012EE931D022948B12836236F685129EB745DB9359F417D7D3","data/processed/p0/transit_points_p0.geojson":"D15301D6230B26E93F4BDD46E9839D26E174244E6ACABCB674F1BC9956C9B06E"},"merchant_id":"748bd2d5-8673-5945-a6e0-2920ba518fe2","merchant_name":"AMERICAN GRILL","method_config_fingerprint":"A0AE32FCDC33656774E190C42F9BA9483E2684228F7FCDB54B16728D5177BFF0","node_id":"node_632d898aa69d62a541e61930c4e2d0eb497548192c23a1944ba1395e2501a6b6","routing_status":"routable","snap_acceptance_status":"accepted","snap_distance_m":46.980163987677486,"threshold_m":50.0},"type":"Feature"},{"geometry":{"coordinates":[112.7488083,-7.2646381],"type":"Point"},"properties":{"analysis_version":"p0-central-v1","component_id":"cc_000001","entity_type":"merchant","input_lineage":{"data/processed/p0/culinary_poi_p0.geojson":"B472BB9F0E8C18A5A85FAB6783FBA2455FD5A8FECE9BAAE4B23ED42A6AD7A608","data/processed/p0/pedestrian_edges.geojson":"6A77F7722AE6F3EF4674405EAEF2E43019F6C90363063E52BEDF44F388636355","data/processed/p0/pedestrian_nodes.geojson":"547A82AA6CD4B2012EE931D022948B12836236F685129EB745DB9359F417D7D3","data/processed/p0/transit_points_p0.geojson":"D15301D6230B26E93F4BDD46E9839D26E174244E6ACABCB674F1BC9956C9B06E"},"merchant_id":"74990993-0f83-5d82-8534-5b2d89b6836b","merchant_name":"PARISIENNE","method_config_fingerprint":"A0AE32FCDC33656774E190C42F9BA9483E2684228F7FCDB54B16728D5177BFF0","node_id":"node_6c19296b2567e1defc8d86b411cafbbdb258f8154f4864a4254fde138a27ac8f","routing_status":"routable","snap_acceptance_status":"accepted","snap_distance_m":40.92285330825274,"threshold_m":50.0},"type":"Feature"},{"geometry":{"coordinates":[112.74343490000001,-7.274674199999936],"type":"Point"},"properties":{"analysis_version":"p0-central-v1","component_id":"cc_000001","entity_type":"merchant","input_lineage":{"data/processed/p0/culinary_poi_p0.geojson":"B472BB9F0E8C18A5A85FAB6783FBA2455FD5A8FECE9BAAE4B23ED42A6AD7A608","data/processed/p0/pedestrian_edges.geojson":"6A77F7722AE6F3EF4674405EAEF2E43019F6C90363063E52BEDF44F388636355","data/processed/p0/pedestrian_nodes.geojson":"547A82AA6CD4B2012EE931D022948B12836236F685129EB745DB9359F417D7D3","data/processed/p0/transit_points_p0.geojson":"D15301D6230B26E93F4BDD46E9839D26E174244E6ACABCB674F1BC9956C9B06E"},"merchant_id":"75fa5d96-811f-5e0a-97b1-0845d4b34c87","merchant_name":"MASAKAN PADANG GADIH MINANG","method_config_fingerprint":"A0AE32FCDC33656774E190C42F9BA9483E2684228F7FCDB54B16728D5177BFF0","node_id":"node_80e1ae5da614c240e8fe3db380dd50d67f96398205db68cdd7e34974798014ce","routing_status":"routable","snap_acceptance_status":"accepted","snap_distance_m":9.037489916870939,"threshold_m":50.0},"type":"Feature"},{"geometry":{"coordinates":[112.75020060000008,-7.269365399999964],"type":"Point"},"properties":{"analysis_version":"p0-central-v1","component_id":"cc_000001","entity_type":"merchant","input_lineage":{"data/processed/p0/culinary_poi_p0.geojson":"B472BB9F0E8C18A5A85FAB6783FBA2455FD5A8FECE9BAAE4B23ED42A6AD7A608","data/processed/p0/pedestrian_edges.geojson":"6A77F7722AE6F3EF4674405EAEF2E43019F6C90363063E52BEDF44F388636355","data/processed/p0/pedestrian_nodes.geojson":"547A82AA6CD4B2012EE931D022948B12836236F685129EB745DB9359F417D7D3","data/processed/p0/transit_points_p0.geojson":"D15301D6230B26E93F4BDD46E9839D26E174244E6ACABCB674F1BC9956C9B06E"},"merchant_id":"76a2efb0-3ab7-5544-9c9a-aa6a5301ec15","merchant_name":"DOMICILE KITCHEN AND LOUNGE","method_config_fingerprint":"A0AE32FCDC33656774E190C42F9BA9483E2684228F7FCDB54B16728D5177BFF0","node_id":"node_4bbe3b506ec0213d64059ac6bd2e8dbc76cb97ad140f6904f7ced49751285b61","routing_status":"routable","snap_acceptance_status":"accepted","snap_distance_m":22.691046640454722,"threshold_m":50.0},"type":"Feature"},{"geometry":{"coordinates":[112.7416,-7.2683346],"type":"Point"},"properties":{"analysis_version":"p0-central-v1","component_id":"cc_000001","entity_type":"merchant","input_lineage":{"data/processed/p0/culinary_poi_p0.geojson":"B472BB9F0E8C18A5A85FAB6783FBA2455FD5A8FECE9BAAE4B23ED42A6AD7A608","data/processed/p0/pedestrian_edges.geojson":"6A77F7722AE6F3EF4674405EAEF2E43019F6C90363063E52BEDF44F388636355","data/processed/p0/pedestrian_nodes.geojson":"547A82AA6CD4B2012EE931D022948B12836236F685129EB745DB9359F417D7D3","data/processed/p0/transit_points_p0.geojson":"D15301D6230B26E93F4BDD46E9839D26E174244E6ACABCB674F1BC9956C9B06E"},"merchant_id":"7708f784-f18a-5f56-b9eb-5cfea7d50992","merchant_name":"DUNKIN' DONUTS","method_config_fingerprint":"A0AE32FCDC33656774E190C42F9BA9483E2684228F7FCDB54B16728D5177BFF0","node_id":"node_464656753c2310f476c22d6411782d6ac2a23765316107294e9b66098850e12b","routing_status":"routable","snap_acceptance_status":"accepted","snap_distance_m":23.369980073687774,"threshold_m":50.0},"type":"Feature"},{"geometry":{"coordinates":[112.7413632,-7.2638694],"type":"Point"},"properties":{"analysis_version":"p0-central-v1","component_id":"cc_000001","entity_type":"merchant","input_lineage":{"data/processed/p0/culinary_poi_p0.geojson":"B472BB9F0E8C18A5A85FAB6783FBA2455FD5A8FECE9BAAE4B23ED42A6AD7A608","data/processed/p0/pedestrian_edges.geojson":"6A77F7722AE6F3EF4674405EAEF2E43019F6C90363063E52BEDF44F388636355","data/processed/p0/pedestrian_nodes.geojson":"547A82AA6CD4B2012EE931D022948B12836236F685129EB745DB9359F417D7D3","data/processed/p0/transit_points_p0.geojson":"D15301D6230B26E93F4BDD46E9839D26E174244E6ACABCB674F1BC9956C9B06E"},"merchant_id":"78a2cdc1-a128-52d3-83bb-f178f7cadabb","merchant_name":"NASI GORENG PAK BRENG","method_config_fingerprint":"A0AE32FCDC33656774E190C42F9BA9483E2684228F7FCDB54B16728D5177BFF0","node_id":"node_3e92fcabef73cac7d6b034627e3df0602252041c5aa7bd80d962ef8902073b10","routing_status":"routable","snap_acceptance_status":"accepted","snap_distance_m":11.336731046716219,"threshold_m":50.0},"type":"Feature"},{"geometry":{"coordinates":[112.73912230000008,-7.261910199999932],"type":"Point"},"properties":{"analysis_version":"p0-central-v1","component_id":"cc_000001","entity_type":"merchant","input_lineage":{"data/processed/p0/culinary_poi_p0.geojson":"B472BB9F0E8C18A5A85FAB6783FBA2455FD5A8FECE9BAAE4B23ED42A6AD7A608","data/processed/p0/pedestrian_edges.geojson":"6A77F7722AE6F3EF4674405EAEF2E43019F6C90363063E52BEDF44F388636355","data/processed/p0/pedestrian_nodes.geojson":"547A82AA6CD4B2012EE931D022948B12836236F685129EB745DB9359F417D7D3","data/processed/p0/transit_points_p0.geojson":"D15301D6230B26E93F4BDD46E9839D26E174244E6ACABCB674F1BC9956C9B06E"},"merchant_id":"79c19a43-5cb6-58f4-8693-21503c887c3c","merchant_name":"GENKI SUSHI - TUNJUNGAN PLAZA 4","method_config_fingerprint":"A0AE32FCDC33656774E190C42F9BA9483E2684228F7FCDB54B16728D5177BFF0","node_id":"node_cbacf036b09b820d3ee400fc6a1bdf27520713ec7c83988e7941ad968bc7eda6","routing_status":"routable","snap_acceptance_status":"accepted","snap_distance_m":40.83296800933952,"threshold_m":50.0},"type":"Feature"},{"geometry":{"coordinates":[112.7313695,-7.2660576],"type":"Point"},"properties":{"analysis_version":"p0-central-v1","component_id":"cc_000001","entity_type":"merchant","input_lineage":{"data/processed/p0/culinary_poi_p0.geojson":"B472BB9F0E8C18A5A85FAB6783FBA2455FD5A8FECE9BAAE4B23ED42A6AD7A608","data/processed/p0/pedestrian_edges.geojson":"6A77F7722AE6F3EF4674405EAEF2E43019F6C90363063E52BEDF44F388636355","data/processed/p0/pedestrian_nodes.geojson":"547A82AA6CD4B2012EE931D022948B12836236F685129EB745DB9359F417D7D3","data/processed/p0/transit_points_p0.geojson":"D15301D6230B26E93F4BDD46E9839D26E174244E6ACABCB674F1BC9956C9B06E"},"merchant_id":"79e1b60a-acd2-58fb-85c9-ace67a33f478","merchant_name":"SHIRATO BY DAILYBOX KEDUNGSARI","method_config_fingerprint":"A0AE32FCDC33656774E190C42F9BA9483E2684228F7FCDB54B16728D5177BFF0","node_id":"node_9738612e65bf6c7f342484c6e01e16c9f33f0c9b8e204bd042936154618560fa","routing_status":"snap_too_far","snap_acceptance_status":"snap_too_far","snap_distance_m":53.47105813652611,"threshold_m":50.0},"type":"Feature"},{"geometry":{"coordinates":[112.74214660000007,-7.266495099999929],"type":"Point"},"properties":{"analysis_version":"p0-central-v1","component_id":"cc_000001","entity_type":"merchant","input_lineage":{"data/processed/p0/culinary_poi_p0.geojson":"B472BB9F0E8C18A5A85FAB6783FBA2455FD5A8FECE9BAAE4B23ED42A6AD7A608","data/processed/p0/pedestrian_edges.geojson":"6A77F7722AE6F3EF4674405EAEF2E43019F6C90363063E52BEDF44F388636355","data/processed/p0/pedestrian_nodes.geojson":"547A82AA6CD4B2012EE931D022948B12836236F685129EB745DB9359F417D7D3","data/processed/p0/transit_points_p0.geojson":"D15301D6230B26E93F4BDD46E9839D26E174244E6ACABCB674F1BC9956C9B06E"},"merchant_id":"7a30901e-48c6-5395-a635-ad39d4314c27","merchant_name":"ROEST'S CAFE","method_config_fingerprint":"A0AE32FCDC33656774E190C42F9BA9483E2684228F7FCDB54B16728D5177BFF0","node_id":"node_ebe15da8e8748fe562bd4995d9df6f65bd11cd15b31d1b28ea6418c39cba48ee","routing_status":"routable","snap_acceptance_status":"accepted","snap_distance_m":34.725121405851205,"threshold_m":50.0},"type":"Feature"},{"geometry":{"coordinates":[112.7491491,-7.2654603],"type":"Point"},"properties":{"analysis_version":"p0-central-v1","component_id":"cc_000001","entity_type":"merchant","input_lineage":{"data/processed/p0/culinary_poi_p0.geojson":"B472BB9F0E8C18A5A85FAB6783FBA2455FD5A8FECE9BAAE4B23ED42A6AD7A608","data/processed/p0/pedestrian_edges.geojson":"6A77F7722AE6F3EF4674405EAEF2E43019F6C90363063E52BEDF44F388636355","data/processed/p0/pedestrian_nodes.geojson":"547A82AA6CD4B2012EE931D022948B12836236F685129EB745DB9359F417D7D3","data/processed/p0/transit_points_p0.geojson":"D15301D6230B26E93F4BDD46E9839D26E174244E6ACABCB674F1BC9956C9B06E"},"merchant_id":"7b35ac00-1816-5ee5-b7ea-89ff42cababf","merchant_name":"MCDONALD'S - PLAZA SURABAYA","method_config_fingerprint":"A0AE32FCDC33656774E190C42F9BA9483E2684228F7FCDB54B16728D5177BFF0","node_id":"node_8aa6625ce7023b7d4701a2805baa8dfd671558b898ac3a874251fcd4f3a68da5","routing_status":"routable","snap_acceptance_status":"accepted","snap_distance_m":14.851285228619462,"threshold_m":50.0},"type":"Feature"},{"geometry":{"coordinates":[112.741941,-7.270159],"type":"Point"},"properties":{"analysis_version":"p0-central-v1","component_id":"cc_000001","entity_type":"merchant","input_lineage":{"data/processed/p0/culinary_poi_p0.geojson":"B472BB9F0E8C18A5A85FAB6783FBA2455FD5A8FECE9BAAE4B23ED42A6AD7A608","data/processed/p0/pedestrian_edges.geojson":"6A77F7722AE6F3EF4674405EAEF2E43019F6C90363063E52BEDF44F388636355","data/processed/p0/pedestrian_nodes.geojson":"547A82AA6CD4B2012EE931D022948B12836236F685129EB745DB9359F417D7D3","data/processed/p0/transit_points_p0.geojson":"D15301D6230B26E93F4BDD46E9839D26E174244E6ACABCB674F1BC9956C9B06E"},"merchant_id":"7c1466f7-35fc-5f59-8b5c-246d43149267","merchant_name":"KEDAI D' BASRA","method_config_fingerprint":"A0AE32FCDC33656774E190C42F9BA9483E2684228F7FCDB54B16728D5177BFF0","node_id":"node_9d6b3ad2cd679b8d3aa4bcbd0a79c391bc5a0abadc6ad1a100ece5a85d9891b7","routing_status":"routable","snap_acceptance_status":"accepted","snap_distance_m":6.493137758153305,"threshold_m":50.0},"type":"Feature"},{"geometry":{"coordinates":[112.7426011,-7.2651675],"type":"Point"},"properties":{"analysis_version":"p0-central-v1","component_id":"cc_000001","entity_type":"merchant","input_lineage":{"data/processed/p0/culinary_poi_p0.geojson":"B472BB9F0E8C18A5A85FAB6783FBA2455FD5A8FECE9BAAE4B23ED42A6AD7A608","data/processed/p0/pedestrian_edges.geojson":"6A77F7722AE6F3EF4674405EAEF2E43019F6C90363063E52BEDF44F388636355","data/processed/p0/pedestrian_nodes.geojson":"547A82AA6CD4B2012EE931D022948B12836236F685129EB745DB9359F417D7D3","data/processed/p0/transit_points_p0.geojson":"D15301D6230B26E93F4BDD46E9839D26E174244E6ACABCB674F1BC9956C9B06E"},"merchant_id":"7c6a48aa-4c80-52a1-90b2-d93bf4587731","merchant_name":"NASI GORENG PAK KUMIS","method_config_fingerprint":"A0AE32FCDC33656774E190C42F9BA9483E2684228F7FCDB54B16728D5177BFF0","node_id":"node_f5d0cbdb815d62391c25bc4ad6384a0b12acdee9b59410a072af9b0fc3022de9","routing_status":"routable","snap_acceptance_status":"accepted","snap_distance_m":16.691967399238973,"threshold_m":50.0},"type":"Feature"},{"geometry":{"coordinates":[112.75173,-7.264020499999958],"type":"Point"},"properties":{"analysis_version":"p0-central-v1","component_id":"cc_000001","entity_type":"merchant","input_lineage":{"data/processed/p0/culinary_poi_p0.geojson":"B472BB9F0E8C18A5A85FAB6783FBA2455FD5A8FECE9BAAE4B23ED42A6AD7A608","data/processed/p0/pedestrian_edges.geojson":"6A77F7722AE6F3EF4674405EAEF2E43019F6C90363063E52BEDF44F388636355","data/processed/p0/pedestrian_nodes.geojson":"547A82AA6CD4B2012EE931D022948B12836236F685129EB745DB9359F417D7D3","data/processed/p0/transit_points_p0.geojson":"D15301D6230B26E93F4BDD46E9839D26E174244E6ACABCB674F1BC9956C9B06E"},"merchant_id":"7df48769-092b-5f6c-849d-ca1089150367","merchant_name":"BRAPP COFFEE","method_config_fingerprint":"A0AE32FCDC33656774E190C42F9BA9483E2684228F7FCDB54B16728D5177BFF0","node_id":"node_031d4299e2b101adc4c0538d7b50bf58c1550eea76776397ab1cbf6651a69434","routing_status":"routable","snap_acceptance_status":"accepted","snap_distance_m":12.02433923530323,"threshold_m":50.0},"type":"Feature"},{"geometry":{"coordinates":[112.7461219,-7.2634139],"type":"Point"},"properties":{"analysis_version":"p0-central-v1","component_id":"cc_000001","entity_type":"merchant","input_lineage":{"data/processed/p0/culinary_poi_p0.geojson":"B472BB9F0E8C18A5A85FAB6783FBA2455FD5A8FECE9BAAE4B23ED42A6AD7A608","data/processed/p0/pedestrian_edges.geojson":"6A77F7722AE6F3EF4674405EAEF2E43019F6C90363063E52BEDF44F388636355","data/processed/p0/pedestrian_nodes.geojson":"547A82AA6CD4B2012EE931D022948B12836236F685129EB745DB9359F417D7D3","data/processed/p0/transit_points_p0.geojson":"D15301D6230B26E93F4BDD46E9839D26E174244E6ACABCB674F1BC9956C9B06E"},"merchant_id":"7ebb1e8c-8243-50ab-abdc-0300eebfbe5a","merchant_name":"ZANGRANDI ICE CREAM","method_config_fingerprint":"A0AE32FCDC33656774E190C42F9BA9483E2684228F7FCDB54B16728D5177BFF0","node_id":"node_659ed10d23b6d631c9fd130ee25655c9777db4ea5563105be1faa06b2b7a908b","routing_status":"routable","snap_acceptance_status":"accepted","snap_distance_m":19.03755870735915,"threshold_m":50.0},"type":"Feature"},{"geometry":{"coordinates":[112.7526986,-7.2653851],"type":"Point"},"properties":{"analysis_version":"p0-central-v1","component_id":"cc_000001","entity_type":"merchant","input_lineage":{"data/processed/p0/culinary_poi_p0.geojson":"B472BB9F0E8C18A5A85FAB6783FBA2455FD5A8FECE9BAAE4B23ED42A6AD7A608","data/processed/p0/pedestrian_edges.geojson":"6A77F7722AE6F3EF4674405EAEF2E43019F6C90363063E52BEDF44F388636355","data/processed/p0/pedestrian_nodes.geojson":"547A82AA6CD4B2012EE931D022948B12836236F685129EB745DB9359F417D7D3","data/processed/p0/transit_points_p0.geojson":"D15301D6230B26E93F4BDD46E9839D26E174244E6ACABCB674F1BC9956C9B06E"},"merchant_id":"7f07ebb6-3b4f-5473-b7b0-19312661bc8d","merchant_name":"NONG CHA PREMIUM THAI TEA","method_config_fingerprint":"A0AE32FCDC33656774E190C42F9BA9483E2684228F7FCDB54B16728D5177BFF0","node_id":"node_98640303ee33b04960d1cbe4b72229a5e49a7eac23643d83af97ae12ead86d6c","routing_status":"routable","snap_acceptance_status":"accepted","snap_distance_m":20.89439842053002,"threshold_m":50.0},"type":"Feature"},{"geometry":{"coordinates":[112.738032,-7.265558499999941],"type":"Point"},"properties":{"analysis_version":"p0-central-v1","component_id":"cc_000001","entity_type":"merchant","input_lineage":{"data/processed/p0/culinary_poi_p0.geojson":"B472BB9F0E8C18A5A85FAB6783FBA2455FD5A8FECE9BAAE4B23ED42A6AD7A608","data/processed/p0/pedestrian_edges.geojson":"6A77F7722AE6F3EF4674405EAEF2E43019F6C90363063E52BEDF44F388636355","data/processed/p0/pedestrian_nodes.geojson":"547A82AA6CD4B2012EE931D022948B12836236F685129EB745DB9359F417D7D3","data/processed/p0/transit_points_p0.geojson":"D15301D6230B26E93F4BDD46E9839D26E174244E6ACABCB674F1BC9956C9B06E"},"merchant_id":"7ffa8887-9b5f-562f-9e61-15a93c935ac5","merchant_name":"ADA APA DENGAN KOPI (AADK)","method_config_fingerprint":"A0AE32FCDC33656774E190C42F9BA9483E2684228F7FCDB54B16728D5177BFF0","node_id":"node_f446aca6d3585d21644716b717efede343ca98766ba7e08ee02a847985f657de","routing_status":"routable","snap_acceptance_status":"accepted","snap_distance_m":18.934684139563913,"threshold_m":50.0},"type":"Feature"},{"geometry":{"coordinates":[112.75242240000011,-7.265693399999975],"type":"Point"},"properties":{"analysis_version":"p0-central-v1","component_id":"cc_000001","entity_type":"merchant","input_lineage":{"data/processed/p0/culinary_poi_p0.geojson":"B472BB9F0E8C18A5A85FAB6783FBA2455FD5A8FECE9BAAE4B23ED42A6AD7A608","data/processed/p0/pedestrian_edges.geojson":"6A77F7722AE6F3EF4674405EAEF2E43019F6C90363063E52BEDF44F388636355","data/processed/p0/pedestrian_nodes.geojson":"547A82AA6CD4B2012EE931D022948B12836236F685129EB745DB9359F417D7D3","data/processed/p0/transit_points_p0.geojson":"D15301D6230B26E93F4BDD46E9839D26E174244E6ACABCB674F1BC9956C9B06E"},"merchant_id":"814a8e4c-6a53-537d-aa48-e492aa9186ea","merchant_name":"LOKO CAFE SURABAYA","method_config_fingerprint":"A0AE32FCDC33656774E190C42F9BA9483E2684228F7FCDB54B16728D5177BFF0","node_id":"node_d11d044fca0ea497959c655718d0c4c6300daa7d1d1feeedb6da226d7bca4b86","routing_status":"routable","snap_acceptance_status":"accepted","snap_distance_m":27.251563777941353,"threshold_m":50.0},"type":"Feature"},{"geometry":{"coordinates":[112.7522008,-7.2679189],"type":"Point"},"properties":{"analysis_version":"p0-central-v1","component_id":"cc_000001","entity_type":"merchant","input_lineage":{"data/processed/p0/culinary_poi_p0.geojson":"B472BB9F0E8C18A5A85FAB6783FBA2455FD5A8FECE9BAAE4B23ED42A6AD7A608","data/processed/p0/pedestrian_edges.geojson":"6A77F7722AE6F3EF4674405EAEF2E43019F6C90363063E52BEDF44F388636355","data/processed/p0/pedestrian_nodes.geojson":"547A82AA6CD4B2012EE931D022948B12836236F685129EB745DB9359F417D7D3","data/processed/p0/transit_points_p0.geojson":"D15301D6230B26E93F4BDD46E9839D26E174244E6ACABCB674F1BC9956C9B06E"},"merchant_id":"81a767d1-2760-535d-89b3-7db20b080f37","merchant_name":"WARUNG NASI GORENG CAK RIE","method_config_fingerprint":"A0AE32FCDC33656774E190C42F9BA9483E2684228F7FCDB54B16728D5177BFF0","node_id":"node_94780256b7ef32524962ae4f52c042a04c302ae440438ed39b3d48f7af9e8e88","routing_status":"routable","snap_acceptance_status":"accepted","snap_distance_m":12.075809944398317,"threshold_m":50.0},"type":"Feature"},{"geometry":{"coordinates":[112.72950480000009,-7.258249299999932],"type":"Point"},"properties":{"analysis_version":"p0-central-v1","component_id":"cc_000001","entity_type":"merchant","input_lineage":{"data/processed/p0/culinary_poi_p0.geojson":"B472BB9F0E8C18A5A85FAB6783FBA2455FD5A8FECE9BAAE4B23ED42A6AD7A608","data/processed/p0/pedestrian_edges.geojson":"6A77F7722AE6F3EF4674405EAEF2E43019F6C90363063E52BEDF44F388636355","data/processed/p0/pedestrian_nodes.geojson":"547A82AA6CD4B2012EE931D022948B12836236F685129EB745DB9359F417D7D3","data/processed/p0/transit_points_p0.geojson":"D15301D6230B26E93F4BDD46E9839D26E174244E6ACABCB674F1BC9956C9B06E"},"merchant_id":"826ee2e5-68c1-55ff-86b5-48789b4c5695","merchant_name":"CATURRA ESPRESSO","method_config_fingerprint":"A0AE32FCDC33656774E190C42F9BA9483E2684228F7FCDB54B16728D5177BFF0","node_id":"node_4200e677faf176a948790a82246fb50bd24ebafd9ef1476ad4e185f6455708b7","routing_status":"routable","snap_acceptance_status":"accepted","snap_distance_m":28.861773336183678,"threshold_m":50.0},"type":"Feature"},{"geometry":{"coordinates":[112.73767930000008,-7.265491699999921],"type":"Point"},"properties":{"analysis_version":"p0-central-v1","component_id":"cc_000001","entity_type":"merchant","input_lineage":{"data/processed/p0/culinary_poi_p0.geojson":"B472BB9F0E8C18A5A85FAB6783FBA2455FD5A8FECE9BAAE4B23ED42A6AD7A608","data/processed/p0/pedestrian_edges.geojson":"6A77F7722AE6F3EF4674405EAEF2E43019F6C90363063E52BEDF44F388636355","data/processed/p0/pedestrian_nodes.geojson":"547A82AA6CD4B2012EE931D022948B12836236F685129EB745DB9359F417D7D3","data/processed/p0/transit_points_p0.geojson":"D15301D6230B26E93F4BDD46E9839D26E174244E6ACABCB674F1BC9956C9B06E"},"merchant_id":"82971269-1beb-5917-9a9f-3cc012713b52","merchant_name":"BURGER HUB","method_config_fingerprint":"A0AE32FCDC33656774E190C42F9BA9483E2684228F7FCDB54B16728D5177BFF0","node_id":"node_0e36dee7445c965e85df7eb77e814a7cf46d0108766e1ebeaacc995a36c0ef1f","routing_status":"routable","snap_acceptance_status":"accepted","snap_distance_m":23.080083691584473,"threshold_m":50.0},"type":"Feature"},{"geometry":{"coordinates":[112.7435097,-7.2547662],"type":"Point"},"properties":{"analysis_version":"p0-central-v1","component_id":"cc_000001","entity_type":"merchant","input_lineage":{"data/processed/p0/culinary_poi_p0.geojson":"B472BB9F0E8C18A5A85FAB6783FBA2455FD5A8FECE9BAAE4B23ED42A6AD7A608","data/processed/p0/pedestrian_edges.geojson":"6A77F7722AE6F3EF4674405EAEF2E43019F6C90363063E52BEDF44F388636355","data/processed/p0/pedestrian_nodes.geojson":"547A82AA6CD4B2012EE931D022948B12836236F685129EB745DB9359F417D7D3","data/processed/p0/transit_points_p0.geojson":"D15301D6230B26E93F4BDD46E9839D26E174244E6ACABCB674F1BC9956C9B06E"},"merchant_id":"835aaa25-a0fb-503b-b737-f3b5d4ed85d8","merchant_name":"SEAFOOD BANG ROFIQ","method_config_fingerprint":"A0AE32FCDC33656774E190C42F9BA9483E2684228F7FCDB54B16728D5177BFF0","node_id":"node_d80e3cc6a673432697ff393a4d2e8a279989d6d0868ac928054f4104814b4b47","routing_status":"routable","snap_acceptance_status":"accepted","snap_distance_m":5.69185550526482,"threshold_m":50.0},"type":"Feature"},{"geometry":{"coordinates":[112.733829,-7.255718],"type":"Point"},"properties":{"analysis_version":"p0-central-v1","component_id":"cc_000001","entity_type":"merchant","input_lineage":{"data/processed/p0/culinary_poi_p0.geojson":"B472BB9F0E8C18A5A85FAB6783FBA2455FD5A8FECE9BAAE4B23ED42A6AD7A608","data/processed/p0/pedestrian_edges.geojson":"6A77F7722AE6F3EF4674405EAEF2E43019F6C90363063E52BEDF44F388636355","data/processed/p0/pedestrian_nodes.geojson":"547A82AA6CD4B2012EE931D022948B12836236F685129EB745DB9359F417D7D3","data/processed/p0/transit_points_p0.geojson":"D15301D6230B26E93F4BDD46E9839D26E174244E6ACABCB674F1BC9956C9B06E"},"merchant_id":"841a33e5-6305-5ff4-b214-a69e86a0ede5","merchant_name":"KFC - BG JUNCTION","method_config_fingerprint":"A0AE32FCDC33656774E190C42F9BA9483E2684228F7FCDB54B16728D5177BFF0","node_id":"node_61274e0255083604e27ac911e2f4799b787e56fd424a9db3bde413190e2b7724","routing_status":"routable","snap_acceptance_status":"accepted","snap_distance_m":18.461560038797327,"threshold_m":50.0},"type":"Feature"},{"geometry":{"coordinates":[112.73848580000003,-7.262009599999942],"type":"Point"},"properties":{"analysis_version":"p0-central-v1","component_id":"cc_000001","entity_type":"merchant","input_lineage":{"data/processed/p0/culinary_poi_p0.geojson":"B472BB9F0E8C18A5A85FAB6783FBA2455FD5A8FECE9BAAE4B23ED42A6AD7A608","data/processed/p0/pedestrian_edges.geojson":"6A77F7722AE6F3EF4674405EAEF2E43019F6C90363063E52BEDF44F388636355","data/processed/p0/pedestrian_nodes.geojson":"547A82AA6CD4B2012EE931D022948B12836236F685129EB745DB9359F417D7D3","data/processed/p0/transit_points_p0.geojson":"D15301D6230B26E93F4BDD46E9839D26E174244E6ACABCB674F1BC9956C9B06E"},"merchant_id":"84469957-dc36-5d3c-b54a-9652c7eb5fc4","merchant_name":"GOKANA RAMEN & TEPPAN - TUNJUNGAN PLAZA 6","method_config_fingerprint":"A0AE32FCDC33656774E190C42F9BA9483E2684228F7FCDB54B16728D5177BFF0","node_id":"node_868a7df37a03e78c5fc0922c2984a71f26fa2da3122704d9c2a71fcc766c4b52","routing_status":"routable","snap_acceptance_status":"accepted","snap_distance_m":14.868493411638005,"threshold_m":50.0},"type":"Feature"},{"geometry":{"coordinates":[112.7394893,-7.2635304],"type":"Point"},"properties":{"analysis_version":"p0-central-v1","component_id":"cc_000001","entity_type":"merchant","input_lineage":{"data/processed/p0/culinary_poi_p0.geojson":"B472BB9F0E8C18A5A85FAB6783FBA2455FD5A8FECE9BAAE4B23ED42A6AD7A608","data/processed/p0/pedestrian_edges.geojson":"6A77F7722AE6F3EF4674405EAEF2E43019F6C90363063E52BEDF44F388636355","data/processed/p0/pedestrian_nodes.geojson":"547A82AA6CD4B2012EE931D022948B12836236F685129EB745DB9359F417D7D3","data/processed/p0/transit_points_p0.geojson":"D15301D6230B26E93F4BDD46E9839D26E174244E6ACABCB674F1BC9956C9B06E"},"merchant_id":"874423fb-1e28-510a-b572-e5eb36f2689a","merchant_name":"HAPPY LEMON TUNJUNGAN PLAZA 3","method_config_fingerprint":"A0AE32FCDC33656774E190C42F9BA9483E2684228F7FCDB54B16728D5177BFF0","node_id":"node_6576d242290f26495fe030240f5dec6f493d07a48f23bc6069b657ae0917d936","routing_status":"routable","snap_acceptance_status":"accepted","snap_distance_m":6.036804650759442,"threshold_m":50.0},"type":"Feature"},{"geometry":{"coordinates":[112.744375,-7.2698064],"type":"Point"},"properties":{"analysis_version":"p0-central-v1","component_id":"cc_000001","entity_type":"merchant","input_lineage":{"data/processed/p0/culinary_poi_p0.geojson":"B472BB9F0E8C18A5A85FAB6783FBA2455FD5A8FECE9BAAE4B23ED42A6AD7A608","data/processed/p0/pedestrian_edges.geojson":"6A77F7722AE6F3EF4674405EAEF2E43019F6C90363063E52BEDF44F388636355","data/processed/p0/pedestrian_nodes.geojson":"547A82AA6CD4B2012EE931D022948B12836236F685129EB745DB9359F417D7D3","data/processed/p0/transit_points_p0.geojson":"D15301D6230B26E93F4BDD46E9839D26E174244E6ACABCB674F1BC9956C9B06E"},"merchant_id":"88118f06-2bc1-536b-b061-f978b9e91151","merchant_name":"FLIGHT OF FLAVOURS ICE CREAM","method_config_fingerprint":"A0AE32FCDC33656774E190C42F9BA9483E2684228F7FCDB54B16728D5177BFF0","node_id":"node_212b44d9d0310f1f4c1c32b42d26bc1cb566a734fef699aa8316b8cbf90064aa","routing_status":"routable","snap_acceptance_status":"accepted","snap_distance_m":29.731098766092973,"threshold_m":50.0},"type":"Feature"},{"geometry":{"coordinates":[112.75263993922961,-7.265510343080282],"type":"Point"},"properties":{"analysis_version":"p0-central-v1","component_id":"cc_000001","entity_type":"merchant","input_lineage":{"data/processed/p0/culinary_poi_p0.geojson":"B472BB9F0E8C18A5A85FAB6783FBA2455FD5A8FECE9BAAE4B23ED42A6AD7A608","data/processed/p0/pedestrian_edges.geojson":"6A77F7722AE6F3EF4674405EAEF2E43019F6C90363063E52BEDF44F388636355","data/processed/p0/pedestrian_nodes.geojson":"547A82AA6CD4B2012EE931D022948B12836236F685129EB745DB9359F417D7D3","data/processed/p0/transit_points_p0.geojson":"D15301D6230B26E93F4BDD46E9839D26E174244E6ACABCB674F1BC9956C9B06E"},"merchant_id":"8951a33a-325a-5a79-babf-6c3242014855","merchant_name":"DUNKIN'","method_config_fingerprint":"A0AE32FCDC33656774E190C42F9BA9483E2684228F7FCDB54B16728D5177BFF0","node_id":"node_29b6df6c0c41722f74bb33d0a76340e74b10b7ae2783ee933578aa99e5ec38d7","routing_status":"routable","snap_acceptance_status":"accepted","snap_distance_m":25.563407494273317,"threshold_m":50.0},"type":"Feature"},{"geometry":{"coordinates":[112.7394022,-7.2633489],"type":"Point"},"properties":{"analysis_version":"p0-central-v1","component_id":"cc_000001","entity_type":"merchant","input_lineage":{"data/processed/p0/culinary_poi_p0.geojson":"B472BB9F0E8C18A5A85FAB6783FBA2455FD5A8FECE9BAAE4B23ED42A6AD7A608","data/processed/p0/pedestrian_edges.geojson":"6A77F7722AE6F3EF4674405EAEF2E43019F6C90363063E52BEDF44F388636355","data/processed/p0/pedestrian_nodes.geojson":"547A82AA6CD4B2012EE931D022948B12836236F685129EB745DB9359F417D7D3","data/processed/p0/transit_points_p0.geojson":"D15301D6230B26E93F4BDD46E9839D26E174244E6ACABCB674F1BC9956C9B06E"},"merchant_id":"89a13881-2302-53ad-8e01-2eb572bd1123","merchant_name":"DAIRY QUEEN TUNJUNGAN PLAZA 3","method_config_fingerprint":"A0AE32FCDC33656774E190C42F9BA9483E2684228F7FCDB54B16728D5177BFF0","node_id":"node_58d533e1c37868f4e92c8d9588d0dd2f7e186bb71079a5a1f12d2356e6ffc2a2","routing_status":"routable","snap_acceptance_status":"accepted","snap_distance_m":7.9427893421706806,"threshold_m":50.0},"type":"Feature"},{"geometry":{"coordinates":[112.7454314,-7.2732674],"type":"Point"},"properties":{"analysis_version":"p0-central-v1","component_id":"cc_000001","entity_type":"merchant","input_lineage":{"data/processed/p0/culinary_poi_p0.geojson":"B472BB9F0E8C18A5A85FAB6783FBA2455FD5A8FECE9BAAE4B23ED42A6AD7A608","data/processed/p0/pedestrian_edges.geojson":"6A77F7722AE6F3EF4674405EAEF2E43019F6C90363063E52BEDF44F388636355","data/processed/p0/pedestrian_nodes.geojson":"547A82AA6CD4B2012EE931D022948B12836236F685129EB745DB9359F417D7D3","data/processed/p0/transit_points_p0.geojson":"D15301D6230B26E93F4BDD46E9839D26E174244E6ACABCB674F1BC9956C9B06E"},"merchant_id":"89d37d1f-71a1-5575-95e0-e7d642616bfa","merchant_name":"MIXUE ICE CREAM & TEA - KARIMUN JAWA","method_config_fingerprint":"A0AE32FCDC33656774E190C42F9BA9483E2684228F7FCDB54B16728D5177BFF0","node_id":"node_5f5fbbf9d9e9a7f7216f1db18c17643649a0b7fba779ca55dc48a1ebd29488ef","routing_status":"routable","snap_acceptance_status":"accepted","snap_distance_m":9.308397531593402,"threshold_m":50.0},"type":"Feature"},{"geometry":{"coordinates":[112.73531190000006,-7.270350499999958],"type":"Point"},"properties":{"analysis_version":"p0-central-v1","component_id":"cc_000001","entity_type":"merchant","input_lineage":{"data/processed/p0/culinary_poi_p0.geojson":"B472BB9F0E8C18A5A85FAB6783FBA2455FD5A8FECE9BAAE4B23ED42A6AD7A608","data/processed/p0/pedestrian_edges.geojson":"6A77F7722AE6F3EF4674405EAEF2E43019F6C90363063E52BEDF44F388636355","data/processed/p0/pedestrian_nodes.geojson":"547A82AA6CD4B2012EE931D022948B12836236F685129EB745DB9359F417D7D3","data/processed/p0/transit_points_p0.geojson":"D15301D6230B26E93F4BDD46E9839D26E174244E6ACABCB674F1BC9956C9B06E"},"merchant_id":"8afb4ac7-a775-510b-bccd-acc195837329","merchant_name":"ROSANA FRIED CHICKEN","method_config_fingerprint":"A0AE32FCDC33656774E190C42F9BA9483E2684228F7FCDB54B16728D5177BFF0","node_id":"node_aeffe5cacea9039dab3a9f5987a6638a50198e26780741dd101bad7b58ea9f10","routing_status":"routable","snap_acceptance_status":"accepted","snap_distance_m":29.313115088772523,"threshold_m":50.0},"type":"Feature"},{"geometry":{"coordinates":[112.73928546101014,-7.262981729375491],"type":"Point"},"properties":{"analysis_version":"p0-central-v1","component_id":"cc_000001","entity_type":"merchant","input_lineage":{"data/processed/p0/culinary_poi_p0.geojson":"B472BB9F0E8C18A5A85FAB6783FBA2455FD5A8FECE9BAAE4B23ED42A6AD7A608","data/processed/p0/pedestrian_edges.geojson":"6A77F7722AE6F3EF4674405EAEF2E43019F6C90363063E52BEDF44F388636355","data/processed/p0/pedestrian_nodes.geojson":"547A82AA6CD4B2012EE931D022948B12836236F685129EB745DB9359F417D7D3","data/processed/p0/transit_points_p0.geojson":"D15301D6230B26E93F4BDD46E9839D26E174244E6ACABCB674F1BC9956C9B06E"},"merchant_id":"8b1ce012-eab2-58cc-a178-d475689ef008","merchant_name":"MR. PANCAKE","method_config_fingerprint":"A0AE32FCDC33656774E190C42F9BA9483E2684228F7FCDB54B16728D5177BFF0","node_id":"node_632d898aa69d62a541e61930c4e2d0eb497548192c23a1944ba1395e2501a6b6","routing_status":"routable","snap_acceptance_status":"accepted","snap_distance_m":15.74715437443284,"threshold_m":50.0},"type":"Feature"},{"geometry":{"coordinates":[112.74567580000007,-7.260659199999964],"type":"Point"},"properties":{"analysis_version":"p0-central-v1","component_id":"cc_000001","entity_type":"merchant","input_lineage":{"data/processed/p0/culinary_poi_p0.geojson":"B472BB9F0E8C18A5A85FAB6783FBA2455FD5A8FECE9BAAE4B23ED42A6AD7A608","data/processed/p0/pedestrian_edges.geojson":"6A77F7722AE6F3EF4674405EAEF2E43019F6C90363063E52BEDF44F388636355","data/processed/p0/pedestrian_nodes.geojson":"547A82AA6CD4B2012EE931D022948B12836236F685129EB745DB9359F417D7D3","data/processed/p0/transit_points_p0.geojson":"D15301D6230B26E93F4BDD46E9839D26E174244E6ACABCB674F1BC9956C9B06E"},"merchant_id":"8b279edc-0480-5d89-bfe1-4d3d70b3ac4a","merchant_name":"RM PADANG BUNDO SATI","method_config_fingerprint":"A0AE32FCDC33656774E190C42F9BA9483E2684228F7FCDB54B16728D5177BFF0","node_id":"node_19e491d82078d837d842ed51e2989da571a976aeac2dccde30ba56c9ece47773","routing_status":"routable","snap_acceptance_status":"accepted","snap_distance_m":24.68736139586961,"threshold_m":50.0},"type":"Feature"},{"geometry":{"coordinates":[112.752657,-7.2651577],"type":"Point"},"properties":{"analysis_version":"p0-central-v1","component_id":"cc_000001","entity_type":"merchant","input_lineage":{"data/processed/p0/culinary_poi_p0.geojson":"B472BB9F0E8C18A5A85FAB6783FBA2455FD5A8FECE9BAAE4B23ED42A6AD7A608","data/processed/p0/pedestrian_edges.geojson":"6A77F7722AE6F3EF4674405EAEF2E43019F6C90363063E52BEDF44F388636355","data/processed/p0/pedestrian_nodes.geojson":"547A82AA6CD4B2012EE931D022948B12836236F685129EB745DB9359F417D7D3","data/processed/p0/transit_points_p0.geojson":"D15301D6230B26E93F4BDD46E9839D26E174244E6ACABCB674F1BC9956C9B06E"},"merchant_id":"8b38f036-659c-5483-94c9-c87a38912d0f","merchant_name":"ROTI O","method_config_fingerprint":"A0AE32FCDC33656774E190C42F9BA9483E2684228F7FCDB54B16728D5177BFF0","node_id":"node_653da53f152b3c3b63c7b73d68e95e7e95ea74e737e63488c7145511e249ea0f","routing_status":"routable","snap_acceptance_status":"accepted","snap_distance_m":26.096469834616634,"threshold_m":50.0},"type":"Feature"},{"geometry":{"coordinates":[112.7399288,-7.2617137],"type":"Point"},"properties":{"analysis_version":"p0-central-v1","component_id":"cc_000001","entity_type":"merchant","input_lineage":{"data/processed/p0/culinary_poi_p0.geojson":"B472BB9F0E8C18A5A85FAB6783FBA2455FD5A8FECE9BAAE4B23ED42A6AD7A608","data/processed/p0/pedestrian_edges.geojson":"6A77F7722AE6F3EF4674405EAEF2E43019F6C90363063E52BEDF44F388636355","data/processed/p0/pedestrian_nodes.geojson":"547A82AA6CD4B2012EE931D022948B12836236F685129EB745DB9359F417D7D3","data/processed/p0/transit_points_p0.geojson":"D15301D6230B26E93F4BDD46E9839D26E174244E6ACABCB674F1BC9956C9B06E"},"merchant_id":"8bef60df-d9cb-5550-a02a-43f0e766e6bc","merchant_name":"BARBYS BAKERY","method_config_fingerprint":"A0AE32FCDC33656774E190C42F9BA9483E2684228F7FCDB54B16728D5177BFF0","node_id":"node_08195d384769f73c65f2c6230e0a2c14e873bd0dd209d9d2f1a497b28fe2c6ed","routing_status":"routable","snap_acceptance_status":"accepted","snap_distance_m":12.20658714112132,"threshold_m":50.0},"type":"Feature"},{"geometry":{"coordinates":[112.7424851,-7.2644529],"type":"Point"},"properties":{"analysis_version":"p0-central-v1","component_id":"cc_000001","entity_type":"merchant","input_lineage":{"data/processed/p0/culinary_poi_p0.geojson":"B472BB9F0E8C18A5A85FAB6783FBA2455FD5A8FECE9BAAE4B23ED42A6AD7A608","data/processed/p0/pedestrian_edges.geojson":"6A77F7722AE6F3EF4674405EAEF2E43019F6C90363063E52BEDF44F388636355","data/processed/p0/pedestrian_nodes.geojson":"547A82AA6CD4B2012EE931D022948B12836236F685129EB745DB9359F417D7D3","data/processed/p0/transit_points_p0.geojson":"D15301D6230B26E93F4BDD46E9839D26E174244E6ACABCB674F1BC9956C9B06E"},"merchant_id":"8e878098-d99d-51ca-81cc-424998591168","merchant_name":"PIZZA HUT RESTORAN","method_config_fingerprint":"A0AE32FCDC33656774E190C42F9BA9483E2684228F7FCDB54B16728D5177BFF0","node_id":"node_e84a859dc6300b01c3c677d2eb2fd21a24ebbb026116aa12745e08e76192f11e","routing_status":"routable","snap_acceptance_status":"accepted","snap_distance_m":18.261199842206388,"threshold_m":50.0},"type":"Feature"},{"geometry":{"coordinates":[112.74823950000007,-7.265088099999957],"type":"Point"},"properties":{"analysis_version":"p0-central-v1","component_id":"cc_000001","entity_type":"merchant","input_lineage":{"data/processed/p0/culinary_poi_p0.geojson":"B472BB9F0E8C18A5A85FAB6783FBA2455FD5A8FECE9BAAE4B23ED42A6AD7A608","data/processed/p0/pedestrian_edges.geojson":"6A77F7722AE6F3EF4674405EAEF2E43019F6C90363063E52BEDF44F388636355","data/processed/p0/pedestrian_nodes.geojson":"547A82AA6CD4B2012EE931D022948B12836236F685129EB745DB9359F417D7D3","data/processed/p0/transit_points_p0.geojson":"D15301D6230B26E93F4BDD46E9839D26E174244E6ACABCB674F1BC9956C9B06E"},"merchant_id":"8eac53b2-8cc7-58f0-ad28-9aab0fe6734f","merchant_name":"EXCELSO SURABAYA PLAZA","method_config_fingerprint":"A0AE32FCDC33656774E190C42F9BA9483E2684228F7FCDB54B16728D5177BFF0","node_id":"node_d70e3f9fbdec4ca947f30221d68fc2aaf0ef3874c25de872fb6e34ff9e4ebf08","routing_status":"routable","snap_acceptance_status":"accepted","snap_distance_m":19.06739158781106,"threshold_m":50.0},"type":"Feature"},{"geometry":{"coordinates":[112.74311970000008,-7.266682399999979],"type":"Point"},"properties":{"analysis_version":"p0-central-v1","component_id":"cc_000001","entity_type":"merchant","input_lineage":{"data/processed/p0/culinary_poi_p0.geojson":"B472BB9F0E8C18A5A85FAB6783FBA2455FD5A8FECE9BAAE4B23ED42A6AD7A608","data/processed/p0/pedestrian_edges.geojson":"6A77F7722AE6F3EF4674405EAEF2E43019F6C90363063E52BEDF44F388636355","data/processed/p0/pedestrian_nodes.geojson":"547A82AA6CD4B2012EE931D022948B12836236F685129EB745DB9359F417D7D3","data/processed/p0/transit_points_p0.geojson":"D15301D6230B26E93F4BDD46E9839D26E174244E6ACABCB674F1BC9956C9B06E"},"merchant_id":"8eacd494-8d50-5b54-969d-5a78e689f8a0","merchant_name":"NEW ANTIKA PADANG RESTAURANT","method_config_fingerprint":"A0AE32FCDC33656774E190C42F9BA9483E2684228F7FCDB54B16728D5177BFF0","node_id":"node_b4f5d65c265a7fe336e400d74a90f29ff2b1d1166f7014e9d9e4dfdf5aece89b","routing_status":"routable","snap_acceptance_status":"accepted","snap_distance_m":27.053689742370302,"threshold_m":50.0},"type":"Feature"},{"geometry":{"coordinates":[112.7392836,-7.2724254],"type":"Point"},"properties":{"analysis_version":"p0-central-v1","component_id":"cc_000001","entity_type":"merchant","input_lineage":{"data/processed/p0/culinary_poi_p0.geojson":"B472BB9F0E8C18A5A85FAB6783FBA2455FD5A8FECE9BAAE4B23ED42A6AD7A608","data/processed/p0/pedestrian_edges.geojson":"6A77F7722AE6F3EF4674405EAEF2E43019F6C90363063E52BEDF44F388636355","data/processed/p0/pedestrian_nodes.geojson":"547A82AA6CD4B2012EE931D022948B12836236F685129EB745DB9359F417D7D3","data/processed/p0/transit_points_p0.geojson":"D15301D6230B26E93F4BDD46E9839D26E174244E6ACABCB674F1BC9956C9B06E"},"merchant_id":"8ed53e5e-dfa7-5df5-a505-25ed6ae18869","merchant_name":"MAMITA PASTRY","method_config_fingerprint":"A0AE32FCDC33656774E190C42F9BA9483E2684228F7FCDB54B16728D5177BFF0","node_id":"node_dbdd0b13ff49916b396a407b4b895e9b1f0ed6f516fe78c35862a513816a37f3","routing_status":"routable","snap_acceptance_status":"accepted","snap_distance_m":11.91337427296656,"threshold_m":50.0},"type":"Feature"},{"geometry":{"coordinates":[112.74495120000006,-7.260450799999944],"type":"Point"},"properties":{"analysis_version":"p0-central-v1","component_id":"cc_000001","entity_type":"merchant","input_lineage":{"data/processed/p0/culinary_poi_p0.geojson":"B472BB9F0E8C18A5A85FAB6783FBA2455FD5A8FECE9BAAE4B23ED42A6AD7A608","data/processed/p0/pedestrian_edges.geojson":"6A77F7722AE6F3EF4674405EAEF2E43019F6C90363063E52BEDF44F388636355","data/processed/p0/pedestrian_nodes.geojson":"547A82AA6CD4B2012EE931D022948B12836236F685129EB745DB9359F417D7D3","data/processed/p0/transit_points_p0.geojson":"D15301D6230B26E93F4BDD46E9839D26E174244E6ACABCB674F1BC9956C9B06E"},"merchant_id":"8eebaf2f-40d7-50a5-9b97-ee38282f17a1","merchant_name":"SIMPANG RAYA RUMAH MAKAN","method_config_fingerprint":"A0AE32FCDC33656774E190C42F9BA9483E2684228F7FCDB54B16728D5177BFF0","node_id":"node_76855a1acdbf8a23ed7a312b6993eb53d33ebf3530f9bbdebe45587a5f8adca2","routing_status":"routable","snap_acceptance_status":"accepted","snap_distance_m":18.62154043082686,"threshold_m":50.0},"type":"Feature"},{"geometry":{"coordinates":[112.7385937,-7.2613595],"type":"Point"},"properties":{"analysis_version":"p0-central-v1","component_id":"cc_000001","entity_type":"merchant","input_lineage":{"data/processed/p0/culinary_poi_p0.geojson":"B472BB9F0E8C18A5A85FAB6783FBA2455FD5A8FECE9BAAE4B23ED42A6AD7A608","data/processed/p0/pedestrian_edges.geojson":"6A77F7722AE6F3EF4674405EAEF2E43019F6C90363063E52BEDF44F388636355","data/processed/p0/pedestrian_nodes.geojson":"547A82AA6CD4B2012EE931D022948B12836236F685129EB745DB9359F417D7D3","data/processed/p0/transit_points_p0.geojson":"D15301D6230B26E93F4BDD46E9839D26E174244E6ACABCB674F1BC9956C9B06E"},"merchant_id":"8efebac2-e070-558a-81b8-83889613870c","merchant_name":"BASKIN ROBBINS - TUNJUNGAN PLAZA 1","method_config_fingerprint":"A0AE32FCDC33656774E190C42F9BA9483E2684228F7FCDB54B16728D5177BFF0","node_id":"node_536c474ea6c727ca7558ed99780f16863589e033b7f8bff0ea93d9514fbbd7c8","routing_status":"routable","snap_acceptance_status":"accepted","snap_distance_m":25.191420916655996,"threshold_m":50.0},"type":"Feature"},{"geometry":{"coordinates":[112.7386167,-7.2688889],"type":"Point"},"properties":{"analysis_version":"p0-central-v1","component_id":"cc_000001","entity_type":"merchant","input_lineage":{"data/processed/p0/culinary_poi_p0.geojson":"B472BB9F0E8C18A5A85FAB6783FBA2455FD5A8FECE9BAAE4B23ED42A6AD7A608","data/processed/p0/pedestrian_edges.geojson":"6A77F7722AE6F3EF4674405EAEF2E43019F6C90363063E52BEDF44F388636355","data/processed/p0/pedestrian_nodes.geojson":"547A82AA6CD4B2012EE931D022948B12836236F685129EB745DB9359F417D7D3","data/processed/p0/transit_points_p0.geojson":"D15301D6230B26E93F4BDD46E9839D26E174244E6ACABCB674F1BC9956C9B06E"},"merchant_id":"8f308b22-9c60-5fbb-8274-d10432e53dff","merchant_name":"BON AMI RESTAURANT - KOMBES POL M DURYAT","method_config_fingerprint":"A0AE32FCDC33656774E190C42F9BA9483E2684228F7FCDB54B16728D5177BFF0","node_id":"node_3f8ff5c87f72596f0088b7cc6b92280477484fb8a60e2071b2d62a0c5eed89a0","routing_status":"routable","snap_acceptance_status":"accepted","snap_distance_m":17.702493524253686,"threshold_m":50.0},"type":"Feature"},{"geometry":{"coordinates":[112.7504742000001,-7.261250599999926],"type":"Point"},"properties":{"analysis_version":"p0-central-v1","component_id":"cc_000001","entity_type":"merchant","input_lineage":{"data/processed/p0/culinary_poi_p0.geojson":"B472BB9F0E8C18A5A85FAB6783FBA2455FD5A8FECE9BAAE4B23ED42A6AD7A608","data/processed/p0/pedestrian_edges.geojson":"6A77F7722AE6F3EF4674405EAEF2E43019F6C90363063E52BEDF44F388636355","data/processed/p0/pedestrian_nodes.geojson":"547A82AA6CD4B2012EE931D022948B12836236F685129EB745DB9359F417D7D3","data/processed/p0/transit_points_p0.geojson":"D15301D6230B26E93F4BDD46E9839D26E174244E6ACABCB674F1BC9956C9B06E"},"merchant_id":"91a1702f-c263-52e0-b3d2-976e9ca563e8","merchant_name":"KIMCHI-GO - GRAND CITY MALL SURABAYA","method_config_fingerprint":"A0AE32FCDC33656774E190C42F9BA9483E2684228F7FCDB54B16728D5177BFF0","node_id":"node_bf64ba61d6bc76ee3d94061c201cf0cd1da59d63306878615627d6fd9a6b5673","routing_status":"snap_too_far","snap_acceptance_status":"snap_too_far","snap_distance_m":69.5558686285268,"threshold_m":50.0},"type":"Feature"},{"geometry":{"coordinates":[112.7353162,-7.2705607],"type":"Point"},"properties":{"analysis_version":"p0-central-v1","component_id":"cc_000001","entity_type":"merchant","input_lineage":{"data/processed/p0/culinary_poi_p0.geojson":"B472BB9F0E8C18A5A85FAB6783FBA2455FD5A8FECE9BAAE4B23ED42A6AD7A608","data/processed/p0/pedestrian_edges.geojson":"6A77F7722AE6F3EF4674405EAEF2E43019F6C90363063E52BEDF44F388636355","data/processed/p0/pedestrian_nodes.geojson":"547A82AA6CD4B2012EE931D022948B12836236F685129EB745DB9359F417D7D3","data/processed/p0/transit_points_p0.geojson":"D15301D6230B26E93F4BDD46E9839D26E174244E6ACABCB674F1BC9956C9B06E"},"merchant_id":"922f9bca-ee30-5c62-be2d-10fd62d134cd","merchant_name":"WARUNG MAKAN TEGAL CITRA BARU","method_config_fingerprint":"A0AE32FCDC33656774E190C42F9BA9483E2684228F7FCDB54B16728D5177BFF0","node_id":"node_aeffe5cacea9039dab3a9f5987a6638a50198e26780741dd101bad7b58ea9f10","routing_status":"routable","snap_acceptance_status":"accepted","snap_distance_m":10.00489895008967,"threshold_m":50.0},"type":"Feature"},{"geometry":{"coordinates":[112.7510601,-7.2603647],"type":"Point"},"properties":{"analysis_version":"p0-central-v1","component_id":"cc_000001","entity_type":"merchant","input_lineage":{"data/processed/p0/culinary_poi_p0.geojson":"B472BB9F0E8C18A5A85FAB6783FBA2455FD5A8FECE9BAAE4B23ED42A6AD7A608","data/processed/p0/pedestrian_edges.geojson":"6A77F7722AE6F3EF4674405EAEF2E43019F6C90363063E52BEDF44F388636355","data/processed/p0/pedestrian_nodes.geojson":"547A82AA6CD4B2012EE931D022948B12836236F685129EB745DB9359F417D7D3","data/processed/p0/transit_points_p0.geojson":"D15301D6230B26E93F4BDD46E9839D26E174244E6ACABCB674F1BC9956C9B06E"},"merchant_id":"9290ee90-4476-5191-a906-962deec3b29a","merchant_name":"SUZANA BAKERY","method_config_fingerprint":"A0AE32FCDC33656774E190C42F9BA9483E2684228F7FCDB54B16728D5177BFF0","node_id":"node_73df7ee1fdcc2657f9ce736b55a5420ed26b123b9421f9fd7299cd090249047c","routing_status":"routable","snap_acceptance_status":"accepted","snap_distance_m":34.68766029987253,"threshold_m":50.0},"type":"Feature"},{"geometry":{"coordinates":[112.7385462,-7.2614307],"type":"Point"},"properties":{"analysis_version":"p0-central-v1","component_id":"cc_000001","entity_type":"merchant","input_lineage":{"data/processed/p0/culinary_poi_p0.geojson":"B472BB9F0E8C18A5A85FAB6783FBA2455FD5A8FECE9BAAE4B23ED42A6AD7A608","data/processed/p0/pedestrian_edges.geojson":"6A77F7722AE6F3EF4674405EAEF2E43019F6C90363063E52BEDF44F388636355","data/processed/p0/pedestrian_nodes.geojson":"547A82AA6CD4B2012EE931D022948B12836236F685129EB745DB9359F417D7D3","data/processed/p0/transit_points_p0.geojson":"D15301D6230B26E93F4BDD46E9839D26E174244E6ACABCB674F1BC9956C9B06E"},"merchant_id":"92943036-9bd0-547b-948e-5d7071608e37","merchant_name":"SHAKE SHAKE IN A TUB - TUNJUNGAN PLAZA 3 LT5","method_config_fingerprint":"A0AE32FCDC33656774E190C42F9BA9483E2684228F7FCDB54B16728D5177BFF0","node_id":"node_536c474ea6c727ca7558ed99780f16863589e033b7f8bff0ea93d9514fbbd7c8","routing_status":"routable","snap_acceptance_status":"accepted","snap_distance_m":34.21417858205354,"threshold_m":50.0},"type":"Feature"},{"geometry":{"coordinates":[112.73894440000004,-7.259807699999955],"type":"Point"},"properties":{"analysis_version":"p0-central-v1","component_id":"cc_000001","entity_type":"merchant","input_lineage":{"data/processed/p0/culinary_poi_p0.geojson":"B472BB9F0E8C18A5A85FAB6783FBA2455FD5A8FECE9BAAE4B23ED42A6AD7A608","data/processed/p0/pedestrian_edges.geojson":"6A77F7722AE6F3EF4674405EAEF2E43019F6C90363063E52BEDF44F388636355","data/processed/p0/pedestrian_nodes.geojson":"547A82AA6CD4B2012EE931D022948B12836236F685129EB745DB9359F417D7D3","data/processed/p0/transit_points_p0.geojson":"D15301D6230B26E93F4BDD46E9839D26E174244E6ACABCB674F1BC9956C9B06E"},"merchant_id":"931985d0-db6f-5626-bce5-4fa38c184882","merchant_name":"TRAFFIC BUN - TUNJUNGAN","method_config_fingerprint":"A0AE32FCDC33656774E190C42F9BA9483E2684228F7FCDB54B16728D5177BFF0","node_id":"node_09cf19c27d27f293343af6abe0848f3f0e37591c29872f1a05f19c2cbbe705e6","routing_status":"routable","snap_acceptance_status":"accepted","snap_distance_m":18.76046386604944,"threshold_m":50.0},"type":"Feature"},{"geometry":{"coordinates":[112.73379310000007,-7.255355899999923],"type":"Point"},"properties":{"analysis_version":"p0-central-v1","component_id":"cc_000001","entity_type":"merchant","input_lineage":{"data/processed/p0/culinary_poi_p0.geojson":"B472BB9F0E8C18A5A85FAB6783FBA2455FD5A8FECE9BAAE4B23ED42A6AD7A608","data/processed/p0/pedestrian_edges.geojson":"6A77F7722AE6F3EF4674405EAEF2E43019F6C90363063E52BEDF44F388636355","data/processed/p0/pedestrian_nodes.geojson":"547A82AA6CD4B2012EE931D022948B12836236F685129EB745DB9359F417D7D3","data/processed/p0/transit_points_p0.geojson":"D15301D6230B26E93F4BDD46E9839D26E174244E6ACABCB674F1BC9956C9B06E"},"merchant_id":"93e40367-11d8-51f3-9bb2-678f3f40fa23","merchant_name":"A&W RESTAURANT - BG JUNCTION","method_config_fingerprint":"A0AE32FCDC33656774E190C42F9BA9483E2684228F7FCDB54B16728D5177BFF0","node_id":"node_0015b72bacbe6ec47295b514a452021ba6e48b4130b4beb5c11a5deece4e3d24","routing_status":"routable","snap_acceptance_status":"accepted","snap_distance_m":25.227450557298564,"threshold_m":50.0},"type":"Feature"},{"geometry":{"coordinates":[112.7528876,-7.2656751],"type":"Point"},"properties":{"analysis_version":"p0-central-v1","component_id":"cc_000001","entity_type":"merchant","input_lineage":{"data/processed/p0/culinary_poi_p0.geojson":"B472BB9F0E8C18A5A85FAB6783FBA2455FD5A8FECE9BAAE4B23ED42A6AD7A608","data/processed/p0/pedestrian_edges.geojson":"6A77F7722AE6F3EF4674405EAEF2E43019F6C90363063E52BEDF44F388636355","data/processed/p0/pedestrian_nodes.geojson":"547A82AA6CD4B2012EE931D022948B12836236F685129EB745DB9359F417D7D3","data/processed/p0/transit_points_p0.geojson":"D15301D6230B26E93F4BDD46E9839D26E174244E6ACABCB674F1BC9956C9B06E"},"merchant_id":"93f9e685-e28e-5c82-8817-4697a30adbcc","merchant_name":"DUNKIN' DONUTS","method_config_fingerprint":"A0AE32FCDC33656774E190C42F9BA9483E2684228F7FCDB54B16728D5177BFF0","node_id":"node_c25e7ed34237fcad8fc8c9053a99aea233b7eab7e328076dc4b4a51adce5cb94","routing_status":"routable","snap_acceptance_status":"accepted","snap_distance_m":5.065145969764251,"threshold_m":50.0},"type":"Feature"},{"geometry":{"coordinates":[112.73288,-7.2548994],"type":"Point"},"properties":{"analysis_version":"p0-central-v1","component_id":"cc_000001","entity_type":"merchant","input_lineage":{"data/processed/p0/culinary_poi_p0.geojson":"B472BB9F0E8C18A5A85FAB6783FBA2455FD5A8FECE9BAAE4B23ED42A6AD7A608","data/processed/p0/pedestrian_edges.geojson":"6A77F7722AE6F3EF4674405EAEF2E43019F6C90363063E52BEDF44F388636355","data/processed/p0/pedestrian_nodes.geojson":"547A82AA6CD4B2012EE931D022948B12836236F685129EB745DB9359F417D7D3","data/processed/p0/transit_points_p0.geojson":"D15301D6230B26E93F4BDD46E9839D26E174244E6ACABCB674F1BC9956C9B06E"},"merchant_id":"95cbea63-2e4e-5480-aaab-a90ac13848e4","merchant_name":"NASI GORENG 69","method_config_fingerprint":"A0AE32FCDC33656774E190C42F9BA9483E2684228F7FCDB54B16728D5177BFF0","node_id":"node_58d2ce8d7ca205497298528c486a6a28463ce494c3e64ccd89e2ae2c6f43c1e7","routing_status":"routable","snap_acceptance_status":"accepted","snap_distance_m":5.380264760747896,"threshold_m":50.0},"type":"Feature"},{"geometry":{"coordinates":[112.75056989999999,-7.2694695],"type":"Point"},"properties":{"analysis_version":"p0-central-v1","component_id":"cc_000001","entity_type":"merchant","input_lineage":{"data/processed/p0/culinary_poi_p0.geojson":"B472BB9F0E8C18A5A85FAB6783FBA2455FD5A8FECE9BAAE4B23ED42A6AD7A608","data/processed/p0/pedestrian_edges.geojson":"6A77F7722AE6F3EF4674405EAEF2E43019F6C90363063E52BEDF44F388636355","data/processed/p0/pedestrian_nodes.geojson":"547A82AA6CD4B2012EE931D022948B12836236F685129EB745DB9359F417D7D3","data/processed/p0/transit_points_p0.geojson":"D15301D6230B26E93F4BDD46E9839D26E174244E6ACABCB674F1BC9956C9B06E"},"merchant_id":"9603654c-9b47-5d06-be83-d48a71bf5d31","merchant_name":"NASI GORENG HATKOR","method_config_fingerprint":"A0AE32FCDC33656774E190C42F9BA9483E2684228F7FCDB54B16728D5177BFF0","node_id":"node_72c707cc9edb4b390287ba4d10651fb999b03fc49c0e27f5c13f6577a5554d73","routing_status":"routable","snap_acceptance_status":"accepted","snap_distance_m":20.27915890001606,"threshold_m":50.0},"type":"Feature"},{"geometry":{"coordinates":[112.7371443,-7.2646132],"type":"Point"},"properties":{"analysis_version":"p0-central-v1","component_id":"cc_000001","entity_type":"merchant","input_lineage":{"data/processed/p0/culinary_poi_p0.geojson":"B472BB9F0E8C18A5A85FAB6783FBA2455FD5A8FECE9BAAE4B23ED42A6AD7A608","data/processed/p0/pedestrian_edges.geojson":"6A77F7722AE6F3EF4674405EAEF2E43019F6C90363063E52BEDF44F388636355","data/processed/p0/pedestrian_nodes.geojson":"547A82AA6CD4B2012EE931D022948B12836236F685129EB745DB9359F417D7D3","data/processed/p0/transit_points_p0.geojson":"D15301D6230B26E93F4BDD46E9839D26E174244E6ACABCB674F1BC9956C9B06E"},"merchant_id":"96540fe3-37fc-56bd-9f5e-5969abb5f355","merchant_name":"AICE ES KRIM DEPOT","method_config_fingerprint":"A0AE32FCDC33656774E190C42F9BA9483E2684228F7FCDB54B16728D5177BFF0","node_id":"node_82785a75e3a5a556ab991d2a3d3300150832f0e43c4d9fa283e9fd57a5e5e84e","routing_status":"routable","snap_acceptance_status":"accepted","snap_distance_m":13.922233466024345,"threshold_m":50.0},"type":"Feature"},{"geometry":{"coordinates":[112.73919930000011,-7.263624599999957],"type":"Point"},"properties":{"analysis_version":"p0-central-v1","component_id":"cc_000001","entity_type":"merchant","input_lineage":{"data/processed/p0/culinary_poi_p0.geojson":"B472BB9F0E8C18A5A85FAB6783FBA2455FD5A8FECE9BAAE4B23ED42A6AD7A608","data/processed/p0/pedestrian_edges.geojson":"6A77F7722AE6F3EF4674405EAEF2E43019F6C90363063E52BEDF44F388636355","data/processed/p0/pedestrian_nodes.geojson":"547A82AA6CD4B2012EE931D022948B12836236F685129EB745DB9359F417D7D3","data/processed/p0/transit_points_p0.geojson":"D15301D6230B26E93F4BDD46E9839D26E174244E6ACABCB674F1BC9956C9B06E"},"merchant_id":"96577f52-5e95-5b7c-96b4-e62f06146f16","merchant_name":"DONER KEBAB - TUNJUNGAN PLAZA 3","method_config_fingerprint":"A0AE32FCDC33656774E190C42F9BA9483E2684228F7FCDB54B16728D5177BFF0","node_id":"node_39a1ed0bf919113f6a29ba840b59300db7b5e4a4718ff8cdbadf6d6679189921","routing_status":"routable","snap_acceptance_status":"accepted","snap_distance_m":9.285875246991452,"threshold_m":50.0},"type":"Feature"},{"geometry":{"coordinates":[112.75089820000005,-7.26171979999998],"type":"Point"},"properties":{"analysis_version":"p0-central-v1","component_id":"cc_000001","entity_type":"merchant","input_lineage":{"data/processed/p0/culinary_poi_p0.geojson":"B472BB9F0E8C18A5A85FAB6783FBA2455FD5A8FECE9BAAE4B23ED42A6AD7A608","data/processed/p0/pedestrian_edges.geojson":"6A77F7722AE6F3EF4674405EAEF2E43019F6C90363063E52BEDF44F388636355","data/processed/p0/pedestrian_nodes.geojson":"547A82AA6CD4B2012EE931D022948B12836236F685129EB745DB9359F417D7D3","data/processed/p0/transit_points_p0.geojson":"D15301D6230B26E93F4BDD46E9839D26E174244E6ACABCB674F1BC9956C9B06E"},"merchant_id":"9692dd70-c674-558e-9499-4552e3455e28","merchant_name":"BENTOYA - GRAND CITY MALL SURABAYA","method_config_fingerprint":"A0AE32FCDC33656774E190C42F9BA9483E2684228F7FCDB54B16728D5177BFF0","node_id":"node_6c2cbe0a063e4bd99d8802232f1aecdf1521fab1729a454c90c1a7d2699d5148","routing_status":"routable","snap_acceptance_status":"accepted","snap_distance_m":31.431227840812976,"threshold_m":50.0},"type":"Feature"},{"geometry":{"coordinates":[112.74840260000008,-7.264851099999924],"type":"Point"},"properties":{"analysis_version":"p0-central-v1","component_id":"cc_000001","entity_type":"merchant","input_lineage":{"data/processed/p0/culinary_poi_p0.geojson":"B472BB9F0E8C18A5A85FAB6783FBA2455FD5A8FECE9BAAE4B23ED42A6AD7A608","data/processed/p0/pedestrian_edges.geojson":"6A77F7722AE6F3EF4674405EAEF2E43019F6C90363063E52BEDF44F388636355","data/processed/p0/pedestrian_nodes.geojson":"547A82AA6CD4B2012EE931D022948B12836236F685129EB745DB9359F417D7D3","data/processed/p0/transit_points_p0.geojson":"D15301D6230B26E93F4BDD46E9839D26E174244E6ACABCB674F1BC9956C9B06E"},"merchant_id":"97d980e0-30f0-5508-81f1-c2f47cafa1d0","merchant_name":"A&W - PLAZA SURABAYA","method_config_fingerprint":"A0AE32FCDC33656774E190C42F9BA9483E2684228F7FCDB54B16728D5177BFF0","node_id":"node_d70e3f9fbdec4ca947f30221d68fc2aaf0ef3874c25de872fb6e34ff9e4ebf08","routing_status":"snap_too_far","snap_acceptance_status":"snap_too_far","snap_distance_m":50.83243532742481,"threshold_m":50.0},"type":"Feature"},{"geometry":{"coordinates":[112.733996,-7.267731],"type":"Point"},"properties":{"analysis_version":"p0-central-v1","component_id":"cc_000001","entity_type":"merchant","input_lineage":{"data/processed/p0/culinary_poi_p0.geojson":"B472BB9F0E8C18A5A85FAB6783FBA2455FD5A8FECE9BAAE4B23ED42A6AD7A608","data/processed/p0/pedestrian_edges.geojson":"6A77F7722AE6F3EF4674405EAEF2E43019F6C90363063E52BEDF44F388636355","data/processed/p0/pedestrian_nodes.geojson":"547A82AA6CD4B2012EE931D022948B12836236F685129EB745DB9359F417D7D3","data/processed/p0/transit_points_p0.geojson":"D15301D6230B26E93F4BDD46E9839D26E174244E6ACABCB674F1BC9956C9B06E"},"merchant_id":"9966d343-c384-50d3-98f8-055d0f205504","merchant_name":"TITIK TENGAH SURABAYA","method_config_fingerprint":"A0AE32FCDC33656774E190C42F9BA9483E2684228F7FCDB54B16728D5177BFF0","node_id":"node_e2f42b17ff05aa851cb37baf68a54ff5b5a496cbafc117a5180a71057ab098c4","routing_status":"routable","snap_acceptance_status":"accepted","snap_distance_m":13.778045197336459,"threshold_m":50.0},"type":"Feature"},{"geometry":{"coordinates":[112.73934170000007,-7.261535199999969],"type":"Point"},"properties":{"analysis_version":"p0-central-v1","component_id":"cc_000001","entity_type":"merchant","input_lineage":{"data/processed/p0/culinary_poi_p0.geojson":"B472BB9F0E8C18A5A85FAB6783FBA2455FD5A8FECE9BAAE4B23ED42A6AD7A608","data/processed/p0/pedestrian_edges.geojson":"6A77F7722AE6F3EF4674405EAEF2E43019F6C90363063E52BEDF44F388636355","data/processed/p0/pedestrian_nodes.geojson":"547A82AA6CD4B2012EE931D022948B12836236F685129EB745DB9359F417D7D3","data/processed/p0/transit_points_p0.geojson":"D15301D6230B26E93F4BDD46E9839D26E174244E6ACABCB674F1BC9956C9B06E"},"merchant_id":"9972ae20-e539-5ad3-8ebc-ebd4f46c3236","merchant_name":"SUSHI TEI TP","method_config_fingerprint":"A0AE32FCDC33656774E190C42F9BA9483E2684228F7FCDB54B16728D5177BFF0","node_id":"node_40ac9b67f22d3a1aa8a997cdc3f78e9b6d9f5453bed9ee265d0ca054bf0314f9","routing_status":"routable","snap_acceptance_status":"accepted","snap_distance_m":17.64630533910433,"threshold_m":50.0},"type":"Feature"},{"geometry":{"coordinates":[112.75047310000002,-7.262207599999954],"type":"Point"},"properties":{"analysis_version":"p0-central-v1","component_id":"cc_000001","entity_type":"merchant","input_lineage":{"data/processed/p0/culinary_poi_p0.geojson":"B472BB9F0E8C18A5A85FAB6783FBA2455FD5A8FECE9BAAE4B23ED42A6AD7A608","data/processed/p0/pedestrian_edges.geojson":"6A77F7722AE6F3EF4674405EAEF2E43019F6C90363063E52BEDF44F388636355","data/processed/p0/pedestrian_nodes.geojson":"547A82AA6CD4B2012EE931D022948B12836236F685129EB745DB9359F417D7D3","data/processed/p0/transit_points_p0.geojson":"D15301D6230B26E93F4BDD46E9839D26E174244E6ACABCB674F1BC9956C9B06E"},"merchant_id":"99ac3c4c-843a-5275-b0e9-a7a9247f22f6","merchant_name":"STARBUCKS - GRAND CITY MALL SURABAYA","method_config_fingerprint":"A0AE32FCDC33656774E190C42F9BA9483E2684228F7FCDB54B16728D5177BFF0","node_id":"node_afed131883d6030c2d7a50ac0f631addd32dbb546eacd1914affec9e6921441a","routing_status":"routable","snap_acceptance_status":"accepted","snap_distance_m":11.114214857405456,"threshold_m":50.0},"type":"Feature"},{"geometry":{"coordinates":[112.7330655,-7.2591102],"type":"Point"},"properties":{"analysis_version":"p0-central-v1","component_id":"cc_000001","entity_type":"merchant","input_lineage":{"data/processed/p0/culinary_poi_p0.geojson":"B472BB9F0E8C18A5A85FAB6783FBA2455FD5A8FECE9BAAE4B23ED42A6AD7A608","data/processed/p0/pedestrian_edges.geojson":"6A77F7722AE6F3EF4674405EAEF2E43019F6C90363063E52BEDF44F388636355","data/processed/p0/pedestrian_nodes.geojson":"547A82AA6CD4B2012EE931D022948B12836236F685129EB745DB9359F417D7D3","data/processed/p0/transit_points_p0.geojson":"D15301D6230B26E93F4BDD46E9839D26E174244E6ACABCB674F1BC9956C9B06E"},"merchant_id":"99bc98e7-74e0-56b1-99dc-74963ab6d6d6","merchant_name":"SEAFOOD 48","method_config_fingerprint":"A0AE32FCDC33656774E190C42F9BA9483E2684228F7FCDB54B16728D5177BFF0","node_id":"node_acf1d57fe6dd27e4d36439a110318779d4afd5ddd089878a59e4619105a325b3","routing_status":"routable","snap_acceptance_status":"accepted","snap_distance_m":48.0974469177952,"threshold_m":50.0},"type":"Feature"},{"geometry":{"coordinates":[112.74807279999999,-7.2649714],"type":"Point"},"properties":{"analysis_version":"p0-central-v1","component_id":"cc_000001","entity_type":"merchant","input_lineage":{"data/processed/p0/culinary_poi_p0.geojson":"B472BB9F0E8C18A5A85FAB6783FBA2455FD5A8FECE9BAAE4B23ED42A6AD7A608","data/processed/p0/pedestrian_edges.geojson":"6A77F7722AE6F3EF4674405EAEF2E43019F6C90363063E52BEDF44F388636355","data/processed/p0/pedestrian_nodes.geojson":"547A82AA6CD4B2012EE931D022948B12836236F685129EB745DB9359F417D7D3","data/processed/p0/transit_points_p0.geojson":"D15301D6230B26E93F4BDD46E9839D26E174244E6ACABCB674F1BC9956C9B06E"},"merchant_id":"9ab6513e-e54e-59bf-b793-9c79b432015a","merchant_name":"BURGER KING PLAZA SURABAYA","method_config_fingerprint":"A0AE32FCDC33656774E190C42F9BA9483E2684228F7FCDB54B16728D5177BFF0","node_id":"node_a896d50dfccc3ed98308f132ec21472eb61bd84fcf5d203e4162f98b8fd984e8","routing_status":"routable","snap_acceptance_status":"accepted","snap_distance_m":20.06790102813616,"threshold_m":50.0},"type":"Feature"},{"geometry":{"coordinates":[112.7504543,-7.2599945],"type":"Point"},"properties":{"analysis_version":"p0-central-v1","component_id":"cc_000001","entity_type":"merchant","input_lineage":{"data/processed/p0/culinary_poi_p0.geojson":"B472BB9F0E8C18A5A85FAB6783FBA2455FD5A8FECE9BAAE4B23ED42A6AD7A608","data/processed/p0/pedestrian_edges.geojson":"6A77F7722AE6F3EF4674405EAEF2E43019F6C90363063E52BEDF44F388636355","data/processed/p0/pedestrian_nodes.geojson":"547A82AA6CD4B2012EE931D022948B12836236F685129EB745DB9359F417D7D3","data/processed/p0/transit_points_p0.geojson":"D15301D6230B26E93F4BDD46E9839D26E174244E6ACABCB674F1BC9956C9B06E"},"merchant_id":"9bc47dae-5916-5be8-b634-a893c2ba6d8a","merchant_name":"JALAATO KACA PIRING","method_config_fingerprint":"A0AE32FCDC33656774E190C42F9BA9483E2684228F7FCDB54B16728D5177BFF0","node_id":"node_90155c69006503c30c8a30d2e3112da7031b4f07fbef9ea1a5538876b9e2a75c","routing_status":"snap_too_far","snap_acceptance_status":"snap_too_far","snap_distance_m":62.49425637830204,"threshold_m":50.0},"type":"Feature"},{"geometry":{"coordinates":[112.7381801,-7.2620485],"type":"Point"},"properties":{"analysis_version":"p0-central-v1","component_id":"cc_000001","entity_type":"merchant","input_lineage":{"data/processed/p0/culinary_poi_p0.geojson":"B472BB9F0E8C18A5A85FAB6783FBA2455FD5A8FECE9BAAE4B23ED42A6AD7A608","data/processed/p0/pedestrian_edges.geojson":"6A77F7722AE6F3EF4674405EAEF2E43019F6C90363063E52BEDF44F388636355","data/processed/p0/pedestrian_nodes.geojson":"547A82AA6CD4B2012EE931D022948B12836236F685129EB745DB9359F417D7D3","data/processed/p0/transit_points_p0.geojson":"D15301D6230B26E93F4BDD46E9839D26E174244E6ACABCB674F1BC9956C9B06E"},"merchant_id":"9c1d7f43-60cc-5f1f-848d-be216a97d308","merchant_name":"KOI THE TUNJUNGAN PLAZA 6","method_config_fingerprint":"A0AE32FCDC33656774E190C42F9BA9483E2684228F7FCDB54B16728D5177BFF0","node_id":"node_90ace8c04a820da68478e6e0ea24d40702ea2dd14a69c0de5e24bba8f49d5555","routing_status":"routable","snap_acceptance_status":"accepted","snap_distance_m":1.5042738276407353,"threshold_m":50.0},"type":"Feature"},{"geometry":{"coordinates":[112.7484026,-7.2648511],"type":"Point"},"properties":{"analysis_version":"p0-central-v1","component_id":"cc_000001","entity_type":"merchant","input_lineage":{"data/processed/p0/culinary_poi_p0.geojson":"B472BB9F0E8C18A5A85FAB6783FBA2455FD5A8FECE9BAAE4B23ED42A6AD7A608","data/processed/p0/pedestrian_edges.geojson":"6A77F7722AE6F3EF4674405EAEF2E43019F6C90363063E52BEDF44F388636355","data/processed/p0/pedestrian_nodes.geojson":"547A82AA6CD4B2012EE931D022948B12836236F685129EB745DB9359F417D7D3","data/processed/p0/transit_points_p0.geojson":"D15301D6230B26E93F4BDD46E9839D26E174244E6ACABCB674F1BC9956C9B06E"},"merchant_id":"9c404ade-61c1-5b60-bb29-f55925432e26","merchant_name":"A&W RESTORAN - PLAZA SURABAYA","method_config_fingerprint":"A0AE32FCDC33656774E190C42F9BA9483E2684228F7FCDB54B16728D5177BFF0","node_id":"node_d70e3f9fbdec4ca947f30221d68fc2aaf0ef3874c25de872fb6e34ff9e4ebf08","routing_status":"snap_too_far","snap_acceptance_status":"snap_too_far","snap_distance_m":50.832435317281636,"threshold_m":50.0},"type":"Feature"},{"geometry":{"coordinates":[112.7318632,-7.2621338],"type":"Point"},"properties":{"analysis_version":"p0-central-v1","component_id":"cc_000001","entity_type":"merchant","input_lineage":{"data/processed/p0/culinary_poi_p0.geojson":"B472BB9F0E8C18A5A85FAB6783FBA2455FD5A8FECE9BAAE4B23ED42A6AD7A608","data/processed/p0/pedestrian_edges.geojson":"6A77F7722AE6F3EF4674405EAEF2E43019F6C90363063E52BEDF44F388636355","data/processed/p0/pedestrian_nodes.geojson":"547A82AA6CD4B2012EE931D022948B12836236F685129EB745DB9359F417D7D3","data/processed/p0/transit_points_p0.geojson":"D15301D6230B26E93F4BDD46E9839D26E174244E6ACABCB674F1BC9956C9B06E"},"merchant_id":"9c6c66a5-062e-5bf7-8830-363c7e29292c","merchant_name":"CIPTA RASA 1 SEAFOOD DAN IKAN BAKAR","method_config_fingerprint":"A0AE32FCDC33656774E190C42F9BA9483E2684228F7FCDB54B16728D5177BFF0","node_id":"node_05468f6f434f25e0b5323a11f0031af2d4805e2785ebfb5625985f3ddd0198ff","routing_status":"routable","snap_acceptance_status":"accepted","snap_distance_m":24.413139779866874,"threshold_m":50.0},"type":"Feature"},{"geometry":{"coordinates":[112.7514572,-7.265848299999959],"type":"Point"},"properties":{"analysis_version":"p0-central-v1","component_id":"cc_000046","entity_type":"merchant","input_lineage":{"data/processed/p0/culinary_poi_p0.geojson":"B472BB9F0E8C18A5A85FAB6783FBA2455FD5A8FECE9BAAE4B23ED42A6AD7A608","data/processed/p0/pedestrian_edges.geojson":"6A77F7722AE6F3EF4674405EAEF2E43019F6C90363063E52BEDF44F388636355","data/processed/p0/pedestrian_nodes.geojson":"547A82AA6CD4B2012EE931D022948B12836236F685129EB745DB9359F417D7D3","data/processed/p0/transit_points_p0.geojson":"D15301D6230B26E93F4BDD46E9839D26E174244E6ACABCB674F1BC9956C9B06E"},"merchant_id":"9c92e36b-02d4-5a72-b6e4-2f11f6fc8cf8","merchant_name":"HANAMASA GUBENG POJOK","method_config_fingerprint":"A0AE32FCDC33656774E190C42F9BA9483E2684228F7FCDB54B16728D5177BFF0","node_id":"node_6d38657d5c6c0bcd8ceeb8d416074e12dcd7c56a972aa64dcaea6e66c08be90f","routing_status":"disconnected","snap_acceptance_status":"accepted","snap_distance_m":16.334746764120403,"threshold_m":50.0},"type":"Feature"},{"geometry":{"coordinates":[112.740389,-7.263467],"type":"Point"},"properties":{"analysis_version":"p0-central-v1","component_id":"cc_000001","entity_type":"merchant","input_lineage":{"data/processed/p0/culinary_poi_p0.geojson":"B472BB9F0E8C18A5A85FAB6783FBA2455FD5A8FECE9BAAE4B23ED42A6AD7A608","data/processed/p0/pedestrian_edges.geojson":"6A77F7722AE6F3EF4674405EAEF2E43019F6C90363063E52BEDF44F388636355","data/processed/p0/pedestrian_nodes.geojson":"547A82AA6CD4B2012EE931D022948B12836236F685129EB745DB9359F417D7D3","data/processed/p0/transit_points_p0.geojson":"D15301D6230B26E93F4BDD46E9839D26E174244E6ACABCB674F1BC9956C9B06E"},"merchant_id":"9cd88e22-cfef-58fe-857a-53f44ec834fe","merchant_name":"WARUNG MAKAN PADANG SARI RASO","method_config_fingerprint":"A0AE32FCDC33656774E190C42F9BA9483E2684228F7FCDB54B16728D5177BFF0","node_id":"node_d2e5758fd1be99a82f1938775eb671860a87bf309bf8655454f9b18f6ac6d06c","routing_status":"routable","snap_acceptance_status":"accepted","snap_distance_m":33.0936035041132,"threshold_m":50.0},"type":"Feature"},{"geometry":{"coordinates":[112.7520883,-7.2574719],"type":"Point"},"properties":{"analysis_version":"p0-central-v1","component_id":"cc_000001","entity_type":"merchant","input_lineage":{"data/processed/p0/culinary_poi_p0.geojson":"B472BB9F0E8C18A5A85FAB6783FBA2455FD5A8FECE9BAAE4B23ED42A6AD7A608","data/processed/p0/pedestrian_edges.geojson":"6A77F7722AE6F3EF4674405EAEF2E43019F6C90363063E52BEDF44F388636355","data/processed/p0/pedestrian_nodes.geojson":"547A82AA6CD4B2012EE931D022948B12836236F685129EB745DB9359F417D7D3","data/processed/p0/transit_points_p0.geojson":"D15301D6230B26E93F4BDD46E9839D26E174244E6ACABCB674F1BC9956C9B06E"},"merchant_id":"9e70c05b-fb9d-5a98-bd30-5cd2e513aaf7","merchant_name":"TEMPE PENYET VIRA","method_config_fingerprint":"A0AE32FCDC33656774E190C42F9BA9483E2684228F7FCDB54B16728D5177BFF0","node_id":"node_e1c2496b707bf67db1f5bb056fab8a9567084960d59b438e55923e1a12e63e39","routing_status":"routable","snap_acceptance_status":"accepted","snap_distance_m":35.88397190783725,"threshold_m":50.0},"type":"Feature"},{"geometry":{"coordinates":[112.7389921,-7.2700988],"type":"Point"},"properties":{"analysis_version":"p0-central-v1","component_id":"cc_000001","entity_type":"merchant","input_lineage":{"data/processed/p0/culinary_poi_p0.geojson":"B472BB9F0E8C18A5A85FAB6783FBA2455FD5A8FECE9BAAE4B23ED42A6AD7A608","data/processed/p0/pedestrian_edges.geojson":"6A77F7722AE6F3EF4674405EAEF2E43019F6C90363063E52BEDF44F388636355","data/processed/p0/pedestrian_nodes.geojson":"547A82AA6CD4B2012EE931D022948B12836236F685129EB745DB9359F417D7D3","data/processed/p0/transit_points_p0.geojson":"D15301D6230B26E93F4BDD46E9839D26E174244E6ACABCB674F1BC9956C9B06E"},"merchant_id":"9ed3f38a-74de-5ab8-93ff-64cf3830e209","merchant_name":"KEDONDONG ( ICE CREAM SHOP)","method_config_fingerprint":"A0AE32FCDC33656774E190C42F9BA9483E2684228F7FCDB54B16728D5177BFF0","node_id":"node_ba08940435e81e77c3fcf538b9ea214bdeeedca1c4d92ba2501be2876dac301f","routing_status":"routable","snap_acceptance_status":"accepted","snap_distance_m":2.735447214080675,"threshold_m":50.0},"type":"Feature"},{"geometry":{"coordinates":[112.73905530000002,-7.263541399999951],"type":"Point"},"properties":{"analysis_version":"p0-central-v1","component_id":"cc_000001","entity_type":"merchant","input_lineage":{"data/processed/p0/culinary_poi_p0.geojson":"B472BB9F0E8C18A5A85FAB6783FBA2455FD5A8FECE9BAAE4B23ED42A6AD7A608","data/processed/p0/pedestrian_edges.geojson":"6A77F7722AE6F3EF4674405EAEF2E43019F6C90363063E52BEDF44F388636355","data/processed/p0/pedestrian_nodes.geojson":"547A82AA6CD4B2012EE931D022948B12836236F685129EB745DB9359F417D7D3","data/processed/p0/transit_points_p0.geojson":"D15301D6230B26E93F4BDD46E9839D26E174244E6ACABCB674F1BC9956C9B06E"},"merchant_id":"9ef54cbc-fea0-50dd-a178-c599944049d9","merchant_name":"SARI RATU TUNJUNGAN PLAZA 3","method_config_fingerprint":"A0AE32FCDC33656774E190C42F9BA9483E2684228F7FCDB54B16728D5177BFF0","node_id":"node_39a1ed0bf919113f6a29ba840b59300db7b5e4a4718ff8cdbadf6d6679189921","routing_status":"routable","snap_acceptance_status":"accepted","snap_distance_m":26.923849028032528,"threshold_m":50.0},"type":"Feature"},{"geometry":{"coordinates":[112.74998080000012,-7.259802599999944],"type":"Point"},"properties":{"analysis_version":"p0-central-v1","component_id":"cc_000001","entity_type":"merchant","input_lineage":{"data/processed/p0/culinary_poi_p0.geojson":"B472BB9F0E8C18A5A85FAB6783FBA2455FD5A8FECE9BAAE4B23ED42A6AD7A608","data/processed/p0/pedestrian_edges.geojson":"6A77F7722AE6F3EF4674405EAEF2E43019F6C90363063E52BEDF44F388636355","data/processed/p0/pedestrian_nodes.geojson":"547A82AA6CD4B2012EE931D022948B12836236F685129EB745DB9359F417D7D3","data/processed/p0/transit_points_p0.geojson":"D15301D6230B26E93F4BDD46E9839D26E174244E6ACABCB674F1BC9956C9B06E"},"merchant_id":"9faa5bca-7e94-5cb6-a037-4a1e12b278e4","merchant_name":"BABEH ST","method_config_fingerprint":"A0AE32FCDC33656774E190C42F9BA9483E2684228F7FCDB54B16728D5177BFF0","node_id":"node_c73de36ea6f8df815e8541342a2da35f873dec677f3e578d77e04a1f60d2ba17","routing_status":"routable","snap_acceptance_status":"accepted","snap_distance_m":18.33420653342821,"threshold_m":50.0},"type":"Feature"},{"geometry":{"coordinates":[112.748373,-7.2649397],"type":"Point"},"properties":{"analysis_version":"p0-central-v1","component_id":"cc_000001","entity_type":"merchant","input_lineage":{"data/processed/p0/culinary_poi_p0.geojson":"B472BB9F0E8C18A5A85FAB6783FBA2455FD5A8FECE9BAAE4B23ED42A6AD7A608","data/processed/p0/pedestrian_edges.geojson":"6A77F7722AE6F3EF4674405EAEF2E43019F6C90363063E52BEDF44F388636355","data/processed/p0/pedestrian_nodes.geojson":"547A82AA6CD4B2012EE931D022948B12836236F685129EB745DB9359F417D7D3","data/processed/p0/transit_points_p0.geojson":"D15301D6230B26E93F4BDD46E9839D26E174244E6ACABCB674F1BC9956C9B06E"},"merchant_id":"a171a1f8-6aa5-5b25-a85a-b86e7e93e708","merchant_name":"NASI GORENG 69","method_config_fingerprint":"A0AE32FCDC33656774E190C42F9BA9483E2684228F7FCDB54B16728D5177BFF0","node_id":"node_d70e3f9fbdec4ca947f30221d68fc2aaf0ef3874c25de872fb6e34ff9e4ebf08","routing_status":"routable","snap_acceptance_status":"accepted","snap_distance_m":41.117808661259645,"threshold_m":50.0},"type":"Feature"},{"geometry":{"coordinates":[112.7391751,-7.2630637],"type":"Point"},"properties":{"analysis_version":"p0-central-v1","component_id":"cc_000001","entity_type":"merchant","input_lineage":{"data/processed/p0/culinary_poi_p0.geojson":"B472BB9F0E8C18A5A85FAB6783FBA2455FD5A8FECE9BAAE4B23ED42A6AD7A608","data/processed/p0/pedestrian_edges.geojson":"6A77F7722AE6F3EF4674405EAEF2E43019F6C90363063E52BEDF44F388636355","data/processed/p0/pedestrian_nodes.geojson":"547A82AA6CD4B2012EE931D022948B12836236F685129EB745DB9359F417D7D3","data/processed/p0/transit_points_p0.geojson":"D15301D6230B26E93F4BDD46E9839D26E174244E6ACABCB674F1BC9956C9B06E"},"merchant_id":"a2acdd2d-68da-5674-80c1-e2fc4ec842f5","merchant_name":"EGA PASTRY AND BAKERY","method_config_fingerprint":"A0AE32FCDC33656774E190C42F9BA9483E2684228F7FCDB54B16728D5177BFF0","node_id":"node_0cb3bdd7b221d9ce76a37e02e91dc98d0619e27a1a9ecd0f10579ed709a0f2ee","routing_status":"routable","snap_acceptance_status":"accepted","snap_distance_m":27.49116750765345,"threshold_m":50.0},"type":"Feature"},{"geometry":{"coordinates":[112.7525514,-7.2656457],"type":"Point"},"properties":{"analysis_version":"p0-central-v1","component_id":"cc_000001","entity_type":"merchant","input_lineage":{"data/processed/p0/culinary_poi_p0.geojson":"B472BB9F0E8C18A5A85FAB6783FBA2455FD5A8FECE9BAAE4B23ED42A6AD7A608","data/processed/p0/pedestrian_edges.geojson":"6A77F7722AE6F3EF4674405EAEF2E43019F6C90363063E52BEDF44F388636355","data/processed/p0/pedestrian_nodes.geojson":"547A82AA6CD4B2012EE931D022948B12836236F685129EB745DB9359F417D7D3","data/processed/p0/transit_points_p0.geojson":"D15301D6230B26E93F4BDD46E9839D26E174244E6ACABCB674F1BC9956C9B06E"},"merchant_id":"a2e4e309-d812-5dd7-9c13-0d7d910be783","merchant_name":"CFC","method_config_fingerprint":"A0AE32FCDC33656774E190C42F9BA9483E2684228F7FCDB54B16728D5177BFF0","node_id":"node_8e92c38d88f57e0133afa37fc5ab5882655593d688f63430e0458a98c4e1eb68","routing_status":"routable","snap_acceptance_status":"accepted","snap_distance_m":32.45056967293404,"threshold_m":50.0},"type":"Feature"},{"geometry":{"coordinates":[112.749927,-7.261605],"type":"Point"},"properties":{"analysis_version":"p0-central-v1","component_id":"cc_000001","entity_type":"merchant","input_lineage":{"data/processed/p0/culinary_poi_p0.geojson":"B472BB9F0E8C18A5A85FAB6783FBA2455FD5A8FECE9BAAE4B23ED42A6AD7A608","data/processed/p0/pedestrian_edges.geojson":"6A77F7722AE6F3EF4674405EAEF2E43019F6C90363063E52BEDF44F388636355","data/processed/p0/pedestrian_nodes.geojson":"547A82AA6CD4B2012EE931D022948B12836236F685129EB745DB9359F417D7D3","data/processed/p0/transit_points_p0.geojson":"D15301D6230B26E93F4BDD46E9839D26E174244E6ACABCB674F1BC9956C9B06E"},"merchant_id":"a2ee9986-8fd2-5c56-a97d-5cfe7a771b7b","merchant_name":"BASKIN ROBBINS","method_config_fingerprint":"A0AE32FCDC33656774E190C42F9BA9483E2684228F7FCDB54B16728D5177BFF0","node_id":"node_c4b9f5ea7c46422a8f76b2527868575069a6f3542b55b4e95021729b871a9319","routing_status":"routable","snap_acceptance_status":"accepted","snap_distance_m":38.667889228653586,"threshold_m":50.0},"type":"Feature"},{"geometry":{"coordinates":[112.7487194,-7.2671979],"type":"Point"},"properties":{"analysis_version":"p0-central-v1","component_id":"cc_000001","entity_type":"merchant","input_lineage":{"data/processed/p0/culinary_poi_p0.geojson":"B472BB9F0E8C18A5A85FAB6783FBA2455FD5A8FECE9BAAE4B23ED42A6AD7A608","data/processed/p0/pedestrian_edges.geojson":"6A77F7722AE6F3EF4674405EAEF2E43019F6C90363063E52BEDF44F388636355","data/processed/p0/pedestrian_nodes.geojson":"547A82AA6CD4B2012EE931D022948B12836236F685129EB745DB9359F417D7D3","data/processed/p0/transit_points_p0.geojson":"D15301D6230B26E93F4BDD46E9839D26E174244E6ACABCB674F1BC9956C9B06E"},"merchant_id":"a42130b9-3ade-55ca-b70a-db3563155f7a","merchant_name":"BODAENG THAI","method_config_fingerprint":"A0AE32FCDC33656774E190C42F9BA9483E2684228F7FCDB54B16728D5177BFF0","node_id":"node_8eaf4639dda01b1d8809c4580c0c0e71425f9cf898a3c3cfc1d1537015bb5347","routing_status":"routable","snap_acceptance_status":"accepted","snap_distance_m":38.05283526617012,"threshold_m":50.0},"type":"Feature"},{"geometry":{"coordinates":[112.73473400000012,-7.259647],"type":"Point"},"properties":{"analysis_version":"p0-central-v1","component_id":"cc_000001","entity_type":"merchant","input_lineage":{"data/processed/p0/culinary_poi_p0.geojson":"B472BB9F0E8C18A5A85FAB6783FBA2455FD5A8FECE9BAAE4B23ED42A6AD7A608","data/processed/p0/pedestrian_edges.geojson":"6A77F7722AE6F3EF4674405EAEF2E43019F6C90363063E52BEDF44F388636355","data/processed/p0/pedestrian_nodes.geojson":"547A82AA6CD4B2012EE931D022948B12836236F685129EB745DB9359F417D7D3","data/processed/p0/transit_points_p0.geojson":"D15301D6230B26E93F4BDD46E9839D26E174244E6ACABCB674F1BC9956C9B06E"},"merchant_id":"a431ee91-75b6-5bb2-b6e1-a3f4aecfa5f7","merchant_name":"IMARI JAPANESE RESTAURANT AT JW MARRIOTT SURABAYA","method_config_fingerprint":"A0AE32FCDC33656774E190C42F9BA9483E2684228F7FCDB54B16728D5177BFF0","node_id":"node_22c0629551e21031f0915f62027916207995b6b73ba14fe91b2ff2413090f2d8","routing_status":"routable","snap_acceptance_status":"accepted","snap_distance_m":31.266174110936518,"threshold_m":50.0},"type":"Feature"},{"geometry":{"coordinates":[112.7396475,-7.2586331],"type":"Point"},"properties":{"analysis_version":"p0-central-v1","component_id":"cc_000001","entity_type":"merchant","input_lineage":{"data/processed/p0/culinary_poi_p0.geojson":"B472BB9F0E8C18A5A85FAB6783FBA2455FD5A8FECE9BAAE4B23ED42A6AD7A608","data/processed/p0/pedestrian_edges.geojson":"6A77F7722AE6F3EF4674405EAEF2E43019F6C90363063E52BEDF44F388636355","data/processed/p0/pedestrian_nodes.geojson":"547A82AA6CD4B2012EE931D022948B12836236F685129EB745DB9359F417D7D3","data/processed/p0/transit_points_p0.geojson":"D15301D6230B26E93F4BDD46E9839D26E174244E6ACABCB674F1BC9956C9B06E"},"merchant_id":"a50f99ee-a45b-5da9-ba3c-4b56a1ef5738","merchant_name":"LAPIS KUKUS PAHLAWAN","method_config_fingerprint":"A0AE32FCDC33656774E190C42F9BA9483E2684228F7FCDB54B16728D5177BFF0","node_id":"node_6a386750c72a8f6b601877f714bd0d1e1c8eeac0e485b0b2aa8bacea2be3b617","routing_status":"routable","snap_acceptance_status":"accepted","snap_distance_m":7.181961456723193,"threshold_m":50.0},"type":"Feature"},{"geometry":{"coordinates":[112.73939660000008,-7.26922129999997],"type":"Point"},"properties":{"analysis_version":"p0-central-v1","component_id":"cc_000001","entity_type":"merchant","input_lineage":{"data/processed/p0/culinary_poi_p0.geojson":"B472BB9F0E8C18A5A85FAB6783FBA2455FD5A8FECE9BAAE4B23ED42A6AD7A608","data/processed/p0/pedestrian_edges.geojson":"6A77F7722AE6F3EF4674405EAEF2E43019F6C90363063E52BEDF44F388636355","data/processed/p0/pedestrian_nodes.geojson":"547A82AA6CD4B2012EE931D022948B12836236F685129EB745DB9359F417D7D3","data/processed/p0/transit_points_p0.geojson":"D15301D6230B26E93F4BDD46E9839D26E174244E6ACABCB674F1BC9956C9B06E"},"merchant_id":"a5e783cf-f2b1-506c-852f-75ea3dcf49ac","merchant_name":"RESTORAN PADANG SEDERHANA KOMBES DURYAT","method_config_fingerprint":"A0AE32FCDC33656774E190C42F9BA9483E2684228F7FCDB54B16728D5177BFF0","node_id":"node_cf6bf1e97891dcfb609c8c345e0becb873babc6baadac8875c4366a631d1795d","routing_status":"routable","snap_acceptance_status":"accepted","snap_distance_m":48.13299926124043,"threshold_m":50.0},"type":"Feature"},{"geometry":{"coordinates":[112.73315030000003,-7.254455199999938],"type":"Point"},"properties":{"analysis_version":"p0-central-v1","component_id":"cc_000001","entity_type":"merchant","input_lineage":{"data/processed/p0/culinary_poi_p0.geojson":"B472BB9F0E8C18A5A85FAB6783FBA2455FD5A8FECE9BAAE4B23ED42A6AD7A608","data/processed/p0/pedestrian_edges.geojson":"6A77F7722AE6F3EF4674405EAEF2E43019F6C90363063E52BEDF44F388636355","data/processed/p0/pedestrian_nodes.geojson":"547A82AA6CD4B2012EE931D022948B12836236F685129EB745DB9359F417D7D3","data/processed/p0/transit_points_p0.geojson":"D15301D6230B26E93F4BDD46E9839D26E174244E6ACABCB674F1BC9956C9B06E"},"merchant_id":"a611718f-8204-5436-939a-06fad89c4a07","merchant_name":"KEBAB TURKI","method_config_fingerprint":"A0AE32FCDC33656774E190C42F9BA9483E2684228F7FCDB54B16728D5177BFF0","node_id":"node_39167f0c26c4202a5fbe745f650b985a8fda024e1e5e8cd7886cbaa6e8c58e7d","routing_status":"routable","snap_acceptance_status":"accepted","snap_distance_m":17.177733222105346,"threshold_m":50.0},"type":"Feature"},{"geometry":{"coordinates":[112.742231,-7.262747],"type":"Point"},"properties":{"analysis_version":"p0-central-v1","component_id":"cc_000001","entity_type":"merchant","input_lineage":{"data/processed/p0/culinary_poi_p0.geojson":"B472BB9F0E8C18A5A85FAB6783FBA2455FD5A8FECE9BAAE4B23ED42A6AD7A608","data/processed/p0/pedestrian_edges.geojson":"6A77F7722AE6F3EF4674405EAEF2E43019F6C90363063E52BEDF44F388636355","data/processed/p0/pedestrian_nodes.geojson":"547A82AA6CD4B2012EE931D022948B12836236F685129EB745DB9359F417D7D3","data/processed/p0/transit_points_p0.geojson":"D15301D6230B26E93F4BDD46E9839D26E174244E6ACABCB674F1BC9956C9B06E"},"merchant_id":"a61c933e-bde2-5a4f-b24e-c45fedfa60bf","merchant_name":"IMHO COFFEE","method_config_fingerprint":"A0AE32FCDC33656774E190C42F9BA9483E2684228F7FCDB54B16728D5177BFF0","node_id":"node_57042964032792f282fd57eccd8c31615725017d518dad1060b158241c0a415a","routing_status":"routable","snap_acceptance_status":"accepted","snap_distance_m":14.777201420458105,"threshold_m":50.0},"type":"Feature"},{"geometry":{"coordinates":[112.7379284,-7.2622204],"type":"Point"},"properties":{"analysis_version":"p0-central-v1","component_id":"cc_000001","entity_type":"merchant","input_lineage":{"data/processed/p0/culinary_poi_p0.geojson":"B472BB9F0E8C18A5A85FAB6783FBA2455FD5A8FECE9BAAE4B23ED42A6AD7A608","data/processed/p0/pedestrian_edges.geojson":"6A77F7722AE6F3EF4674405EAEF2E43019F6C90363063E52BEDF44F388636355","data/processed/p0/pedestrian_nodes.geojson":"547A82AA6CD4B2012EE931D022948B12836236F685129EB745DB9359F417D7D3","data/processed/p0/transit_points_p0.geojson":"D15301D6230B26E93F4BDD46E9839D26E174244E6ACABCB674F1BC9956C9B06E"},"merchant_id":"a62a36bc-8eb7-538d-856e-c5fed73f8c55","merchant_name":"HACIENDA","method_config_fingerprint":"A0AE32FCDC33656774E190C42F9BA9483E2684228F7FCDB54B16728D5177BFF0","node_id":"node_836703a49a28365c3874aa8782c75c3c79ae81474081c0a9896613807cafd951","routing_status":"routable","snap_acceptance_status":"accepted","snap_distance_m":17.055334960064997,"threshold_m":50.0},"type":"Feature"},{"geometry":{"coordinates":[112.75125130000004,-7.267784099999972],"type":"Point"},"properties":{"analysis_version":"p0-central-v1","component_id":"cc_000004","entity_type":"merchant","input_lineage":{"data/processed/p0/culinary_poi_p0.geojson":"B472BB9F0E8C18A5A85FAB6783FBA2455FD5A8FECE9BAAE4B23ED42A6AD7A608","data/processed/p0/pedestrian_edges.geojson":"6A77F7722AE6F3EF4674405EAEF2E43019F6C90363063E52BEDF44F388636355","data/processed/p0/pedestrian_nodes.geojson":"547A82AA6CD4B2012EE931D022948B12836236F685129EB745DB9359F417D7D3","data/processed/p0/transit_points_p0.geojson":"D15301D6230B26E93F4BDD46E9839D26E174244E6ACABCB674F1BC9956C9B06E"},"merchant_id":"a74bafd4-9b3e-5ce3-be8e-e9b60468f7f2","merchant_name":"KATEKO SURABAYA","method_config_fingerprint":"A0AE32FCDC33656774E190C42F9BA9483E2684228F7FCDB54B16728D5177BFF0","node_id":"node_b0dbcc86a6de71b4f22d3d2643fbba77a57252a7e4d1d9b18b9fbe93c37446a6","routing_status":"disconnected","snap_acceptance_status":"accepted","snap_distance_m":29.275434684410907,"threshold_m":50.0},"type":"Feature"},{"geometry":{"coordinates":[112.7405039,-7.2561602],"type":"Point"},"properties":{"analysis_version":"p0-central-v1","component_id":"cc_000001","entity_type":"merchant","input_lineage":{"data/processed/p0/culinary_poi_p0.geojson":"B472BB9F0E8C18A5A85FAB6783FBA2455FD5A8FECE9BAAE4B23ED42A6AD7A608","data/processed/p0/pedestrian_edges.geojson":"6A77F7722AE6F3EF4674405EAEF2E43019F6C90363063E52BEDF44F388636355","data/processed/p0/pedestrian_nodes.geojson":"547A82AA6CD4B2012EE931D022948B12836236F685129EB745DB9359F417D7D3","data/processed/p0/transit_points_p0.geojson":"D15301D6230B26E93F4BDD46E9839D26E174244E6ACABCB674F1BC9956C9B06E"},"merchant_id":"a75a2b3c-128d-56d0-8aeb-e4b1d453535c","merchant_name":"TINABIKA","method_config_fingerprint":"A0AE32FCDC33656774E190C42F9BA9483E2684228F7FCDB54B16728D5177BFF0","node_id":"node_e6f379a4d8646b782d071030c71716ddaa42c34136fc08e0b567e7ded0a4e73a","routing_status":"routable","snap_acceptance_status":"accepted","snap_distance_m":12.168761372784488,"threshold_m":50.0},"type":"Feature"},{"geometry":{"coordinates":[112.74063840000008,-7.271475299999957],"type":"Point"},"properties":{"analysis_version":"p0-central-v1","component_id":"cc_000001","entity_type":"merchant","input_lineage":{"data/processed/p0/culinary_poi_p0.geojson":"B472BB9F0E8C18A5A85FAB6783FBA2455FD5A8FECE9BAAE4B23ED42A6AD7A608","data/processed/p0/pedestrian_edges.geojson":"6A77F7722AE6F3EF4674405EAEF2E43019F6C90363063E52BEDF44F388636355","data/processed/p0/pedestrian_nodes.geojson":"547A82AA6CD4B2012EE931D022948B12836236F685129EB745DB9359F417D7D3","data/processed/p0/transit_points_p0.geojson":"D15301D6230B26E93F4BDD46E9839D26E174244E6ACABCB674F1BC9956C9B06E"},"merchant_id":"a90f34c5-4ed6-52ed-acc8-522effa677ff","merchant_name":"ARUMANIS RESTAURANT","method_config_fingerprint":"A0AE32FCDC33656774E190C42F9BA9483E2684228F7FCDB54B16728D5177BFF0","node_id":"node_d182caf1fc2d77e0611dc2e9427b477b828e23d6c515d67976f47607d38688d1","routing_status":"snap_too_far","snap_acceptance_status":"snap_too_far","snap_distance_m":58.800166179220376,"threshold_m":50.0},"type":"Feature"},{"geometry":{"coordinates":[112.742911,-7.272325],"type":"Point"},"properties":{"analysis_version":"p0-central-v1","component_id":"cc_000001","entity_type":"merchant","input_lineage":{"data/processed/p0/culinary_poi_p0.geojson":"B472BB9F0E8C18A5A85FAB6783FBA2455FD5A8FECE9BAAE4B23ED42A6AD7A608","data/processed/p0/pedestrian_edges.geojson":"6A77F7722AE6F3EF4674405EAEF2E43019F6C90363063E52BEDF44F388636355","data/processed/p0/pedestrian_nodes.geojson":"547A82AA6CD4B2012EE931D022948B12836236F685129EB745DB9359F417D7D3","data/processed/p0/transit_points_p0.geojson":"D15301D6230B26E93F4BDD46E9839D26E174244E6ACABCB674F1BC9956C9B06E"},"merchant_id":"a9d1f3bd-3f96-5adc-b7c8-2f1ea38b6f1d","merchant_name":"WOY MAKARONI - PANGLIMA SUDIRMAN","method_config_fingerprint":"A0AE32FCDC33656774E190C42F9BA9483E2684228F7FCDB54B16728D5177BFF0","node_id":"node_5c5713ceeeab613a36a1ff5dd9666c3eb92b381523c0592b71b6173b2f9e8083","routing_status":"routable","snap_acceptance_status":"accepted","snap_distance_m":18.27699123582908,"threshold_m":50.0},"type":"Feature"},{"geometry":{"coordinates":[112.73981550000008,-7.266182899999933],"type":"Point"},"properties":{"analysis_version":"p0-central-v1","component_id":"cc_000001","entity_type":"merchant","input_lineage":{"data/processed/p0/culinary_poi_p0.geojson":"B472BB9F0E8C18A5A85FAB6783FBA2455FD5A8FECE9BAAE4B23ED42A6AD7A608","data/processed/p0/pedestrian_edges.geojson":"6A77F7722AE6F3EF4674405EAEF2E43019F6C90363063E52BEDF44F388636355","data/processed/p0/pedestrian_nodes.geojson":"547A82AA6CD4B2012EE931D022948B12836236F685129EB745DB9359F417D7D3","data/processed/p0/transit_points_p0.geojson":"D15301D6230B26E93F4BDD46E9839D26E174244E6ACABCB674F1BC9956C9B06E"},"merchant_id":"aa940fb2-30db-506a-90dd-b7c79596c07f","merchant_name":"LE CAFE GOURMAND","method_config_fingerprint":"A0AE32FCDC33656774E190C42F9BA9483E2684228F7FCDB54B16728D5177BFF0","node_id":"node_054b7dd623975386dbc719b02463636e7179c53d1d98f56bf9b4ce9086cc8706","routing_status":"routable","snap_acceptance_status":"accepted","snap_distance_m":27.795978848507417,"threshold_m":50.0},"type":"Feature"},{"geometry":{"coordinates":[112.7563186000001,-7.266084499999977],"type":"Point"},"properties":{"analysis_version":"p0-central-v1","component_id":"cc_000001","entity_type":"merchant","input_lineage":{"data/processed/p0/culinary_poi_p0.geojson":"B472BB9F0E8C18A5A85FAB6783FBA2455FD5A8FECE9BAAE4B23ED42A6AD7A608","data/processed/p0/pedestrian_edges.geojson":"6A77F7722AE6F3EF4674405EAEF2E43019F6C90363063E52BEDF44F388636355","data/processed/p0/pedestrian_nodes.geojson":"547A82AA6CD4B2012EE931D022948B12836236F685129EB745DB9359F417D7D3","data/processed/p0/transit_points_p0.geojson":"D15301D6230B26E93F4BDD46E9839D26E174244E6ACABCB674F1BC9956C9B06E"},"merchant_id":"aa9c59c1-c2ee-59fa-8cbf-ae89851b8cc3","merchant_name":"DEPOT SLAMET","method_config_fingerprint":"A0AE32FCDC33656774E190C42F9BA9483E2684228F7FCDB54B16728D5177BFF0","node_id":"node_df4cbd0822900b2baa4a738f1bab37389f5ad848c8569e46b7abf0371432be25","routing_status":"routable","snap_acceptance_status":"accepted","snap_distance_m":10.727055928978102,"threshold_m":50.0},"type":"Feature"},{"geometry":{"coordinates":[112.7411996,-7.2697791],"type":"Point"},"properties":{"analysis_version":"p0-central-v1","component_id":"cc_000001","entity_type":"merchant","input_lineage":{"data/processed/p0/culinary_poi_p0.geojson":"B472BB9F0E8C18A5A85FAB6783FBA2455FD5A8FECE9BAAE4B23ED42A6AD7A608","data/processed/p0/pedestrian_edges.geojson":"6A77F7722AE6F3EF4674405EAEF2E43019F6C90363063E52BEDF44F388636355","data/processed/p0/pedestrian_nodes.geojson":"547A82AA6CD4B2012EE931D022948B12836236F685129EB745DB9359F417D7D3","data/processed/p0/transit_points_p0.geojson":"D15301D6230B26E93F4BDD46E9839D26E174244E6ACABCB674F1BC9956C9B06E"},"merchant_id":"aac7f4f4-73e5-5b73-b7a3-97a9e0089de3","merchant_name":"IBIS RESTAURANT, BAR AND BAKERY","method_config_fingerprint":"A0AE32FCDC33656774E190C42F9BA9483E2684228F7FCDB54B16728D5177BFF0","node_id":"node_40e1a804c91734f93b1e8404808f4ad4f2a5a1fdb1e62df2f225450c123b5624","routing_status":"routable","snap_acceptance_status":"accepted","snap_distance_m":12.793298009114949,"threshold_m":50.0},"type":"Feature"},{"geometry":{"coordinates":[112.7362694,-7.2600108],"type":"Point"},"properties":{"analysis_version":"p0-central-v1","component_id":"cc_000001","entity_type":"merchant","input_lineage":{"data/processed/p0/culinary_poi_p0.geojson":"B472BB9F0E8C18A5A85FAB6783FBA2455FD5A8FECE9BAAE4B23ED42A6AD7A608","data/processed/p0/pedestrian_edges.geojson":"6A77F7722AE6F3EF4674405EAEF2E43019F6C90363063E52BEDF44F388636355","data/processed/p0/pedestrian_nodes.geojson":"547A82AA6CD4B2012EE931D022948B12836236F685129EB745DB9359F417D7D3","data/processed/p0/transit_points_p0.geojson":"D15301D6230B26E93F4BDD46E9839D26E174244E6ACABCB674F1BC9956C9B06E"},"merchant_id":"ab7f5fe6-8430-5b9f-ae2d-c0a007398eb0","merchant_name":"MARTABAK GADING PECENONGAN","method_config_fingerprint":"A0AE32FCDC33656774E190C42F9BA9483E2684228F7FCDB54B16728D5177BFF0","node_id":"node_c131d608f46ea739feab07d4269aae888db69e6f7c66acacde14b89a24f1ba26","routing_status":"routable","snap_acceptance_status":"accepted","snap_distance_m":5.80091362902894,"threshold_m":50.0},"type":"Feature"},{"geometry":{"coordinates":[112.733423,-7.2692342],"type":"Point"},"properties":{"analysis_version":"p0-central-v1","component_id":"cc_000001","entity_type":"merchant","input_lineage":{"data/processed/p0/culinary_poi_p0.geojson":"B472BB9F0E8C18A5A85FAB6783FBA2455FD5A8FECE9BAAE4B23ED42A6AD7A608","data/processed/p0/pedestrian_edges.geojson":"6A77F7722AE6F3EF4674405EAEF2E43019F6C90363063E52BEDF44F388636355","data/processed/p0/pedestrian_nodes.geojson":"547A82AA6CD4B2012EE931D022948B12836236F685129EB745DB9359F417D7D3","data/processed/p0/transit_points_p0.geojson":"D15301D6230B26E93F4BDD46E9839D26E174244E6ACABCB674F1BC9956C9B06E"},"merchant_id":"ae8a09c6-8392-533b-8cb4-d6c842ba9205","merchant_name":"GEMBIRA ES KRIM","method_config_fingerprint":"A0AE32FCDC33656774E190C42F9BA9483E2684228F7FCDB54B16728D5177BFF0","node_id":"node_4f189e4f0f4c675cfb6457acab7d57af50b4b039f7e8a91083b81b2a7f787c90","routing_status":"routable","snap_acceptance_status":"accepted","snap_distance_m":12.776636633570472,"threshold_m":50.0},"type":"Feature"},{"geometry":{"coordinates":[112.747834,-7.263012799999956],"type":"Point"},"properties":{"analysis_version":"p0-central-v1","component_id":"cc_000001","entity_type":"merchant","input_lineage":{"data/processed/p0/culinary_poi_p0.geojson":"B472BB9F0E8C18A5A85FAB6783FBA2455FD5A8FECE9BAAE4B23ED42A6AD7A608","data/processed/p0/pedestrian_edges.geojson":"6A77F7722AE6F3EF4674405EAEF2E43019F6C90363063E52BEDF44F388636355","data/processed/p0/pedestrian_nodes.geojson":"547A82AA6CD4B2012EE931D022948B12836236F685129EB745DB9359F417D7D3","data/processed/p0/transit_points_p0.geojson":"D15301D6230B26E93F4BDD46E9839D26E174244E6ACABCB674F1BC9956C9B06E"},"merchant_id":"af0379a8-bdc5-52f9-9b5c-4f78d2143585","merchant_name":"NASI PADANG WTC E-MALL","method_config_fingerprint":"A0AE32FCDC33656774E190C42F9BA9483E2684228F7FCDB54B16728D5177BFF0","node_id":"node_a3d873dcbf738120d76d3955de863e13760b5b032078e3a4a8238e9d35d0b8cd","routing_status":"routable","snap_acceptance_status":"accepted","snap_distance_m":27.793336677970903,"threshold_m":50.0},"type":"Feature"},{"geometry":{"coordinates":[112.7574661000001,-7.259644399999956],"type":"Point"},"properties":{"analysis_version":"p0-central-v1","component_id":"cc_000001","entity_type":"merchant","input_lineage":{"data/processed/p0/culinary_poi_p0.geojson":"B472BB9F0E8C18A5A85FAB6783FBA2455FD5A8FECE9BAAE4B23ED42A6AD7A608","data/processed/p0/pedestrian_edges.geojson":"6A77F7722AE6F3EF4674405EAEF2E43019F6C90363063E52BEDF44F388636355","data/processed/p0/pedestrian_nodes.geojson":"547A82AA6CD4B2012EE931D022948B12836236F685129EB745DB9359F417D7D3","data/processed/p0/transit_points_p0.geojson":"D15301D6230B26E93F4BDD46E9839D26E174244E6ACABCB674F1BC9956C9B06E"},"merchant_id":"af0ef116-1899-5b70-9de4-80a50ff0a0c0","merchant_name":"DEPOT BAKMIE PACAR KELING","method_config_fingerprint":"A0AE32FCDC33656774E190C42F9BA9483E2684228F7FCDB54B16728D5177BFF0","node_id":"node_2d01ffc81c1601c909aee910c4c19f05626e23f35165e7f8e0c52098c197f3f0","routing_status":"routable","snap_acceptance_status":"accepted","snap_distance_m":9.7579306117926,"threshold_m":50.0},"type":"Feature"},{"geometry":{"coordinates":[112.74781170000006,-7.269059699999957],"type":"Point"},"properties":{"analysis_version":"p0-central-v1","component_id":"cc_000001","entity_type":"merchant","input_lineage":{"data/processed/p0/culinary_poi_p0.geojson":"B472BB9F0E8C18A5A85FAB6783FBA2455FD5A8FECE9BAAE4B23ED42A6AD7A608","data/processed/p0/pedestrian_edges.geojson":"6A77F7722AE6F3EF4674405EAEF2E43019F6C90363063E52BEDF44F388636355","data/processed/p0/pedestrian_nodes.geojson":"547A82AA6CD4B2012EE931D022948B12836236F685129EB745DB9359F417D7D3","data/processed/p0/transit_points_p0.geojson":"D15301D6230B26E93F4BDD46E9839D26E174244E6ACABCB674F1BC9956C9B06E"},"merchant_id":"af5c3426-be45-581c-b4c2-f21bfa146475","merchant_name":"SAGO MINANG MASAKAN PADANG","method_config_fingerprint":"A0AE32FCDC33656774E190C42F9BA9483E2684228F7FCDB54B16728D5177BFF0","node_id":"node_81a7ce3a35651b6d90219ec72883635a79c3607fb38a5d362008bd12524e4776","routing_status":"routable","snap_acceptance_status":"accepted","snap_distance_m":14.470511333750068,"threshold_m":50.0},"type":"Feature"},{"geometry":{"coordinates":[112.7545617,-7.2580464],"type":"Point"},"properties":{"analysis_version":"p0-central-v1","component_id":"cc_000001","entity_type":"merchant","input_lineage":{"data/processed/p0/culinary_poi_p0.geojson":"B472BB9F0E8C18A5A85FAB6783FBA2455FD5A8FECE9BAAE4B23ED42A6AD7A608","data/processed/p0/pedestrian_edges.geojson":"6A77F7722AE6F3EF4674405EAEF2E43019F6C90363063E52BEDF44F388636355","data/processed/p0/pedestrian_nodes.geojson":"547A82AA6CD4B2012EE931D022948B12836236F685129EB745DB9359F417D7D3","data/processed/p0/transit_points_p0.geojson":"D15301D6230B26E93F4BDD46E9839D26E174244E6ACABCB674F1BC9956C9B06E"},"merchant_id":"af6d7ab0-ee0e-5495-b0d5-290119174e22","merchant_name":"MOMOYO ICE CREAM & FRUIT TEA - TAMBAKSARI","method_config_fingerprint":"A0AE32FCDC33656774E190C42F9BA9483E2684228F7FCDB54B16728D5177BFF0","node_id":"node_4765c01087020cd763f90f8fc188790c4012306637aed5ebcf50e95444f4bf02","routing_status":"routable","snap_acceptance_status":"accepted","snap_distance_m":14.27661852308988,"threshold_m":50.0},"type":"Feature"},{"geometry":{"coordinates":[112.74831210000002,-7.271928],"type":"Point"},"properties":{"analysis_version":"p0-central-v1","component_id":"cc_000035","entity_type":"merchant","input_lineage":{"data/processed/p0/culinary_poi_p0.geojson":"B472BB9F0E8C18A5A85FAB6783FBA2455FD5A8FECE9BAAE4B23ED42A6AD7A608","data/processed/p0/pedestrian_edges.geojson":"6A77F7722AE6F3EF4674405EAEF2E43019F6C90363063E52BEDF44F388636355","data/processed/p0/pedestrian_nodes.geojson":"547A82AA6CD4B2012EE931D022948B12836236F685129EB745DB9359F417D7D3","data/processed/p0/transit_points_p0.geojson":"D15301D6230B26E93F4BDD46E9839D26E174244E6ACABCB674F1BC9956C9B06E"},"merchant_id":"aff84a54-d6c2-56cc-bb93-3a8c7ed95d48","merchant_name":"BONCAFE RAYA GUBENG","method_config_fingerprint":"A0AE32FCDC33656774E190C42F9BA9483E2684228F7FCDB54B16728D5177BFF0","node_id":"node_63a58315a4d31edb0be50a6e17313467fc4405ec5406acab08a784971a19fe7f","routing_status":"disconnected","snap_acceptance_status":"accepted","snap_distance_m":33.82489747016385,"threshold_m":50.0},"type":"Feature"},{"geometry":{"coordinates":[112.7401784,-7.2694812],"type":"Point"},"properties":{"analysis_version":"p0-central-v1","component_id":"cc_000001","entity_type":"merchant","input_lineage":{"data/processed/p0/culinary_poi_p0.geojson":"B472BB9F0E8C18A5A85FAB6783FBA2455FD5A8FECE9BAAE4B23ED42A6AD7A608","data/processed/p0/pedestrian_edges.geojson":"6A77F7722AE6F3EF4674405EAEF2E43019F6C90363063E52BEDF44F388636355","data/processed/p0/pedestrian_nodes.geojson":"547A82AA6CD4B2012EE931D022948B12836236F685129EB745DB9359F417D7D3","data/processed/p0/transit_points_p0.geojson":"D15301D6230B26E93F4BDD46E9839D26E174244E6ACABCB674F1BC9956C9B06E"},"merchant_id":"b00b46db-edfb-5329-991f-8de27542615d","merchant_name":"DEPOT 20 NASI GORENG JAWA","method_config_fingerprint":"A0AE32FCDC33656774E190C42F9BA9483E2684228F7FCDB54B16728D5177BFF0","node_id":"node_ab85b6e1d5714d4f0053bb2ddc6abb2041c6c5ab8dce32be77f6565eefae8acc","routing_status":"routable","snap_acceptance_status":"accepted","snap_distance_m":4.4662865382004036,"threshold_m":50.0},"type":"Feature"},{"geometry":{"coordinates":[112.7470853663118,-7.2651740179285],"type":"Point"},"properties":{"analysis_version":"p0-central-v1","component_id":"cc_000001","entity_type":"merchant","input_lineage":{"data/processed/p0/culinary_poi_p0.geojson":"B472BB9F0E8C18A5A85FAB6783FBA2455FD5A8FECE9BAAE4B23ED42A6AD7A608","data/processed/p0/pedestrian_edges.geojson":"6A77F7722AE6F3EF4674405EAEF2E43019F6C90363063E52BEDF44F388636355","data/processed/p0/pedestrian_nodes.geojson":"547A82AA6CD4B2012EE931D022948B12836236F685129EB745DB9359F417D7D3","data/processed/p0/transit_points_p0.geojson":"D15301D6230B26E93F4BDD46E9839D26E174244E6ACABCB674F1BC9956C9B06E"},"merchant_id":"b035ce35-6c80-5c07-a797-65ce2d7ce8a6","merchant_name":"ROTIBOY BAKESHOPPE","method_config_fingerprint":"A0AE32FCDC33656774E190C42F9BA9483E2684228F7FCDB54B16728D5177BFF0","node_id":"node_f727cccf0dc167cb3a2516d91ab5fafc7c9ecfe02e7efbc350d84f0e60eb2313","routing_status":"routable","snap_acceptance_status":"accepted","snap_distance_m":11.716232729517998,"threshold_m":50.0},"type":"Feature"},{"geometry":{"coordinates":[112.74891698483293,-7.263765100372313],"type":"Point"},"properties":{"analysis_version":"p0-central-v1","component_id":"cc_000001","entity_type":"merchant","input_lineage":{"data/processed/p0/culinary_poi_p0.geojson":"B472BB9F0E8C18A5A85FAB6783FBA2455FD5A8FECE9BAAE4B23ED42A6AD7A608","data/processed/p0/pedestrian_edges.geojson":"6A77F7722AE6F3EF4674405EAEF2E43019F6C90363063E52BEDF44F388636355","data/processed/p0/pedestrian_nodes.geojson":"547A82AA6CD4B2012EE931D022948B12836236F685129EB745DB9359F417D7D3","data/processed/p0/transit_points_p0.geojson":"D15301D6230B26E93F4BDD46E9839D26E174244E6ACABCB674F1BC9956C9B06E"},"merchant_id":"b0483245-e784-542f-a277-63ba40512e90","merchant_name":"BOGASARI BAKING CENTER","method_config_fingerprint":"A0AE32FCDC33656774E190C42F9BA9483E2684228F7FCDB54B16728D5177BFF0","node_id":"node_6403f9eb353707efb0519ef6378c25d7b58ea6afc7978b4343e28936056dd9bd","routing_status":"routable","snap_acceptance_status":"accepted","snap_distance_m":25.413753322200616,"threshold_m":50.0},"type":"Feature"},{"geometry":{"coordinates":[112.75120590000006,-7.267709099999934],"type":"Point"},"properties":{"analysis_version":"p0-central-v1","component_id":"cc_000004","entity_type":"merchant","input_lineage":{"data/processed/p0/culinary_poi_p0.geojson":"B472BB9F0E8C18A5A85FAB6783FBA2455FD5A8FECE9BAAE4B23ED42A6AD7A608","data/processed/p0/pedestrian_edges.geojson":"6A77F7722AE6F3EF4674405EAEF2E43019F6C90363063E52BEDF44F388636355","data/processed/p0/pedestrian_nodes.geojson":"547A82AA6CD4B2012EE931D022948B12836236F685129EB745DB9359F417D7D3","data/processed/p0/transit_points_p0.geojson":"D15301D6230B26E93F4BDD46E9839D26E174244E6ACABCB674F1BC9956C9B06E"},"merchant_id":"b1af63f2-7a94-5cfd-a2ba-d1abf0846906","merchant_name":"KAFE TENGAH KOTA","method_config_fingerprint":"A0AE32FCDC33656774E190C42F9BA9483E2684228F7FCDB54B16728D5177BFF0","node_id":"node_b0dbcc86a6de71b4f22d3d2643fbba77a57252a7e4d1d9b18b9fbe93c37446a6","routing_status":"disconnected","snap_acceptance_status":"accepted","snap_distance_m":27.687720728680482,"threshold_m":50.0},"type":"Feature"},{"geometry":{"coordinates":[112.742433,-7.263622],"type":"Point"},"properties":{"analysis_version":"p0-central-v1","component_id":"cc_000001","entity_type":"merchant","input_lineage":{"data/processed/p0/culinary_poi_p0.geojson":"B472BB9F0E8C18A5A85FAB6783FBA2455FD5A8FECE9BAAE4B23ED42A6AD7A608","data/processed/p0/pedestrian_edges.geojson":"6A77F7722AE6F3EF4674405EAEF2E43019F6C90363063E52BEDF44F388636355","data/processed/p0/pedestrian_nodes.geojson":"547A82AA6CD4B2012EE931D022948B12836236F685129EB745DB9359F417D7D3","data/processed/p0/transit_points_p0.geojson":"D15301D6230B26E93F4BDD46E9839D26E174244E6ACABCB674F1BC9956C9B06E"},"merchant_id":"b1ee5061-7140-51d6-9c75-b78fea1c14b4","merchant_name":"NASI GORENG KRENGSENGAN GRAHADI","method_config_fingerprint":"A0AE32FCDC33656774E190C42F9BA9483E2684228F7FCDB54B16728D5177BFF0","node_id":"node_33ce9a239dc9e379a03d96e48e667a1580c5c93e7738e3d1d4932035ca8fda8e","routing_status":"routable","snap_acceptance_status":"accepted","snap_distance_m":3.1117312622248097,"threshold_m":50.0},"type":"Feature"},{"geometry":{"coordinates":[112.7456354,-7.2510609],"type":"Point"},"properties":{"analysis_version":"p0-central-v1","component_id":"cc_000001","entity_type":"merchant","input_lineage":{"data/processed/p0/culinary_poi_p0.geojson":"B472BB9F0E8C18A5A85FAB6783FBA2455FD5A8FECE9BAAE4B23ED42A6AD7A608","data/processed/p0/pedestrian_edges.geojson":"6A77F7722AE6F3EF4674405EAEF2E43019F6C90363063E52BEDF44F388636355","data/processed/p0/pedestrian_nodes.geojson":"547A82AA6CD4B2012EE931D022948B12836236F685129EB745DB9359F417D7D3","data/processed/p0/transit_points_p0.geojson":"D15301D6230B26E93F4BDD46E9839D26E174244E6ACABCB674F1BC9956C9B06E"},"merchant_id":"b2da94ad-2fbe-5994-a1a5-79f3884c5301","merchant_name":"NASI GORENG PAK RUDI","method_config_fingerprint":"A0AE32FCDC33656774E190C42F9BA9483E2684228F7FCDB54B16728D5177BFF0","node_id":"node_d8b5b3bec2fabe786ba77ff5611a8d0a9be560768cb0038b29b7d2861448572a","routing_status":"routable","snap_acceptance_status":"accepted","snap_distance_m":22.95903170436961,"threshold_m":50.0},"type":"Feature"},{"geometry":{"coordinates":[112.7443015,-7.270470099999952],"type":"Point"},"properties":{"analysis_version":"p0-central-v1","component_id":"cc_000001","entity_type":"merchant","input_lineage":{"data/processed/p0/culinary_poi_p0.geojson":"B472BB9F0E8C18A5A85FAB6783FBA2455FD5A8FECE9BAAE4B23ED42A6AD7A608","data/processed/p0/pedestrian_edges.geojson":"6A77F7722AE6F3EF4674405EAEF2E43019F6C90363063E52BEDF44F388636355","data/processed/p0/pedestrian_nodes.geojson":"547A82AA6CD4B2012EE931D022948B12836236F685129EB745DB9359F417D7D3","data/processed/p0/transit_points_p0.geojson":"D15301D6230B26E93F4BDD46E9839D26E174244E6ACABCB674F1BC9956C9B06E"},"merchant_id":"b304df90-df21-52ae-87c9-d61371218268","merchant_name":"OUR BAR","method_config_fingerprint":"A0AE32FCDC33656774E190C42F9BA9483E2684228F7FCDB54B16728D5177BFF0","node_id":"node_4f7517744903c88896d242b6381fba6d3cfa9715b5cdb6a62b4628238abf58c2","routing_status":"routable","snap_acceptance_status":"accepted","snap_distance_m":23.897036987907146,"threshold_m":50.0},"type":"Feature"},{"geometry":{"coordinates":[112.73911520000001,-7.265305499999954],"type":"Point"},"properties":{"analysis_version":"p0-central-v1","component_id":"cc_000001","entity_type":"merchant","input_lineage":{"data/processed/p0/culinary_poi_p0.geojson":"B472BB9F0E8C18A5A85FAB6783FBA2455FD5A8FECE9BAAE4B23ED42A6AD7A608","data/processed/p0/pedestrian_edges.geojson":"6A77F7722AE6F3EF4674405EAEF2E43019F6C90363063E52BEDF44F388636355","data/processed/p0/pedestrian_nodes.geojson":"547A82AA6CD4B2012EE931D022948B12836236F685129EB745DB9359F417D7D3","data/processed/p0/transit_points_p0.geojson":"D15301D6230B26E93F4BDD46E9839D26E174244E6ACABCB674F1BC9956C9B06E"},"merchant_id":"b3c81b80-233e-5fda-991c-6b89ad1514e7","merchant_name":"CARROT COFFEE","method_config_fingerprint":"A0AE32FCDC33656774E190C42F9BA9483E2684228F7FCDB54B16728D5177BFF0","node_id":"node_30b84524606d5540b26898105efa2d7042d2cdc879b33ecbc54672f6893baca2","routing_status":"routable","snap_acceptance_status":"accepted","snap_distance_m":19.7246627421824,"threshold_m":50.0},"type":"Feature"},{"geometry":{"coordinates":[112.7503011,-7.2618186],"type":"Point"},"properties":{"analysis_version":"p0-central-v1","component_id":"cc_000001","entity_type":"merchant","input_lineage":{"data/processed/p0/culinary_poi_p0.geojson":"B472BB9F0E8C18A5A85FAB6783FBA2455FD5A8FECE9BAAE4B23ED42A6AD7A608","data/processed/p0/pedestrian_edges.geojson":"6A77F7722AE6F3EF4674405EAEF2E43019F6C90363063E52BEDF44F388636355","data/processed/p0/pedestrian_nodes.geojson":"547A82AA6CD4B2012EE931D022948B12836236F685129EB745DB9359F417D7D3","data/processed/p0/transit_points_p0.geojson":"D15301D6230B26E93F4BDD46E9839D26E174244E6ACABCB674F1BC9956C9B06E"},"merchant_id":"b3dca46b-4e01-5886-9f6a-6cc836fc161b","merchant_name":"QUICKLY - GRAND CITY MALL SURABAYA","method_config_fingerprint":"A0AE32FCDC33656774E190C42F9BA9483E2684228F7FCDB54B16728D5177BFF0","node_id":"node_7b95a9f2d87c45ac0bc598146f91daa6cbc69eeabf07238f0e2c31d428e0df8a","routing_status":"routable","snap_acceptance_status":"accepted","snap_distance_m":48.63446889172708,"threshold_m":50.0},"type":"Feature"},{"geometry":{"coordinates":[112.738589,-7.256566099999926],"type":"Point"},"properties":{"analysis_version":"p0-central-v1","component_id":"cc_000001","entity_type":"merchant","input_lineage":{"data/processed/p0/culinary_poi_p0.geojson":"B472BB9F0E8C18A5A85FAB6783FBA2455FD5A8FECE9BAAE4B23ED42A6AD7A608","data/processed/p0/pedestrian_edges.geojson":"6A77F7722AE6F3EF4674405EAEF2E43019F6C90363063E52BEDF44F388636355","data/processed/p0/pedestrian_nodes.geojson":"547A82AA6CD4B2012EE931D022948B12836236F685129EB745DB9359F417D7D3","data/processed/p0/transit_points_p0.geojson":"D15301D6230B26E93F4BDD46E9839D26E174244E6ACABCB674F1BC9956C9B06E"},"merchant_id":"b3f280a1-e5fd-5be9-bcae-6c2240556728","merchant_name":"BIMA RESTAURANT","method_config_fingerprint":"A0AE32FCDC33656774E190C42F9BA9483E2684228F7FCDB54B16728D5177BFF0","node_id":"node_02db42598b379cf02397a2b7ce524fdc149351f2a0ced8ff5dc6d335437eca51","routing_status":"routable","snap_acceptance_status":"accepted","snap_distance_m":28.194829693258036,"threshold_m":50.0},"type":"Feature"},{"geometry":{"coordinates":[112.7383509,-7.2612582],"type":"Point"},"properties":{"analysis_version":"p0-central-v1","component_id":"cc_000001","entity_type":"merchant","input_lineage":{"data/processed/p0/culinary_poi_p0.geojson":"B472BB9F0E8C18A5A85FAB6783FBA2455FD5A8FECE9BAAE4B23ED42A6AD7A608","data/processed/p0/pedestrian_edges.geojson":"6A77F7722AE6F3EF4674405EAEF2E43019F6C90363063E52BEDF44F388636355","data/processed/p0/pedestrian_nodes.geojson":"547A82AA6CD4B2012EE931D022948B12836236F685129EB745DB9359F417D7D3","data/processed/p0/transit_points_p0.geojson":"D15301D6230B26E93F4BDD46E9839D26E174244E6ACABCB674F1BC9956C9B06E"},"merchant_id":"b3fa59c0-d34e-5f74-a741-7a0fc3421a43","merchant_name":"DAUN LADA","method_config_fingerprint":"A0AE32FCDC33656774E190C42F9BA9483E2684228F7FCDB54B16728D5177BFF0","node_id":"node_5730f15b933724a4be3d484266c194d6405c5b1d5688378fe4f567cb292b6098","routing_status":"routable","snap_acceptance_status":"accepted","snap_distance_m":14.129234486288512,"threshold_m":50.0},"type":"Feature"},{"geometry":{"coordinates":[112.74431760000004,-7.260193199999947],"type":"Point"},"properties":{"analysis_version":"p0-central-v1","component_id":"cc_000001","entity_type":"merchant","input_lineage":{"data/processed/p0/culinary_poi_p0.geojson":"B472BB9F0E8C18A5A85FAB6783FBA2455FD5A8FECE9BAAE4B23ED42A6AD7A608","data/processed/p0/pedestrian_edges.geojson":"6A77F7722AE6F3EF4674405EAEF2E43019F6C90363063E52BEDF44F388636355","data/processed/p0/pedestrian_nodes.geojson":"547A82AA6CD4B2012EE931D022948B12836236F685129EB745DB9359F417D7D3","data/processed/p0/transit_points_p0.geojson":"D15301D6230B26E93F4BDD46E9839D26E174244E6ACABCB674F1BC9956C9B06E"},"merchant_id":"b42fdd66-1fdc-51f1-8e95-5597d42759ca","merchant_name":"MIE ATROEP - ONDOMOHEN","method_config_fingerprint":"A0AE32FCDC33656774E190C42F9BA9483E2684228F7FCDB54B16728D5177BFF0","node_id":"node_9097be7055d50c5cf573f426c4f5e998ebff592c8edb6e61af7b02fa6bc8eb0f","routing_status":"routable","snap_acceptance_status":"accepted","snap_distance_m":11.954378079920538,"threshold_m":50.0},"type":"Feature"},{"geometry":{"coordinates":[112.7489638,-7.2739385],"type":"Point"},"properties":{"analysis_version":"p0-central-v1","component_id":"cc_000001","entity_type":"merchant","input_lineage":{"data/processed/p0/culinary_poi_p0.geojson":"B472BB9F0E8C18A5A85FAB6783FBA2455FD5A8FECE9BAAE4B23ED42A6AD7A608","data/processed/p0/pedestrian_edges.geojson":"6A77F7722AE6F3EF4674405EAEF2E43019F6C90363063E52BEDF44F388636355","data/processed/p0/pedestrian_nodes.geojson":"547A82AA6CD4B2012EE931D022948B12836236F685129EB745DB9359F417D7D3","data/processed/p0/transit_points_p0.geojson":"D15301D6230B26E93F4BDD46E9839D26E174244E6ACABCB674F1BC9956C9B06E"},"merchant_id":"b4f9fde7-d3d9-58c2-a592-982fd53efc75","merchant_name":"SEA MONSTERS SEAFOOD RESTAURANT","method_config_fingerprint":"A0AE32FCDC33656774E190C42F9BA9483E2684228F7FCDB54B16728D5177BFF0","node_id":"node_f3e0c81ae89d727a7f04ada8a18c14496fbca673929e01adba1df920002585b4","routing_status":"snap_too_far","snap_acceptance_status":"snap_too_far","snap_distance_m":102.88031282223729,"threshold_m":50.0},"type":"Feature"},{"geometry":{"coordinates":[112.742395,-7.2526052],"type":"Point"},"properties":{"analysis_version":"p0-central-v1","component_id":"cc_000001","entity_type":"merchant","input_lineage":{"data/processed/p0/culinary_poi_p0.geojson":"B472BB9F0E8C18A5A85FAB6783FBA2455FD5A8FECE9BAAE4B23ED42A6AD7A608","data/processed/p0/pedestrian_edges.geojson":"6A77F7722AE6F3EF4674405EAEF2E43019F6C90363063E52BEDF44F388636355","data/processed/p0/pedestrian_nodes.geojson":"547A82AA6CD4B2012EE931D022948B12836236F685129EB745DB9359F417D7D3","data/processed/p0/transit_points_p0.geojson":"D15301D6230B26E93F4BDD46E9839D26E174244E6ACABCB674F1BC9956C9B06E"},"merchant_id":"b57c18b8-d62b-5a73-9ccd-be649a8cdddf","merchant_name":"PAWON PANDAN WANGI","method_config_fingerprint":"A0AE32FCDC33656774E190C42F9BA9483E2684228F7FCDB54B16728D5177BFF0","node_id":"node_b291da03822611ed1510ac1868a2039102573cc333277376cae12e510ecb004a","routing_status":"routable","snap_acceptance_status":"accepted","snap_distance_m":10.384860487737708,"threshold_m":50.0},"type":"Feature"},{"geometry":{"coordinates":[112.7472891,-7.2729656],"type":"Point"},"properties":{"analysis_version":"p0-central-v1","component_id":"cc_000001","entity_type":"merchant","input_lineage":{"data/processed/p0/culinary_poi_p0.geojson":"B472BB9F0E8C18A5A85FAB6783FBA2455FD5A8FECE9BAAE4B23ED42A6AD7A608","data/processed/p0/pedestrian_edges.geojson":"6A77F7722AE6F3EF4674405EAEF2E43019F6C90363063E52BEDF44F388636355","data/processed/p0/pedestrian_nodes.geojson":"547A82AA6CD4B2012EE931D022948B12836236F685129EB745DB9359F417D7D3","data/processed/p0/transit_points_p0.geojson":"D15301D6230B26E93F4BDD46E9839D26E174244E6ACABCB674F1BC9956C9B06E"},"merchant_id":"b63c1986-144f-5f39-bbaf-6b1cb1b0ec12","merchant_name":"PT.FRANS BAKERY","method_config_fingerprint":"A0AE32FCDC33656774E190C42F9BA9483E2684228F7FCDB54B16728D5177BFF0","node_id":"node_130ec41df76c3405166b35a19a29396258adfd9d5bd68aeb98e39287549ad5f4","routing_status":"routable","snap_acceptance_status":"accepted","snap_distance_m":20.75079016507397,"threshold_m":50.0},"type":"Feature"},{"geometry":{"coordinates":[112.7399501000001,-7.263276899999937],"type":"Point"},"properties":{"analysis_version":"p0-central-v1","component_id":"cc_000001","entity_type":"merchant","input_lineage":{"data/processed/p0/culinary_poi_p0.geojson":"B472BB9F0E8C18A5A85FAB6783FBA2455FD5A8FECE9BAAE4B23ED42A6AD7A608","data/processed/p0/pedestrian_edges.geojson":"6A77F7722AE6F3EF4674405EAEF2E43019F6C90363063E52BEDF44F388636355","data/processed/p0/pedestrian_nodes.geojson":"547A82AA6CD4B2012EE931D022948B12836236F685129EB745DB9359F417D7D3","data/processed/p0/transit_points_p0.geojson":"D15301D6230B26E93F4BDD46E9839D26E174244E6ACABCB674F1BC9956C9B06E"},"merchant_id":"b76323c6-8282-59ac-b912-335c9f0e84e1","merchant_name":"GYU KAKU - TUNJUNGAN PLAZA 4","method_config_fingerprint":"A0AE32FCDC33656774E190C42F9BA9483E2684228F7FCDB54B16728D5177BFF0","node_id":"node_ddc39f16e918ec37d31d9b71ba77172c470ec20ca1d0f28d342928262c3e03b1","routing_status":"routable","snap_acceptance_status":"accepted","snap_distance_m":7.75770376270459,"threshold_m":50.0},"type":"Feature"},{"geometry":{"coordinates":[112.72886820000008,-7.258461599999966],"type":"Point"},"properties":{"analysis_version":"p0-central-v1","component_id":"cc_000001","entity_type":"merchant","input_lineage":{"data/processed/p0/culinary_poi_p0.geojson":"B472BB9F0E8C18A5A85FAB6783FBA2455FD5A8FECE9BAAE4B23ED42A6AD7A608","data/processed/p0/pedestrian_edges.geojson":"6A77F7722AE6F3EF4674405EAEF2E43019F6C90363063E52BEDF44F388636355","data/processed/p0/pedestrian_nodes.geojson":"547A82AA6CD4B2012EE931D022948B12836236F685129EB745DB9359F417D7D3","data/processed/p0/transit_points_p0.geojson":"D15301D6230B26E93F4BDD46E9839D26E174244E6ACABCB674F1BC9956C9B06E"},"merchant_id":"b7933d1c-dff4-5a07-954f-d1e3c715d362","merchant_name":"DEPOT BU RUDY ANJASMORO SURABAYA","method_config_fingerprint":"A0AE32FCDC33656774E190C42F9BA9483E2684228F7FCDB54B16728D5177BFF0","node_id":"node_9863b7bc7330735e64e65736c477785671c31b9cad2f97ce2787f211becbda8c","routing_status":"routable","snap_acceptance_status":"accepted","snap_distance_m":3.1972064500000124,"threshold_m":50.0},"type":"Feature"},{"geometry":{"coordinates":[112.73748850000004,-7.26713],"type":"Point"},"properties":{"analysis_version":"p0-central-v1","component_id":"cc_000001","entity_type":"merchant","input_lineage":{"data/processed/p0/culinary_poi_p0.geojson":"B472BB9F0E8C18A5A85FAB6783FBA2455FD5A8FECE9BAAE4B23ED42A6AD7A608","data/processed/p0/pedestrian_edges.geojson":"6A77F7722AE6F3EF4674405EAEF2E43019F6C90363063E52BEDF44F388636355","data/processed/p0/pedestrian_nodes.geojson":"547A82AA6CD4B2012EE931D022948B12836236F685129EB745DB9359F417D7D3","data/processed/p0/transit_points_p0.geojson":"D15301D6230B26E93F4BDD46E9839D26E174244E6ACABCB674F1BC9956C9B06E"},"merchant_id":"b8743415-f05d-5414-bb5e-cd0bd0b1e828","merchant_name":"HOLYCOW! STEAKHOUSE BY CHEF AFIT","method_config_fingerprint":"A0AE32FCDC33656774E190C42F9BA9483E2684228F7FCDB54B16728D5177BFF0","node_id":"node_28834382c71dfcbe478d7bd5c3f8147efa591f796cb2023c998bc772b2d6c3b6","routing_status":"routable","snap_acceptance_status":"accepted","snap_distance_m":34.94846506010373,"threshold_m":50.0},"type":"Feature"},{"geometry":{"coordinates":[112.74856820000002,-7.258369699999946],"type":"Point"},"properties":{"analysis_version":"p0-central-v1","component_id":"cc_000001","entity_type":"merchant","input_lineage":{"data/processed/p0/culinary_poi_p0.geojson":"B472BB9F0E8C18A5A85FAB6783FBA2455FD5A8FECE9BAAE4B23ED42A6AD7A608","data/processed/p0/pedestrian_edges.geojson":"6A77F7722AE6F3EF4674405EAEF2E43019F6C90363063E52BEDF44F388636355","data/processed/p0/pedestrian_nodes.geojson":"547A82AA6CD4B2012EE931D022948B12836236F685129EB745DB9359F417D7D3","data/processed/p0/transit_points_p0.geojson":"D15301D6230B26E93F4BDD46E9839D26E174244E6ACABCB674F1BC9956C9B06E"},"merchant_id":"b8c42146-b2e2-5b57-9cb9-ae861913ee71","merchant_name":"NASI PADANG BALAI KOTA","method_config_fingerprint":"A0AE32FCDC33656774E190C42F9BA9483E2684228F7FCDB54B16728D5177BFF0","node_id":"node_6ff39deebd728e70f347244126ae48b0443209ff92d277f9767ea0a0d3bcfd4a","routing_status":"routable","snap_acceptance_status":"accepted","snap_distance_m":25.530387658596812,"threshold_m":50.0},"type":"Feature"},{"geometry":{"coordinates":[112.7400385,-7.2725673],"type":"Point"},"properties":{"analysis_version":"p0-central-v1","component_id":"cc_000001","entity_type":"merchant","input_lineage":{"data/processed/p0/culinary_poi_p0.geojson":"B472BB9F0E8C18A5A85FAB6783FBA2455FD5A8FECE9BAAE4B23ED42A6AD7A608","data/processed/p0/pedestrian_edges.geojson":"6A77F7722AE6F3EF4674405EAEF2E43019F6C90363063E52BEDF44F388636355","data/processed/p0/pedestrian_nodes.geojson":"547A82AA6CD4B2012EE931D022948B12836236F685129EB745DB9359F417D7D3","data/processed/p0/transit_points_p0.geojson":"D15301D6230B26E93F4BDD46E9839D26E174244E6ACABCB674F1BC9956C9B06E"},"merchant_id":"b99efa94-a87b-5e40-8ce4-6f7bace339c1","merchant_name":"GWEN KULINER SURABAYA","method_config_fingerprint":"A0AE32FCDC33656774E190C42F9BA9483E2684228F7FCDB54B16728D5177BFF0","node_id":"node_6679efdc75f0a3f9e5447e1e454dc381d1cf44621634e1a63ab5b91712ffb492","routing_status":"routable","snap_acceptance_status":"accepted","snap_distance_m":20.061873635382142,"threshold_m":50.0},"type":"Feature"},{"geometry":{"coordinates":[112.7304442,-7.2646524],"type":"Point"},"properties":{"analysis_version":"p0-central-v1","component_id":"cc_000001","entity_type":"merchant","input_lineage":{"data/processed/p0/culinary_poi_p0.geojson":"B472BB9F0E8C18A5A85FAB6783FBA2455FD5A8FECE9BAAE4B23ED42A6AD7A608","data/processed/p0/pedestrian_edges.geojson":"6A77F7722AE6F3EF4674405EAEF2E43019F6C90363063E52BEDF44F388636355","data/processed/p0/pedestrian_nodes.geojson":"547A82AA6CD4B2012EE931D022948B12836236F685129EB745DB9359F417D7D3","data/processed/p0/transit_points_p0.geojson":"D15301D6230B26E93F4BDD46E9839D26E174244E6ACABCB674F1BC9956C9B06E"},"merchant_id":"b9cb708d-323b-5a43-be39-4f02e547850b","merchant_name":"WR IKAN BAKAR CITA RASA PAKDE TOKA KEDUNGDORO","method_config_fingerprint":"A0AE32FCDC33656774E190C42F9BA9483E2684228F7FCDB54B16728D5177BFF0","node_id":"node_551f35bb466d12ecf521958aeca0bb23848a5a0c6437f43be62a100badcdf1c8","routing_status":"routable","snap_acceptance_status":"accepted","snap_distance_m":18.31259603097496,"threshold_m":50.0},"type":"Feature"},{"geometry":{"coordinates":[112.7392356,-7.261878],"type":"Point"},"properties":{"analysis_version":"p0-central-v1","component_id":"cc_000001","entity_type":"merchant","input_lineage":{"data/processed/p0/culinary_poi_p0.geojson":"B472BB9F0E8C18A5A85FAB6783FBA2455FD5A8FECE9BAAE4B23ED42A6AD7A608","data/processed/p0/pedestrian_edges.geojson":"6A77F7722AE6F3EF4674405EAEF2E43019F6C90363063E52BEDF44F388636355","data/processed/p0/pedestrian_nodes.geojson":"547A82AA6CD4B2012EE931D022948B12836236F685129EB745DB9359F417D7D3","data/processed/p0/transit_points_p0.geojson":"D15301D6230B26E93F4BDD46E9839D26E174244E6ACABCB674F1BC9956C9B06E"},"merchant_id":"b9e7373e-8c0d-5dc9-819f-62345737c3e5","merchant_name":"FRUT-O GELATO","method_config_fingerprint":"A0AE32FCDC33656774E190C42F9BA9483E2684228F7FCDB54B16728D5177BFF0","node_id":"node_cbacf036b09b820d3ee400fc6a1bdf27520713ec7c83988e7941ad968bc7eda6","routing_status":"routable","snap_acceptance_status":"accepted","snap_distance_m":41.57754464648399,"threshold_m":50.0},"type":"Feature"},{"geometry":{"coordinates":[112.739471,-7.261706],"type":"Point"},"properties":{"analysis_version":"p0-central-v1","component_id":"cc_000001","entity_type":"merchant","input_lineage":{"data/processed/p0/culinary_poi_p0.geojson":"B472BB9F0E8C18A5A85FAB6783FBA2455FD5A8FECE9BAAE4B23ED42A6AD7A608","data/processed/p0/pedestrian_edges.geojson":"6A77F7722AE6F3EF4674405EAEF2E43019F6C90363063E52BEDF44F388636355","data/processed/p0/pedestrian_nodes.geojson":"547A82AA6CD4B2012EE931D022948B12836236F685129EB745DB9359F417D7D3","data/processed/p0/transit_points_p0.geojson":"D15301D6230B26E93F4BDD46E9839D26E174244E6ACABCB674F1BC9956C9B06E"},"merchant_id":"ba5ff2f5-6bf1-574e-b1a9-dda87c60d899","merchant_name":"CHIR CHIR - TUNJUNGAN PLAZA 6","method_config_fingerprint":"A0AE32FCDC33656774E190C42F9BA9483E2684228F7FCDB54B16728D5177BFF0","node_id":"node_0396c2b6f042057d424e8cf2a15fa1aebf5ca929b5c7d9a64e1f07678f07d536","routing_status":"routable","snap_acceptance_status":"accepted","snap_distance_m":28.335572505472577,"threshold_m":50.0},"type":"Feature"},{"geometry":{"coordinates":[112.7378199,-7.2508613],"type":"Point"},"properties":{"analysis_version":"p0-central-v1","component_id":"cc_000001","entity_type":"merchant","input_lineage":{"data/processed/p0/culinary_poi_p0.geojson":"B472BB9F0E8C18A5A85FAB6783FBA2455FD5A8FECE9BAAE4B23ED42A6AD7A608","data/processed/p0/pedestrian_edges.geojson":"6A77F7722AE6F3EF4674405EAEF2E43019F6C90363063E52BEDF44F388636355","data/processed/p0/pedestrian_nodes.geojson":"547A82AA6CD4B2012EE931D022948B12836236F685129EB745DB9359F417D7D3","data/processed/p0/transit_points_p0.geojson":"D15301D6230B26E93F4BDD46E9839D26E174244E6ACABCB674F1BC9956C9B06E"},"merchant_id":"bb528b27-d181-5dd8-83df-983bf889cf2f","merchant_name":"CHRISTINE SPIKU CAKE","method_config_fingerprint":"A0AE32FCDC33656774E190C42F9BA9483E2684228F7FCDB54B16728D5177BFF0","node_id":"node_781b02a077f696350d361cac4d74d7c8323755acf6a3d6ab9850f38201037148","routing_status":"routable","snap_acceptance_status":"accepted","snap_distance_m":12.67923348171567,"threshold_m":50.0},"type":"Feature"},{"geometry":{"coordinates":[112.75721680000004,-7.258831799999939],"type":"Point"},"properties":{"analysis_version":"p0-central-v1","component_id":"cc_000001","entity_type":"merchant","input_lineage":{"data/processed/p0/culinary_poi_p0.geojson":"B472BB9F0E8C18A5A85FAB6783FBA2455FD5A8FECE9BAAE4B23ED42A6AD7A608","data/processed/p0/pedestrian_edges.geojson":"6A77F7722AE6F3EF4674405EAEF2E43019F6C90363063E52BEDF44F388636355","data/processed/p0/pedestrian_nodes.geojson":"547A82AA6CD4B2012EE931D022948B12836236F685129EB745DB9359F417D7D3","data/processed/p0/transit_points_p0.geojson":"D15301D6230B26E93F4BDD46E9839D26E174244E6ACABCB674F1BC9956C9B06E"},"merchant_id":"bbbe063e-538b-5b52-86dc-a7f21fd50843","merchant_name":"DEPOT CAK KISS MIE AYAM DAN NASI GORENG","method_config_fingerprint":"A0AE32FCDC33656774E190C42F9BA9483E2684228F7FCDB54B16728D5177BFF0","node_id":"node_2a85636c8d324fe0e8e468d4aef05651e82fa2cdfd8c8e777c89f0177c432a17","routing_status":"routable","snap_acceptance_status":"accepted","snap_distance_m":11.381408432622255,"threshold_m":50.0},"type":"Feature"},{"geometry":{"coordinates":[112.7459194,-7.2577141],"type":"Point"},"properties":{"analysis_version":"p0-central-v1","component_id":"cc_000001","entity_type":"merchant","input_lineage":{"data/processed/p0/culinary_poi_p0.geojson":"B472BB9F0E8C18A5A85FAB6783FBA2455FD5A8FECE9BAAE4B23ED42A6AD7A608","data/processed/p0/pedestrian_edges.geojson":"6A77F7722AE6F3EF4674405EAEF2E43019F6C90363063E52BEDF44F388636355","data/processed/p0/pedestrian_nodes.geojson":"547A82AA6CD4B2012EE931D022948B12836236F685129EB745DB9359F417D7D3","data/processed/p0/transit_points_p0.geojson":"D15301D6230B26E93F4BDD46E9839D26E174244E6ACABCB674F1BC9956C9B06E"},"merchant_id":"bbefb449-0fd6-5320-a8f7-81388e91a705","merchant_name":"CHRISTIE'S CAKE & BAKERY","method_config_fingerprint":"A0AE32FCDC33656774E190C42F9BA9483E2684228F7FCDB54B16728D5177BFF0","node_id":"node_b816a9aaf9db986a67922e605dd433c1ed321636fe8279c2d7aa3b3dbcb253b5","routing_status":"routable","snap_acceptance_status":"accepted","snap_distance_m":4.368407800391931,"threshold_m":50.0},"type":"Feature"},{"geometry":{"coordinates":[112.7483317,-7.264687],"type":"Point"},"properties":{"analysis_version":"p0-central-v1","component_id":"cc_000001","entity_type":"merchant","input_lineage":{"data/processed/p0/culinary_poi_p0.geojson":"B472BB9F0E8C18A5A85FAB6783FBA2455FD5A8FECE9BAAE4B23ED42A6AD7A608","data/processed/p0/pedestrian_edges.geojson":"6A77F7722AE6F3EF4674405EAEF2E43019F6C90363063E52BEDF44F388636355","data/processed/p0/pedestrian_nodes.geojson":"547A82AA6CD4B2012EE931D022948B12836236F685129EB745DB9359F417D7D3","data/processed/p0/transit_points_p0.geojson":"D15301D6230B26E93F4BDD46E9839D26E174244E6ACABCB674F1BC9956C9B06E"},"merchant_id":"bc9b46e1-e870-59ea-b680-33397abdaefa","merchant_name":"MIXUE ICE CREAM & TEA - PLAZA SURABAYA","method_config_fingerprint":"A0AE32FCDC33656774E190C42F9BA9483E2684228F7FCDB54B16728D5177BFF0","node_id":"node_b6bf3f8d1763ed4e429ddbae4fc1ff4f4629b9fb10125580350f05b3f24df01d","routing_status":"routable","snap_acceptance_status":"accepted","snap_distance_m":39.105789014397246,"threshold_m":50.0},"type":"Feature"},{"geometry":{"coordinates":[112.7349077,-7.2630352],"type":"Point"},"properties":{"analysis_version":"p0-central-v1","component_id":"cc_000001","entity_type":"merchant","input_lineage":{"data/processed/p0/culinary_poi_p0.geojson":"B472BB9F0E8C18A5A85FAB6783FBA2455FD5A8FECE9BAAE4B23ED42A6AD7A608","data/processed/p0/pedestrian_edges.geojson":"6A77F7722AE6F3EF4674405EAEF2E43019F6C90363063E52BEDF44F388636355","data/processed/p0/pedestrian_nodes.geojson":"547A82AA6CD4B2012EE931D022948B12836236F685129EB745DB9359F417D7D3","data/processed/p0/transit_points_p0.geojson":"D15301D6230B26E93F4BDD46E9839D26E174244E6ACABCB674F1BC9956C9B06E"},"merchant_id":"bd931451-0245-578c-bfb6-17244dd05d50","merchant_name":"NASI GORENG 69","method_config_fingerprint":"A0AE32FCDC33656774E190C42F9BA9483E2684228F7FCDB54B16728D5177BFF0","node_id":"node_d923b081339c1a2e793963fb426d5af579d522d191b8b9ea056a1f68550c4de1","routing_status":"routable","snap_acceptance_status":"accepted","snap_distance_m":4.584531885929281,"threshold_m":50.0},"type":"Feature"},{"geometry":{"coordinates":[112.73363060000008,-7.254812199999945],"type":"Point"},"properties":{"analysis_version":"p0-central-v1","component_id":"cc_000001","entity_type":"merchant","input_lineage":{"data/processed/p0/culinary_poi_p0.geojson":"B472BB9F0E8C18A5A85FAB6783FBA2455FD5A8FECE9BAAE4B23ED42A6AD7A608","data/processed/p0/pedestrian_edges.geojson":"6A77F7722AE6F3EF4674405EAEF2E43019F6C90363063E52BEDF44F388636355","data/processed/p0/pedestrian_nodes.geojson":"547A82AA6CD4B2012EE931D022948B12836236F685129EB745DB9359F417D7D3","data/processed/p0/transit_points_p0.geojson":"D15301D6230B26E93F4BDD46E9839D26E174244E6ACABCB674F1BC9956C9B06E"},"merchant_id":"bef703f1-d258-5c65-b655-00cfc93b04f7","merchant_name":"SINGAPORE SWEET BG JUNCTION MALL","method_config_fingerprint":"A0AE32FCDC33656774E190C42F9BA9483E2684228F7FCDB54B16728D5177BFF0","node_id":"node_c1fe851e5b6e511bbfe9e0ad0058f4692cb4bfc7331fcaff53f12872c93c7b25","routing_status":"routable","snap_acceptance_status":"accepted","snap_distance_m":13.061646185141468,"threshold_m":50.0},"type":"Feature"},{"geometry":{"coordinates":[112.7476704,-7.2561268],"type":"Point"},"properties":{"analysis_version":"p0-central-v1","component_id":"cc_000001","entity_type":"merchant","input_lineage":{"data/processed/p0/culinary_poi_p0.geojson":"B472BB9F0E8C18A5A85FAB6783FBA2455FD5A8FECE9BAAE4B23ED42A6AD7A608","data/processed/p0/pedestrian_edges.geojson":"6A77F7722AE6F3EF4674405EAEF2E43019F6C90363063E52BEDF44F388636355","data/processed/p0/pedestrian_nodes.geojson":"547A82AA6CD4B2012EE931D022948B12836236F685129EB745DB9359F417D7D3","data/processed/p0/transit_points_p0.geojson":"D15301D6230B26E93F4BDD46E9839D26E174244E6ACABCB674F1BC9956C9B06E"},"merchant_id":"bfcd5a55-b7c1-5712-815a-da6c17b76a5e","merchant_name":"MIXUE AMBENGAN","method_config_fingerprint":"A0AE32FCDC33656774E190C42F9BA9483E2684228F7FCDB54B16728D5177BFF0","node_id":"node_61933f0abb50e19414743315c8f7a1ffa1dbcaf4f220e7c6bf3b1f7416a38a67","routing_status":"routable","snap_acceptance_status":"accepted","snap_distance_m":39.33681158382349,"threshold_m":50.0},"type":"Feature"},{"geometry":{"coordinates":[112.7573536000001,-7.257947599999966],"type":"Point"},"properties":{"analysis_version":"p0-central-v1","component_id":"cc_000001","entity_type":"merchant","input_lineage":{"data/processed/p0/culinary_poi_p0.geojson":"B472BB9F0E8C18A5A85FAB6783FBA2455FD5A8FECE9BAAE4B23ED42A6AD7A608","data/processed/p0/pedestrian_edges.geojson":"6A77F7722AE6F3EF4674405EAEF2E43019F6C90363063E52BEDF44F388636355","data/processed/p0/pedestrian_nodes.geojson":"547A82AA6CD4B2012EE931D022948B12836236F685129EB745DB9359F417D7D3","data/processed/p0/transit_points_p0.geojson":"D15301D6230B26E93F4BDD46E9839D26E174244E6ACABCB674F1BC9956C9B06E"},"merchant_id":"c044697b-18e5-5f2d-a6f1-4e4b8e95ba2d","merchant_name":"GRANDFATHER COFFEESHOP","method_config_fingerprint":"A0AE32FCDC33656774E190C42F9BA9483E2684228F7FCDB54B16728D5177BFF0","node_id":"node_27e23415ac9d9adaa1ede795a5ff5dec84223a6176422e9d3445dab67acda303","routing_status":"routable","snap_acceptance_status":"accepted","snap_distance_m":28.617522104562042,"threshold_m":50.0},"type":"Feature"},{"geometry":{"coordinates":[112.748752,-7.265198],"type":"Point"},"properties":{"analysis_version":"p0-central-v1","component_id":"cc_000001","entity_type":"merchant","input_lineage":{"data/processed/p0/culinary_poi_p0.geojson":"B472BB9F0E8C18A5A85FAB6783FBA2455FD5A8FECE9BAAE4B23ED42A6AD7A608","data/processed/p0/pedestrian_edges.geojson":"6A77F7722AE6F3EF4674405EAEF2E43019F6C90363063E52BEDF44F388636355","data/processed/p0/pedestrian_nodes.geojson":"547A82AA6CD4B2012EE931D022948B12836236F685129EB745DB9359F417D7D3","data/processed/p0/transit_points_p0.geojson":"D15301D6230B26E93F4BDD46E9839D26E174244E6ACABCB674F1BC9956C9B06E"},"merchant_id":"c06b92c2-bae6-5783-bcaa-02968931a61f","merchant_name":"ALAM LAUT","method_config_fingerprint":"A0AE32FCDC33656774E190C42F9BA9483E2684228F7FCDB54B16728D5177BFF0","node_id":"node_7e67aa40f2316b25445849dbcbd17e1079f2333b399d9c91a7bd8debce1e5c6d","routing_status":"routable","snap_acceptance_status":"accepted","snap_distance_m":44.98245603716898,"threshold_m":50.0},"type":"Feature"},{"geometry":{"coordinates":[112.7572788,-7.2580782],"type":"Point"},"properties":{"analysis_version":"p0-central-v1","component_id":"cc_000001","entity_type":"merchant","input_lineage":{"data/processed/p0/culinary_poi_p0.geojson":"B472BB9F0E8C18A5A85FAB6783FBA2455FD5A8FECE9BAAE4B23ED42A6AD7A608","data/processed/p0/pedestrian_edges.geojson":"6A77F7722AE6F3EF4674405EAEF2E43019F6C90363063E52BEDF44F388636355","data/processed/p0/pedestrian_nodes.geojson":"547A82AA6CD4B2012EE931D022948B12836236F685129EB745DB9359F417D7D3","data/processed/p0/transit_points_p0.geojson":"D15301D6230B26E93F4BDD46E9839D26E174244E6ACABCB674F1BC9956C9B06E"},"merchant_id":"c0a0c26b-5bb3-532b-9981-11057b11f292","merchant_name":"SARI LAUT CAK KUS","method_config_fingerprint":"A0AE32FCDC33656774E190C42F9BA9483E2684228F7FCDB54B16728D5177BFF0","node_id":"node_27e23415ac9d9adaa1ede795a5ff5dec84223a6176422e9d3445dab67acda303","routing_status":"routable","snap_acceptance_status":"accepted","snap_distance_m":41.02668823374866,"threshold_m":50.0},"type":"Feature"},{"geometry":{"coordinates":[112.7518879,-7.2543804],"type":"Point"},"properties":{"analysis_version":"p0-central-v1","component_id":"cc_000001","entity_type":"merchant","input_lineage":{"data/processed/p0/culinary_poi_p0.geojson":"B472BB9F0E8C18A5A85FAB6783FBA2455FD5A8FECE9BAAE4B23ED42A6AD7A608","data/processed/p0/pedestrian_edges.geojson":"6A77F7722AE6F3EF4674405EAEF2E43019F6C90363063E52BEDF44F388636355","data/processed/p0/pedestrian_nodes.geojson":"547A82AA6CD4B2012EE931D022948B12836236F685129EB745DB9359F417D7D3","data/processed/p0/transit_points_p0.geojson":"D15301D6230B26E93F4BDD46E9839D26E174244E6ACABCB674F1BC9956C9B06E"},"merchant_id":"c3b29859-ed15-5532-8238-8b4520439bac","merchant_name":"NASI GORENG JANCIK SPECIAL SUPER PEDAS","method_config_fingerprint":"A0AE32FCDC33656774E190C42F9BA9483E2684228F7FCDB54B16728D5177BFF0","node_id":"node_f3b3cdacac53a9470d8a6ecf7ad0d07490b022ff529178a86f6e2224abf446bc","routing_status":"routable","snap_acceptance_status":"accepted","snap_distance_m":31.168532487552834,"threshold_m":50.0},"type":"Feature"},{"geometry":{"coordinates":[112.75039,-7.261925],"type":"Point"},"properties":{"analysis_version":"p0-central-v1","component_id":"cc_000001","entity_type":"merchant","input_lineage":{"data/processed/p0/culinary_poi_p0.geojson":"B472BB9F0E8C18A5A85FAB6783FBA2455FD5A8FECE9BAAE4B23ED42A6AD7A608","data/processed/p0/pedestrian_edges.geojson":"6A77F7722AE6F3EF4674405EAEF2E43019F6C90363063E52BEDF44F388636355","data/processed/p0/pedestrian_nodes.geojson":"547A82AA6CD4B2012EE931D022948B12836236F685129EB745DB9359F417D7D3","data/processed/p0/transit_points_p0.geojson":"D15301D6230B26E93F4BDD46E9839D26E174244E6ACABCB674F1BC9956C9B06E"},"merchant_id":"c41734a0-cbd5-51ac-bc92-a43dfb372725","merchant_name":"JASMINE ICE CREAM - GRAND CITY MALL SURABAYA","method_config_fingerprint":"A0AE32FCDC33656774E190C42F9BA9483E2684228F7FCDB54B16728D5177BFF0","node_id":"node_e7b009dabe6d37ee6ac9e931ad5ba79ead90132a676e48ac68b3bf5a5af8c9a2","routing_status":"routable","snap_acceptance_status":"accepted","snap_distance_m":41.91466294417965,"threshold_m":50.0},"type":"Feature"},{"geometry":{"coordinates":[112.73135760000002,-7.256150299999945],"type":"Point"},"properties":{"analysis_version":"p0-central-v1","component_id":"cc_000001","entity_type":"merchant","input_lineage":{"data/processed/p0/culinary_poi_p0.geojson":"B472BB9F0E8C18A5A85FAB6783FBA2455FD5A8FECE9BAAE4B23ED42A6AD7A608","data/processed/p0/pedestrian_edges.geojson":"6A77F7722AE6F3EF4674405EAEF2E43019F6C90363063E52BEDF44F388636355","data/processed/p0/pedestrian_nodes.geojson":"547A82AA6CD4B2012EE931D022948B12836236F685129EB745DB9359F417D7D3","data/processed/p0/transit_points_p0.geojson":"D15301D6230B26E93F4BDD46E9839D26E174244E6ACABCB674F1BC9956C9B06E"},"merchant_id":"c5b22198-7603-5ecd-bd21-af4a59342a4f","merchant_name":"DEA MINANG","method_config_fingerprint":"A0AE32FCDC33656774E190C42F9BA9483E2684228F7FCDB54B16728D5177BFF0","node_id":"node_1761bd19d8f320b16162de4bd8c6ba520f17a5e069e6aee5f7290c1f664a0679","routing_status":"routable","snap_acceptance_status":"accepted","snap_distance_m":7.445480561867825,"threshold_m":50.0},"type":"Feature"},{"geometry":{"coordinates":[112.7544665,-7.2604565],"type":"Point"},"properties":{"analysis_version":"p0-central-v1","component_id":"cc_000001","entity_type":"merchant","input_lineage":{"data/processed/p0/culinary_poi_p0.geojson":"B472BB9F0E8C18A5A85FAB6783FBA2455FD5A8FECE9BAAE4B23ED42A6AD7A608","data/processed/p0/pedestrian_edges.geojson":"6A77F7722AE6F3EF4674405EAEF2E43019F6C90363063E52BEDF44F388636355","data/processed/p0/pedestrian_nodes.geojson":"547A82AA6CD4B2012EE931D022948B12836236F685129EB745DB9359F417D7D3","data/processed/p0/transit_points_p0.geojson":"D15301D6230B26E93F4BDD46E9839D26E174244E6ACABCB674F1BC9956C9B06E"},"merchant_id":"c64d6fee-2be8-5285-a4ed-1df7022e17b0","merchant_name":"SPBU INDRAKILA-SEMARANG,SBY","method_config_fingerprint":"A0AE32FCDC33656774E190C42F9BA9483E2684228F7FCDB54B16728D5177BFF0","node_id":"node_eba5651d4c43a9dd36acbbb878a1ecec7151a628e15ff2269fac98d961206f62","routing_status":"routable","snap_acceptance_status":"accepted","snap_distance_m":8.801845917743623,"threshold_m":50.0},"type":"Feature"},{"geometry":{"coordinates":[112.74167890000001,-7.257575599999937],"type":"Point"},"properties":{"analysis_version":"p0-central-v1","component_id":"cc_000001","entity_type":"merchant","input_lineage":{"data/processed/p0/culinary_poi_p0.geojson":"B472BB9F0E8C18A5A85FAB6783FBA2455FD5A8FECE9BAAE4B23ED42A6AD7A608","data/processed/p0/pedestrian_edges.geojson":"6A77F7722AE6F3EF4674405EAEF2E43019F6C90363063E52BEDF44F388636355","data/processed/p0/pedestrian_nodes.geojson":"547A82AA6CD4B2012EE931D022948B12836236F685129EB745DB9359F417D7D3","data/processed/p0/transit_points_p0.geojson":"D15301D6230B26E93F4BDD46E9839D26E174244E6ACABCB674F1BC9956C9B06E"},"merchant_id":"c6780918-f759-51bf-9e25-db2ad739926b","merchant_name":"JAJANAN DAPUR VIDI","method_config_fingerprint":"A0AE32FCDC33656774E190C42F9BA9483E2684228F7FCDB54B16728D5177BFF0","node_id":"node_b39802ac497a769fb6983c1365af61d2d64d56bd758ca155dc5932b4959b6b9c","routing_status":"routable","snap_acceptance_status":"accepted","snap_distance_m":2.6905798629710334,"threshold_m":50.0},"type":"Feature"},{"geometry":{"coordinates":[112.748767,-7.265371],"type":"Point"},"properties":{"analysis_version":"p0-central-v1","component_id":"cc_000001","entity_type":"merchant","input_lineage":{"data/processed/p0/culinary_poi_p0.geojson":"B472BB9F0E8C18A5A85FAB6783FBA2455FD5A8FECE9BAAE4B23ED42A6AD7A608","data/processed/p0/pedestrian_edges.geojson":"6A77F7722AE6F3EF4674405EAEF2E43019F6C90363063E52BEDF44F388636355","data/processed/p0/pedestrian_nodes.geojson":"547A82AA6CD4B2012EE931D022948B12836236F685129EB745DB9359F417D7D3","data/processed/p0/transit_points_p0.geojson":"D15301D6230B26E93F4BDD46E9839D26E174244E6ACABCB674F1BC9956C9B06E"},"merchant_id":"c6b5220b-cb54-5788-8ced-109da2cd4c52","merchant_name":"STAND MASAKAN PADANG AMPERA PALAPA (KEDAI TERAS PEDAGANG KAKI LIMA)","method_config_fingerprint":"A0AE32FCDC33656774E190C42F9BA9483E2684228F7FCDB54B16728D5177BFF0","node_id":"node_c3caae3e03f80452a5b3004376f0a0629042f53e0014dad383d333903976a5a5","routing_status":"routable","snap_acceptance_status":"accepted","snap_distance_m":27.471363502135112,"threshold_m":50.0},"type":"Feature"},{"geometry":{"coordinates":[112.74744720000001,-7.27356529999997],"type":"Point"},"properties":{"analysis_version":"p0-central-v1","component_id":"cc_000001","entity_type":"merchant","input_lineage":{"data/processed/p0/culinary_poi_p0.geojson":"B472BB9F0E8C18A5A85FAB6783FBA2455FD5A8FECE9BAAE4B23ED42A6AD7A608","data/processed/p0/pedestrian_edges.geojson":"6A77F7722AE6F3EF4674405EAEF2E43019F6C90363063E52BEDF44F388636355","data/processed/p0/pedestrian_nodes.geojson":"547A82AA6CD4B2012EE931D022948B12836236F685129EB745DB9359F417D7D3","data/processed/p0/transit_points_p0.geojson":"D15301D6230B26E93F4BDD46E9839D26E174244E6ACABCB674F1BC9956C9B06E"},"merchant_id":"c72294a9-e083-50d7-aa5b-06f907cc1148","merchant_name":"KOOFFEE+ ROOF BAR","method_config_fingerprint":"A0AE32FCDC33656774E190C42F9BA9483E2684228F7FCDB54B16728D5177BFF0","node_id":"node_5ed88954ffad5087b2be730051411cce111f980abd9ecdabd02eeb31c0dbcecb","routing_status":"routable","snap_acceptance_status":"accepted","snap_distance_m":12.60998558109209,"threshold_m":50.0},"type":"Feature"},{"geometry":{"coordinates":[112.7543935,-7.2548688],"type":"Point"},"properties":{"analysis_version":"p0-central-v1","component_id":"cc_000001","entity_type":"merchant","input_lineage":{"data/processed/p0/culinary_poi_p0.geojson":"B472BB9F0E8C18A5A85FAB6783FBA2455FD5A8FECE9BAAE4B23ED42A6AD7A608","data/processed/p0/pedestrian_edges.geojson":"6A77F7722AE6F3EF4674405EAEF2E43019F6C90363063E52BEDF44F388636355","data/processed/p0/pedestrian_nodes.geojson":"547A82AA6CD4B2012EE931D022948B12836236F685129EB745DB9359F417D7D3","data/processed/p0/transit_points_p0.geojson":"D15301D6230B26E93F4BDD46E9839D26E174244E6ACABCB674F1BC9956C9B06E"},"merchant_id":"c80eb21b-f528-5656-9217-22c2a80902cf","merchant_name":"KAMPOENG ROTI","method_config_fingerprint":"A0AE32FCDC33656774E190C42F9BA9483E2684228F7FCDB54B16728D5177BFF0","node_id":"node_f8d124250f91a2b78626fcfcd3f9d920ea652bcd0be598cb66a40f145f984325","routing_status":"routable","snap_acceptance_status":"accepted","snap_distance_m":11.939096917404113,"threshold_m":50.0},"type":"Feature"},{"geometry":{"coordinates":[112.74335050000002,-7.269915899999944],"type":"Point"},"properties":{"analysis_version":"p0-central-v1","component_id":"cc_000001","entity_type":"merchant","input_lineage":{"data/processed/p0/culinary_poi_p0.geojson":"B472BB9F0E8C18A5A85FAB6783FBA2455FD5A8FECE9BAAE4B23ED42A6AD7A608","data/processed/p0/pedestrian_edges.geojson":"6A77F7722AE6F3EF4674405EAEF2E43019F6C90363063E52BEDF44F388636355","data/processed/p0/pedestrian_nodes.geojson":"547A82AA6CD4B2012EE931D022948B12836236F685129EB745DB9359F417D7D3","data/processed/p0/transit_points_p0.geojson":"D15301D6230B26E93F4BDD46E9839D26E174244E6ACABCB674F1BC9956C9B06E"},"merchant_id":"c83f4cda-634d-5acd-b48b-3bee4b81ca5f","merchant_name":"THE COFFEE SHOP","method_config_fingerprint":"A0AE32FCDC33656774E190C42F9BA9483E2684228F7FCDB54B16728D5177BFF0","node_id":"node_5b319d0927514467af05487577f516d024c9ca4a0b61e0f8fbb3d2cbfa6fb511","routing_status":"routable","snap_acceptance_status":"accepted","snap_distance_m":11.098823225661187,"threshold_m":50.0},"type":"Feature"},{"geometry":{"coordinates":[112.7511479,-7.2565319],"type":"Point"},"properties":{"analysis_version":"p0-central-v1","component_id":"cc_000001","entity_type":"merchant","input_lineage":{"data/processed/p0/culinary_poi_p0.geojson":"B472BB9F0E8C18A5A85FAB6783FBA2455FD5A8FECE9BAAE4B23ED42A6AD7A608","data/processed/p0/pedestrian_edges.geojson":"6A77F7722AE6F3EF4674405EAEF2E43019F6C90363063E52BEDF44F388636355","data/processed/p0/pedestrian_nodes.geojson":"547A82AA6CD4B2012EE931D022948B12836236F685129EB745DB9359F417D7D3","data/processed/p0/transit_points_p0.geojson":"D15301D6230B26E93F4BDD46E9839D26E174244E6ACABCB674F1BC9956C9B06E"},"merchant_id":"ca00509a-d59c-50bb-9139-9c6deae28281","merchant_name":"NASI GORENG AZZA","method_config_fingerprint":"A0AE32FCDC33656774E190C42F9BA9483E2684228F7FCDB54B16728D5177BFF0","node_id":"node_6c18e3be8dcf251efe59f74bdfba4309ae6611e34825e1f856f5c2db6d27a63f","routing_status":"routable","snap_acceptance_status":"accepted","snap_distance_m":15.34731787966286,"threshold_m":50.0},"type":"Feature"},{"geometry":{"coordinates":[112.7492476,-7.2711357],"type":"Point"},"properties":{"analysis_version":"p0-central-v1","component_id":"cc_000001","entity_type":"merchant","input_lineage":{"data/processed/p0/culinary_poi_p0.geojson":"B472BB9F0E8C18A5A85FAB6783FBA2455FD5A8FECE9BAAE4B23ED42A6AD7A608","data/processed/p0/pedestrian_edges.geojson":"6A77F7722AE6F3EF4674405EAEF2E43019F6C90363063E52BEDF44F388636355","data/processed/p0/pedestrian_nodes.geojson":"547A82AA6CD4B2012EE931D022948B12836236F685129EB745DB9359F417D7D3","data/processed/p0/transit_points_p0.geojson":"D15301D6230B26E93F4BDD46E9839D26E174244E6ACABCB674F1BC9956C9B06E"},"merchant_id":"ca7f35ed-5504-560f-8a78-e37fe91ed5aa","merchant_name":"NASI GORENG PAK UJANG DEPAN BANK MANDIRI","method_config_fingerprint":"A0AE32FCDC33656774E190C42F9BA9483E2684228F7FCDB54B16728D5177BFF0","node_id":"node_a0dfcf709f0e4c957fe24dd1d2e7b360459bcff172c8fcd8dc52a61cb59ad581","routing_status":"routable","snap_acceptance_status":"accepted","snap_distance_m":3.120100548788161,"threshold_m":50.0},"type":"Feature"},{"geometry":{"coordinates":[112.7408088,-7.2589888],"type":"Point"},"properties":{"analysis_version":"p0-central-v1","component_id":"cc_000001","entity_type":"merchant","input_lineage":{"data/processed/p0/culinary_poi_p0.geojson":"B472BB9F0E8C18A5A85FAB6783FBA2455FD5A8FECE9BAAE4B23ED42A6AD7A608","data/processed/p0/pedestrian_edges.geojson":"6A77F7722AE6F3EF4674405EAEF2E43019F6C90363063E52BEDF44F388636355","data/processed/p0/pedestrian_nodes.geojson":"547A82AA6CD4B2012EE931D022948B12836236F685129EB745DB9359F417D7D3","data/processed/p0/transit_points_p0.geojson":"D15301D6230B26E93F4BDD46E9839D26E174244E6ACABCB674F1BC9956C9B06E"},"merchant_id":"ca915a1b-2b0f-5c2e-b891-826710c87eb6","merchant_name":"BANG JAJA SEAFOOD GENTENG","method_config_fingerprint":"A0AE32FCDC33656774E190C42F9BA9483E2684228F7FCDB54B16728D5177BFF0","node_id":"node_40a4166e5ee7b821125341d5302f62f7dd2f6829d344b01b23a698b0d4e424f3","routing_status":"routable","snap_acceptance_status":"accepted","snap_distance_m":22.227852197931938,"threshold_m":50.0},"type":"Feature"},{"geometry":{"coordinates":[112.7377087000001,-7.265908799999977],"type":"Point"},"properties":{"analysis_version":"p0-central-v1","component_id":"cc_000001","entity_type":"merchant","input_lineage":{"data/processed/p0/culinary_poi_p0.geojson":"B472BB9F0E8C18A5A85FAB6783FBA2455FD5A8FECE9BAAE4B23ED42A6AD7A608","data/processed/p0/pedestrian_edges.geojson":"6A77F7722AE6F3EF4674405EAEF2E43019F6C90363063E52BEDF44F388636355","data/processed/p0/pedestrian_nodes.geojson":"547A82AA6CD4B2012EE931D022948B12836236F685129EB745DB9359F417D7D3","data/processed/p0/transit_points_p0.geojson":"D15301D6230B26E93F4BDD46E9839D26E174244E6ACABCB674F1BC9956C9B06E"},"merchant_id":"caae3d9e-9d01-5ab6-a2e2-66ffe6050a8e","merchant_name":"BAKMI JOGJA TRUNOJOYO","method_config_fingerprint":"A0AE32FCDC33656774E190C42F9BA9483E2684228F7FCDB54B16728D5177BFF0","node_id":"node_dd2b3a53a5b866521d81ed2371bbec94b2959ec7c270657ed844347d3ec9e5e1","routing_status":"routable","snap_acceptance_status":"accepted","snap_distance_m":7.795058028688137,"threshold_m":50.0},"type":"Feature"},{"geometry":{"coordinates":[112.7450683,-7.2668978],"type":"Point"},"properties":{"analysis_version":"p0-central-v1","component_id":"cc_000001","entity_type":"merchant","input_lineage":{"data/processed/p0/culinary_poi_p0.geojson":"B472BB9F0E8C18A5A85FAB6783FBA2455FD5A8FECE9BAAE4B23ED42A6AD7A608","data/processed/p0/pedestrian_edges.geojson":"6A77F7722AE6F3EF4674405EAEF2E43019F6C90363063E52BEDF44F388636355","data/processed/p0/pedestrian_nodes.geojson":"547A82AA6CD4B2012EE931D022948B12836236F685129EB745DB9359F417D7D3","data/processed/p0/transit_points_p0.geojson":"D15301D6230B26E93F4BDD46E9839D26E174244E6ACABCB674F1BC9956C9B06E"},"merchant_id":"cb6a2457-cbf6-5a41-bc46-c17783031bd6","merchant_name":"ESKIMO ICE CREAM","method_config_fingerprint":"A0AE32FCDC33656774E190C42F9BA9483E2684228F7FCDB54B16728D5177BFF0","node_id":"node_8962ab709d8b13aab858a43db4942d4e884096cc38723824d1980b551c13e6a8","routing_status":"routable","snap_acceptance_status":"accepted","snap_distance_m":29.46738736459971,"threshold_m":50.0},"type":"Feature"},{"geometry":{"coordinates":[112.7316599,-7.2630943],"type":"Point"},"properties":{"analysis_version":"p0-central-v1","component_id":"cc_000001","entity_type":"merchant","input_lineage":{"data/processed/p0/culinary_poi_p0.geojson":"B472BB9F0E8C18A5A85FAB6783FBA2455FD5A8FECE9BAAE4B23ED42A6AD7A608","data/processed/p0/pedestrian_edges.geojson":"6A77F7722AE6F3EF4674405EAEF2E43019F6C90363063E52BEDF44F388636355","data/processed/p0/pedestrian_nodes.geojson":"547A82AA6CD4B2012EE931D022948B12836236F685129EB745DB9359F417D7D3","data/processed/p0/transit_points_p0.geojson":"D15301D6230B26E93F4BDD46E9839D26E174244E6ACABCB674F1BC9956C9B06E"},"merchant_id":"cba02c8f-06de-5e07-b0c2-13823f720e5f","merchant_name":"DEPOT SOTO BANJAR SUHAIMI KAMPUNG MELAYU","method_config_fingerprint":"A0AE32FCDC33656774E190C42F9BA9483E2684228F7FCDB54B16728D5177BFF0","node_id":"node_b205bbc089bd95670249027db262272acd277097af6982586135920c890718e9","routing_status":"routable","snap_acceptance_status":"accepted","snap_distance_m":16.14104883985322,"threshold_m":50.0},"type":"Feature"},{"geometry":{"coordinates":[112.73276190000001,-7.25977359999996],"type":"Point"},"properties":{"analysis_version":"p0-central-v1","component_id":"cc_000001","entity_type":"merchant","input_lineage":{"data/processed/p0/culinary_poi_p0.geojson":"B472BB9F0E8C18A5A85FAB6783FBA2455FD5A8FECE9BAAE4B23ED42A6AD7A608","data/processed/p0/pedestrian_edges.geojson":"6A77F7722AE6F3EF4674405EAEF2E43019F6C90363063E52BEDF44F388636355","data/processed/p0/pedestrian_nodes.geojson":"547A82AA6CD4B2012EE931D022948B12836236F685129EB745DB9359F417D7D3","data/processed/p0/transit_points_p0.geojson":"D15301D6230B26E93F4BDD46E9839D26E174244E6ACABCB674F1BC9956C9B06E"},"merchant_id":"cc92864b-47f3-50e1-8b30-993933f74b81","merchant_name":"MIE UJUNG PANDANG KEDUNGDORO","method_config_fingerprint":"A0AE32FCDC33656774E190C42F9BA9483E2684228F7FCDB54B16728D5177BFF0","node_id":"node_608feef013154356517c685f580eaaa7741dc636ee4d795dfc4052b4ea639e5d","routing_status":"routable","snap_acceptance_status":"accepted","snap_distance_m":24.240167906968107,"threshold_m":50.0},"type":"Feature"},{"geometry":{"coordinates":[112.74036580000006,-7.262724799999944],"type":"Point"},"properties":{"analysis_version":"p0-central-v1","component_id":"cc_000001","entity_type":"merchant","input_lineage":{"data/processed/p0/culinary_poi_p0.geojson":"B472BB9F0E8C18A5A85FAB6783FBA2455FD5A8FECE9BAAE4B23ED42A6AD7A608","data/processed/p0/pedestrian_edges.geojson":"6A77F7722AE6F3EF4674405EAEF2E43019F6C90363063E52BEDF44F388636355","data/processed/p0/pedestrian_nodes.geojson":"547A82AA6CD4B2012EE931D022948B12836236F685129EB745DB9359F417D7D3","data/processed/p0/transit_points_p0.geojson":"D15301D6230B26E93F4BDD46E9839D26E174244E6ACABCB674F1BC9956C9B06E"},"merchant_id":"ccd4c0d8-7ee4-5601-a1cb-2caf2891e07e","merchant_name":"TOKYO BELLY - TUNJUNGAN PLAZA 3","method_config_fingerprint":"A0AE32FCDC33656774E190C42F9BA9483E2684228F7FCDB54B16728D5177BFF0","node_id":"node_dbccc4b09b2ff0de4f87b3e9652b112f04bf9ecf16700b47e6eb15071b803e42","routing_status":"routable","snap_acceptance_status":"accepted","snap_distance_m":22.25717143421994,"threshold_m":50.0},"type":"Feature"},{"geometry":{"coordinates":[112.745232,-7.2700338],"type":"Point"},"properties":{"analysis_version":"p0-central-v1","component_id":"cc_000001","entity_type":"merchant","input_lineage":{"data/processed/p0/culinary_poi_p0.geojson":"B472BB9F0E8C18A5A85FAB6783FBA2455FD5A8FECE9BAAE4B23ED42A6AD7A608","data/processed/p0/pedestrian_edges.geojson":"6A77F7722AE6F3EF4674405EAEF2E43019F6C90363063E52BEDF44F388636355","data/processed/p0/pedestrian_nodes.geojson":"547A82AA6CD4B2012EE931D022948B12836236F685129EB745DB9359F417D7D3","data/processed/p0/transit_points_p0.geojson":"D15301D6230B26E93F4BDD46E9839D26E174244E6ACABCB674F1BC9956C9B06E"},"merchant_id":"cd3ed912-34f1-54c4-a65d-b7bc0e4ae2cc","merchant_name":"D'COST SEAFOOD","method_config_fingerprint":"A0AE32FCDC33656774E190C42F9BA9483E2684228F7FCDB54B16728D5177BFF0","node_id":"node_6f3475f54a9bf8290988391acd6a4a6509a43c5e730d9f5aafc70e7dc89fb9d0","routing_status":"snap_too_far","snap_acceptance_status":"snap_too_far","snap_distance_m":69.84107212047635,"threshold_m":50.0},"type":"Feature"},{"geometry":{"coordinates":[112.74467320000008,-7.252609699999937],"type":"Point"},"properties":{"analysis_version":"p0-central-v1","component_id":"cc_000001","entity_type":"merchant","input_lineage":{"data/processed/p0/culinary_poi_p0.geojson":"B472BB9F0E8C18A5A85FAB6783FBA2455FD5A8FECE9BAAE4B23ED42A6AD7A608","data/processed/p0/pedestrian_edges.geojson":"6A77F7722AE6F3EF4674405EAEF2E43019F6C90363063E52BEDF44F388636355","data/processed/p0/pedestrian_nodes.geojson":"547A82AA6CD4B2012EE931D022948B12836236F685129EB745DB9359F417D7D3","data/processed/p0/transit_points_p0.geojson":"D15301D6230B26E93F4BDD46E9839D26E174244E6ACABCB674F1BC9956C9B06E"},"merchant_id":"cd67b8cf-b7c2-52dc-9466-b6d2ea4ac249","merchant_name":"ALUAMA COFFEE BAR","method_config_fingerprint":"A0AE32FCDC33656774E190C42F9BA9483E2684228F7FCDB54B16728D5177BFF0","node_id":"node_60a0575a1e4a348964139075fffee9e4e15a3b99f4d5b6577afc22dbb964b937","routing_status":"routable","snap_acceptance_status":"accepted","snap_distance_m":16.685133666504022,"threshold_m":50.0},"type":"Feature"},{"geometry":{"coordinates":[112.73505470000009,-7.259586499999952],"type":"Point"},"properties":{"analysis_version":"p0-central-v1","component_id":"cc_000001","entity_type":"merchant","input_lineage":{"data/processed/p0/culinary_poi_p0.geojson":"B472BB9F0E8C18A5A85FAB6783FBA2455FD5A8FECE9BAAE4B23ED42A6AD7A608","data/processed/p0/pedestrian_edges.geojson":"6A77F7722AE6F3EF4674405EAEF2E43019F6C90363063E52BEDF44F388636355","data/processed/p0/pedestrian_nodes.geojson":"547A82AA6CD4B2012EE931D022948B12836236F685129EB745DB9359F417D7D3","data/processed/p0/transit_points_p0.geojson":"D15301D6230B26E93F4BDD46E9839D26E174244E6ACABCB674F1BC9956C9B06E"},"merchant_id":"cfc9040e-a214-5d95-8998-2933befa29df","merchant_name":"PAVILION RESTAURANT AT JW MARRIOTT SURABAYA","method_config_fingerprint":"A0AE32FCDC33656774E190C42F9BA9483E2684228F7FCDB54B16728D5177BFF0","node_id":"node_b64477efb9e33dc45ee94fd60ffdc52f7f2126b290a5a595978aa87c81c236eb","routing_status":"routable","snap_acceptance_status":"accepted","snap_distance_m":21.9646375053147,"threshold_m":50.0},"type":"Feature"},{"geometry":{"coordinates":[112.74758510000004,-7.261422299999936],"type":"Point"},"properties":{"analysis_version":"p0-central-v1","component_id":"cc_000001","entity_type":"merchant","input_lineage":{"data/processed/p0/culinary_poi_p0.geojson":"B472BB9F0E8C18A5A85FAB6783FBA2455FD5A8FECE9BAAE4B23ED42A6AD7A608","data/processed/p0/pedestrian_edges.geojson":"6A77F7722AE6F3EF4674405EAEF2E43019F6C90363063E52BEDF44F388636355","data/processed/p0/pedestrian_nodes.geojson":"547A82AA6CD4B2012EE931D022948B12836236F685129EB745DB9359F417D7D3","data/processed/p0/transit_points_p0.geojson":"D15301D6230B26E93F4BDD46E9839D26E174244E6ACABCB674F1BC9956C9B06E"},"merchant_id":"d24ab106-85d6-5ecc-b45f-16740e92148c","merchant_name":"JOKOPI - KETABANG KALI","method_config_fingerprint":"A0AE32FCDC33656774E190C42F9BA9483E2684228F7FCDB54B16728D5177BFF0","node_id":"node_566074688df3a4a4cd81cd7050a491b5a6bf592ac749da87667078b370deafaa","routing_status":"routable","snap_acceptance_status":"accepted","snap_distance_m":24.85384335586958,"threshold_m":50.0},"type":"Feature"},{"geometry":{"coordinates":[112.747853,-7.272055],"type":"Point"},"properties":{"analysis_version":"p0-central-v1","component_id":"cc_000026","entity_type":"merchant","input_lineage":{"data/processed/p0/culinary_poi_p0.geojson":"B472BB9F0E8C18A5A85FAB6783FBA2455FD5A8FECE9BAAE4B23ED42A6AD7A608","data/processed/p0/pedestrian_edges.geojson":"6A77F7722AE6F3EF4674405EAEF2E43019F6C90363063E52BEDF44F388636355","data/processed/p0/pedestrian_nodes.geojson":"547A82AA6CD4B2012EE931D022948B12836236F685129EB745DB9359F417D7D3","data/processed/p0/transit_points_p0.geojson":"D15301D6230B26E93F4BDD46E9839D26E174244E6ACABCB674F1BC9956C9B06E"},"merchant_id":"d2b151bf-357b-5d95-9be3-0f7ffbc97400","merchant_name":"MIE KLUNTUNG & NASI GORENG JAWA PAK MITRO - GUBENG","method_config_fingerprint":"A0AE32FCDC33656774E190C42F9BA9483E2684228F7FCDB54B16728D5177BFF0","node_id":"node_42a417383351d00b71ed1d66c4b7e2cfdb57759b446376672b9869d6ceb16108","routing_status":"disconnected","snap_acceptance_status":"accepted","snap_distance_m":20.44497998298321,"threshold_m":50.0},"type":"Feature"},{"geometry":{"coordinates":[112.7423782,-7.2647301],"type":"Point"},"properties":{"analysis_version":"p0-central-v1","component_id":"cc_000001","entity_type":"merchant","input_lineage":{"data/processed/p0/culinary_poi_p0.geojson":"B472BB9F0E8C18A5A85FAB6783FBA2455FD5A8FECE9BAAE4B23ED42A6AD7A608","data/processed/p0/pedestrian_edges.geojson":"6A77F7722AE6F3EF4674405EAEF2E43019F6C90363063E52BEDF44F388636355","data/processed/p0/pedestrian_nodes.geojson":"547A82AA6CD4B2012EE931D022948B12836236F685129EB745DB9359F417D7D3","data/processed/p0/transit_points_p0.geojson":"D15301D6230B26E93F4BDD46E9839D26E174244E6ACABCB674F1BC9956C9B06E"},"merchant_id":"d3647cdb-f1ae-5989-ac9c-6f33e7a9d757","merchant_name":"BURGER KING BASUKI RAHMAT","method_config_fingerprint":"A0AE32FCDC33656774E190C42F9BA9483E2684228F7FCDB54B16728D5177BFF0","node_id":"node_46f707a046c31132d9356c2fc4ddbdb6de764357ae2caee7387ac90f0088a929","routing_status":"routable","snap_acceptance_status":"accepted","snap_distance_m":16.01505501871135,"threshold_m":50.0},"type":"Feature"},{"geometry":{"coordinates":[112.7300116,-7.2587312],"type":"Point"},"properties":{"analysis_version":"p0-central-v1","component_id":"cc_000001","entity_type":"merchant","input_lineage":{"data/processed/p0/culinary_poi_p0.geojson":"B472BB9F0E8C18A5A85FAB6783FBA2455FD5A8FECE9BAAE4B23ED42A6AD7A608","data/processed/p0/pedestrian_edges.geojson":"6A77F7722AE6F3EF4674405EAEF2E43019F6C90363063E52BEDF44F388636355","data/processed/p0/pedestrian_nodes.geojson":"547A82AA6CD4B2012EE931D022948B12836236F685129EB745DB9359F417D7D3","data/processed/p0/transit_points_p0.geojson":"D15301D6230B26E93F4BDD46E9839D26E174244E6ACABCB674F1BC9956C9B06E"},"merchant_id":"d3ecfbfd-c167-5cf7-bdb5-bd3bd4b0e115","merchant_name":"NEW BILLY'S PATISSERIE AND BAKERY","method_config_fingerprint":"A0AE32FCDC33656774E190C42F9BA9483E2684228F7FCDB54B16728D5177BFF0","node_id":"node_1705f0af2ccacedd7cfcf248d15eb2ac625b3d84633838b72a87664fb32b80ce","routing_status":"routable","snap_acceptance_status":"accepted","snap_distance_m":39.84121153232112,"threshold_m":50.0},"type":"Feature"},{"geometry":{"coordinates":[112.7487799,-7.2652827],"type":"Point"},"properties":{"analysis_version":"p0-central-v1","component_id":"cc_000001","entity_type":"merchant","input_lineage":{"data/processed/p0/culinary_poi_p0.geojson":"B472BB9F0E8C18A5A85FAB6783FBA2455FD5A8FECE9BAAE4B23ED42A6AD7A608","data/processed/p0/pedestrian_edges.geojson":"6A77F7722AE6F3EF4674405EAEF2E43019F6C90363063E52BEDF44F388636355","data/processed/p0/pedestrian_nodes.geojson":"547A82AA6CD4B2012EE931D022948B12836236F685129EB745DB9359F417D7D3","data/processed/p0/transit_points_p0.geojson":"D15301D6230B26E93F4BDD46E9839D26E174244E6ACABCB674F1BC9956C9B06E"},"merchant_id":"d466a16b-8ba2-5946-9831-d0450df81a52","merchant_name":"NANG NANG THSI TEA","method_config_fingerprint":"A0AE32FCDC33656774E190C42F9BA9483E2684228F7FCDB54B16728D5177BFF0","node_id":"node_c3caae3e03f80452a5b3004376f0a0629042f53e0014dad383d333903976a5a5","routing_status":"routable","snap_acceptance_status":"accepted","snap_distance_m":37.1770130319573,"threshold_m":50.0},"type":"Feature"},{"geometry":{"coordinates":[112.7423266,-7.2703872],"type":"Point"},"properties":{"analysis_version":"p0-central-v1","component_id":"cc_000001","entity_type":"merchant","input_lineage":{"data/processed/p0/culinary_poi_p0.geojson":"B472BB9F0E8C18A5A85FAB6783FBA2455FD5A8FECE9BAAE4B23ED42A6AD7A608","data/processed/p0/pedestrian_edges.geojson":"6A77F7722AE6F3EF4674405EAEF2E43019F6C90363063E52BEDF44F388636355","data/processed/p0/pedestrian_nodes.geojson":"547A82AA6CD4B2012EE931D022948B12836236F685129EB745DB9359F417D7D3","data/processed/p0/transit_points_p0.geojson":"D15301D6230B26E93F4BDD46E9839D26E174244E6ACABCB674F1BC9956C9B06E"},"merchant_id":"d4a98536-81cd-5e11-9d0d-cb913d56abed","merchant_name":"PUKIS LEMU","method_config_fingerprint":"A0AE32FCDC33656774E190C42F9BA9483E2684228F7FCDB54B16728D5177BFF0","node_id":"node_4951314887179e81f26ad2908ead3cb72f8fc23a94b449db8f25222ab0ef2b54","routing_status":"routable","snap_acceptance_status":"accepted","snap_distance_m":9.091435802523147,"threshold_m":50.0},"type":"Feature"},{"geometry":{"coordinates":[112.73375360000011,-7.254964599999934],"type":"Point"},"properties":{"analysis_version":"p0-central-v1","component_id":"cc_000001","entity_type":"merchant","input_lineage":{"data/processed/p0/culinary_poi_p0.geojson":"B472BB9F0E8C18A5A85FAB6783FBA2455FD5A8FECE9BAAE4B23ED42A6AD7A608","data/processed/p0/pedestrian_edges.geojson":"6A77F7722AE6F3EF4674405EAEF2E43019F6C90363063E52BEDF44F388636355","data/processed/p0/pedestrian_nodes.geojson":"547A82AA6CD4B2012EE931D022948B12836236F685129EB745DB9359F417D7D3","data/processed/p0/transit_points_p0.geojson":"D15301D6230B26E93F4BDD46E9839D26E174244E6ACABCB674F1BC9956C9B06E"},"merchant_id":"d4e40eb3-d0fe-5ee3-b79a-275a4aef407f","merchant_name":"YOSHINOYA - BG JUNCTION","method_config_fingerprint":"A0AE32FCDC33656774E190C42F9BA9483E2684228F7FCDB54B16728D5177BFF0","node_id":"node_7a128a35b483cc894ce947087abd5cd8d846a26335240ac60b555f8d0b03df84","routing_status":"routable","snap_acceptance_status":"accepted","snap_distance_m":2.4781343802211864,"threshold_m":50.0},"type":"Feature"},{"geometry":{"coordinates":[112.73969060000002,-7.268106599999956],"type":"Point"},"properties":{"analysis_version":"p0-central-v1","component_id":"cc_000001","entity_type":"merchant","input_lineage":{"data/processed/p0/culinary_poi_p0.geojson":"B472BB9F0E8C18A5A85FAB6783FBA2455FD5A8FECE9BAAE4B23ED42A6AD7A608","data/processed/p0/pedestrian_edges.geojson":"6A77F7722AE6F3EF4674405EAEF2E43019F6C90363063E52BEDF44F388636355","data/processed/p0/pedestrian_nodes.geojson":"547A82AA6CD4B2012EE931D022948B12836236F685129EB745DB9359F417D7D3","data/processed/p0/transit_points_p0.geojson":"D15301D6230B26E93F4BDD46E9839D26E174244E6ACABCB674F1BC9956C9B06E"},"merchant_id":"d5063866-5e78-581e-8515-80d2b11b5195","merchant_name":"MY STORY STEAK & EATERY","method_config_fingerprint":"A0AE32FCDC33656774E190C42F9BA9483E2684228F7FCDB54B16728D5177BFF0","node_id":"node_c709ffda7be7217dad9ac9946954e08dacaf5584936f7fb2bd2a1d2c6710fe5e","routing_status":"routable","snap_acceptance_status":"accepted","snap_distance_m":21.236037567616492,"threshold_m":50.0},"type":"Feature"},{"geometry":{"coordinates":[112.74354419999999,-7.2547291],"type":"Point"},"properties":{"analysis_version":"p0-central-v1","component_id":"cc_000001","entity_type":"merchant","input_lineage":{"data/processed/p0/culinary_poi_p0.geojson":"B472BB9F0E8C18A5A85FAB6783FBA2455FD5A8FECE9BAAE4B23ED42A6AD7A608","data/processed/p0/pedestrian_edges.geojson":"6A77F7722AE6F3EF4674405EAEF2E43019F6C90363063E52BEDF44F388636355","data/processed/p0/pedestrian_nodes.geojson":"547A82AA6CD4B2012EE931D022948B12836236F685129EB745DB9359F417D7D3","data/processed/p0/transit_points_p0.geojson":"D15301D6230B26E93F4BDD46E9839D26E174244E6ACABCB674F1BC9956C9B06E"},"merchant_id":"d58c71e1-74b3-5a3a-8164-194f7bd6d808","merchant_name":"NASI GORENG JAWA ABAH WASIS","method_config_fingerprint":"A0AE32FCDC33656774E190C42F9BA9483E2684228F7FCDB54B16728D5177BFF0","node_id":"node_76de7fadda8e18f085db0fd4d5311328610e9b991d96c0baac127e6424d88de1","routing_status":"routable","snap_acceptance_status":"accepted","snap_distance_m":5.418124497728491,"threshold_m":50.0},"type":"Feature"},{"geometry":{"coordinates":[112.7382795,-7.2626985],"type":"Point"},"properties":{"analysis_version":"p0-central-v1","component_id":"cc_000001","entity_type":"merchant","input_lineage":{"data/processed/p0/culinary_poi_p0.geojson":"B472BB9F0E8C18A5A85FAB6783FBA2455FD5A8FECE9BAAE4B23ED42A6AD7A608","data/processed/p0/pedestrian_edges.geojson":"6A77F7722AE6F3EF4674405EAEF2E43019F6C90363063E52BEDF44F388636355","data/processed/p0/pedestrian_nodes.geojson":"547A82AA6CD4B2012EE931D022948B12836236F685129EB745DB9359F417D7D3","data/processed/p0/transit_points_p0.geojson":"D15301D6230B26E93F4BDD46E9839D26E174244E6ACABCB674F1BC9956C9B06E"},"merchant_id":"d5e2089a-ab91-5f35-ad13-69e745ff4d20","merchant_name":"LA PATISSERIE SURABAYA","method_config_fingerprint":"A0AE32FCDC33656774E190C42F9BA9483E2684228F7FCDB54B16728D5177BFF0","node_id":"node_ab23edd83337a5c5266f9f232c10b21b6b24ebee312b608bc7ae899037c7cf0f","routing_status":"routable","snap_acceptance_status":"accepted","snap_distance_m":15.918413698516463,"threshold_m":50.0},"type":"Feature"},{"geometry":{"coordinates":[112.7507398,-7.2619677],"type":"Point"},"properties":{"analysis_version":"p0-central-v1","component_id":"cc_000001","entity_type":"merchant","input_lineage":{"data/processed/p0/culinary_poi_p0.geojson":"B472BB9F0E8C18A5A85FAB6783FBA2455FD5A8FECE9BAAE4B23ED42A6AD7A608","data/processed/p0/pedestrian_edges.geojson":"6A77F7722AE6F3EF4674405EAEF2E43019F6C90363063E52BEDF44F388636355","data/processed/p0/pedestrian_nodes.geojson":"547A82AA6CD4B2012EE931D022948B12836236F685129EB745DB9359F417D7D3","data/processed/p0/transit_points_p0.geojson":"D15301D6230B26E93F4BDD46E9839D26E174244E6ACABCB674F1BC9956C9B06E"},"merchant_id":"d82efe33-cc80-5ad9-ba8a-9d957a9def80","merchant_name":"MAISON FEERIE","method_config_fingerprint":"A0AE32FCDC33656774E190C42F9BA9483E2684228F7FCDB54B16728D5177BFF0","node_id":"node_afed131883d6030c2d7a50ac0f631addd32dbb546eacd1914affec9e6921441a","routing_status":"routable","snap_acceptance_status":"accepted","snap_distance_m":47.01546114532425,"threshold_m":50.0},"type":"Feature"},{"geometry":{"coordinates":[112.7375289,-7.2570587],"type":"Point"},"properties":{"analysis_version":"p0-central-v1","component_id":"cc_000001","entity_type":"merchant","input_lineage":{"data/processed/p0/culinary_poi_p0.geojson":"B472BB9F0E8C18A5A85FAB6783FBA2455FD5A8FECE9BAAE4B23ED42A6AD7A608","data/processed/p0/pedestrian_edges.geojson":"6A77F7722AE6F3EF4674405EAEF2E43019F6C90363063E52BEDF44F388636355","data/processed/p0/pedestrian_nodes.geojson":"547A82AA6CD4B2012EE931D022948B12836236F685129EB745DB9359F417D7D3","data/processed/p0/transit_points_p0.geojson":"D15301D6230B26E93F4BDD46E9839D26E174244E6ACABCB674F1BC9956C9B06E"},"merchant_id":"d952b7bf-59d1-5248-aa71-9b5503816ae7","merchant_name":"NASI GORENG JAWA CAK KARTOLO","method_config_fingerprint":"A0AE32FCDC33656774E190C42F9BA9483E2684228F7FCDB54B16728D5177BFF0","node_id":"node_1c13d6d4ddc79ed89ddcd094ce523615e76fb049ea906f53d718e80640c0ddac","routing_status":"routable","snap_acceptance_status":"accepted","snap_distance_m":9.550853843456132,"threshold_m":50.0},"type":"Feature"},{"geometry":{"coordinates":[112.73939050000001,-7.263353],"type":"Point"},"properties":{"analysis_version":"p0-central-v1","component_id":"cc_000001","entity_type":"merchant","input_lineage":{"data/processed/p0/culinary_poi_p0.geojson":"B472BB9F0E8C18A5A85FAB6783FBA2455FD5A8FECE9BAAE4B23ED42A6AD7A608","data/processed/p0/pedestrian_edges.geojson":"6A77F7722AE6F3EF4674405EAEF2E43019F6C90363063E52BEDF44F388636355","data/processed/p0/pedestrian_nodes.geojson":"547A82AA6CD4B2012EE931D022948B12836236F685129EB745DB9359F417D7D3","data/processed/p0/transit_points_p0.geojson":"D15301D6230B26E93F4BDD46E9839D26E174244E6ACABCB674F1BC9956C9B06E"},"merchant_id":"d9c59f53-5ca8-5ffe-8544-3a9393d41633","merchant_name":"REDDOG - TUNJUNGAN PLAZA","method_config_fingerprint":"A0AE32FCDC33656774E190C42F9BA9483E2684228F7FCDB54B16728D5177BFF0","node_id":"node_58d533e1c37868f4e92c8d9588d0dd2f7e186bb71079a5a1f12d2356e6ffc2a2","routing_status":"routable","snap_acceptance_status":"accepted","snap_distance_m":8.786581457081622,"threshold_m":50.0},"type":"Feature"},{"geometry":{"coordinates":[112.74055668675717,-7.263445033582489],"type":"Point"},"properties":{"analysis_version":"p0-central-v1","component_id":"cc_000001","entity_type":"merchant","input_lineage":{"data/processed/p0/culinary_poi_p0.geojson":"B472BB9F0E8C18A5A85FAB6783FBA2455FD5A8FECE9BAAE4B23ED42A6AD7A608","data/processed/p0/pedestrian_edges.geojson":"6A77F7722AE6F3EF4674405EAEF2E43019F6C90363063E52BEDF44F388636355","data/processed/p0/pedestrian_nodes.geojson":"547A82AA6CD4B2012EE931D022948B12836236F685129EB745DB9359F417D7D3","data/processed/p0/transit_points_p0.geojson":"D15301D6230B26E93F4BDD46E9839D26E174244E6ACABCB674F1BC9956C9B06E"},"merchant_id":"da928fb8-9a72-58f4-91dc-2b6d6db980a1","merchant_name":"BREADTALK","method_config_fingerprint":"A0AE32FCDC33656774E190C42F9BA9483E2684228F7FCDB54B16728D5177BFF0","node_id":"node_d2e5758fd1be99a82f1938775eb671860a87bf309bf8655454f9b18f6ac6d06c","routing_status":"routable","snap_acceptance_status":"accepted","snap_distance_m":23.370321111524607,"threshold_m":50.0},"type":"Feature"},{"geometry":{"coordinates":[112.7440177,-7.2500814],"type":"Point"},"properties":{"analysis_version":"p0-central-v1","component_id":"cc_000001","entity_type":"merchant","input_lineage":{"data/processed/p0/culinary_poi_p0.geojson":"B472BB9F0E8C18A5A85FAB6783FBA2455FD5A8FECE9BAAE4B23ED42A6AD7A608","data/processed/p0/pedestrian_edges.geojson":"6A77F7722AE6F3EF4674405EAEF2E43019F6C90363063E52BEDF44F388636355","data/processed/p0/pedestrian_nodes.geojson":"547A82AA6CD4B2012EE931D022948B12836236F685129EB745DB9359F417D7D3","data/processed/p0/transit_points_p0.geojson":"D15301D6230B26E93F4BDD46E9839D26E174244E6ACABCB674F1BC9956C9B06E"},"merchant_id":"dbfc5af2-a7b3-5229-962d-0a80767466a4","merchant_name":"ERIN'S KITCHEN","method_config_fingerprint":"A0AE32FCDC33656774E190C42F9BA9483E2684228F7FCDB54B16728D5177BFF0","node_id":"node_854b633cd161ce084160cc26ec43b6bb272a0504ae707d9bf9be8f8191ec963c","routing_status":"routable","snap_acceptance_status":"accepted","snap_distance_m":14.46615195925423,"threshold_m":50.0},"type":"Feature"},{"geometry":{"coordinates":[112.74861140000007,-7.26487579999997],"type":"Point"},"properties":{"analysis_version":"p0-central-v1","component_id":"cc_000001","entity_type":"merchant","input_lineage":{"data/processed/p0/culinary_poi_p0.geojson":"B472BB9F0E8C18A5A85FAB6783FBA2455FD5A8FECE9BAAE4B23ED42A6AD7A608","data/processed/p0/pedestrian_edges.geojson":"6A77F7722AE6F3EF4674405EAEF2E43019F6C90363063E52BEDF44F388636355","data/processed/p0/pedestrian_nodes.geojson":"547A82AA6CD4B2012EE931D022948B12836236F685129EB745DB9359F417D7D3","data/processed/p0/transit_points_p0.geojson":"D15301D6230B26E93F4BDD46E9839D26E174244E6ACABCB674F1BC9956C9B06E"},"merchant_id":"dc1c6014-23d8-5317-849c-449e7acf8a7e","merchant_name":"YOSHINOYA - PLAZA SURABAYA","method_config_fingerprint":"A0AE32FCDC33656774E190C42F9BA9483E2684228F7FCDB54B16728D5177BFF0","node_id":"node_d70e3f9fbdec4ca947f30221d68fc2aaf0ef3874c25de872fb6e34ff9e4ebf08","routing_status":"snap_too_far","snap_acceptance_status":"snap_too_far","snap_distance_m":65.46017130644998,"threshold_m":50.0},"type":"Feature"},{"geometry":{"coordinates":[112.74807280000006,-7.264971399999983],"type":"Point"},"properties":{"analysis_version":"p0-central-v1","component_id":"cc_000001","entity_type":"merchant","input_lineage":{"data/processed/p0/culinary_poi_p0.geojson":"B472BB9F0E8C18A5A85FAB6783FBA2455FD5A8FECE9BAAE4B23ED42A6AD7A608","data/processed/p0/pedestrian_edges.geojson":"6A77F7722AE6F3EF4674405EAEF2E43019F6C90363063E52BEDF44F388636355","data/processed/p0/pedestrian_nodes.geojson":"547A82AA6CD4B2012EE931D022948B12836236F685129EB745DB9359F417D7D3","data/processed/p0/transit_points_p0.geojson":"D15301D6230B26E93F4BDD46E9839D26E174244E6ACABCB674F1BC9956C9B06E"},"merchant_id":"dc5fcf2e-2448-5ff2-9594-24e0f22f04e7","merchant_name":"BURGER KING - PLAZA SURABAYA","method_config_fingerprint":"A0AE32FCDC33656774E190C42F9BA9483E2684228F7FCDB54B16728D5177BFF0","node_id":"node_a896d50dfccc3ed98308f132ec21472eb61bd84fcf5d203e4162f98b8fd984e8","routing_status":"routable","snap_acceptance_status":"accepted","snap_distance_m":20.067901035913685,"threshold_m":50.0},"type":"Feature"},{"geometry":{"coordinates":[112.75026660000003,-7.258696699999972],"type":"Point"},"properties":{"analysis_version":"p0-central-v1","component_id":"cc_000001","entity_type":"merchant","input_lineage":{"data/processed/p0/culinary_poi_p0.geojson":"B472BB9F0E8C18A5A85FAB6783FBA2455FD5A8FECE9BAAE4B23ED42A6AD7A608","data/processed/p0/pedestrian_edges.geojson":"6A77F7722AE6F3EF4674405EAEF2E43019F6C90363063E52BEDF44F388636355","data/processed/p0/pedestrian_nodes.geojson":"547A82AA6CD4B2012EE931D022948B12836236F685129EB745DB9359F417D7D3","data/processed/p0/transit_points_p0.geojson":"D15301D6230B26E93F4BDD46E9839D26E174244E6ACABCB674F1BC9956C9B06E"},"merchant_id":"dcb3c5b9-ecf8-552c-b879-913fb533cb98","merchant_name":"AIOLA EATERY","method_config_fingerprint":"A0AE32FCDC33656774E190C42F9BA9483E2684228F7FCDB54B16728D5177BFF0","node_id":"node_ca22e6b0fac7f9528e6cd6da6d4babf56848516f03bb1d53b4b5beb08a60e1a9","routing_status":"routable","snap_acceptance_status":"accepted","snap_distance_m":26.09330740546922,"threshold_m":50.0},"type":"Feature"},{"geometry":{"coordinates":[112.731719,-7.2665222],"type":"Point"},"properties":{"analysis_version":"p0-central-v1","component_id":"cc_000001","entity_type":"merchant","input_lineage":{"data/processed/p0/culinary_poi_p0.geojson":"B472BB9F0E8C18A5A85FAB6783FBA2455FD5A8FECE9BAAE4B23ED42A6AD7A608","data/processed/p0/pedestrian_edges.geojson":"6A77F7722AE6F3EF4674405EAEF2E43019F6C90363063E52BEDF44F388636355","data/processed/p0/pedestrian_nodes.geojson":"547A82AA6CD4B2012EE931D022948B12836236F685129EB745DB9359F417D7D3","data/processed/p0/transit_points_p0.geojson":"D15301D6230B26E93F4BDD46E9839D26E174244E6ACABCB674F1BC9956C9B06E"},"merchant_id":"dcbfb365-7d9b-57f0-a172-1cde525a9c5d","merchant_name":"YOOLEE CAKE","method_config_fingerprint":"A0AE32FCDC33656774E190C42F9BA9483E2684228F7FCDB54B16728D5177BFF0","node_id":"node_841302c5963018aa9065a4699bcc468eb416f3af976ba4676f9235898dfb438b","routing_status":"routable","snap_acceptance_status":"accepted","snap_distance_m":19.042658887856916,"threshold_m":50.0},"type":"Feature"},{"geometry":{"coordinates":[112.7506849,-7.2695589],"type":"Point"},"properties":{"analysis_version":"p0-central-v1","component_id":"cc_000001","entity_type":"merchant","input_lineage":{"data/processed/p0/culinary_poi_p0.geojson":"B472BB9F0E8C18A5A85FAB6783FBA2455FD5A8FECE9BAAE4B23ED42A6AD7A608","data/processed/p0/pedestrian_edges.geojson":"6A77F7722AE6F3EF4674405EAEF2E43019F6C90363063E52BEDF44F388636355","data/processed/p0/pedestrian_nodes.geojson":"547A82AA6CD4B2012EE931D022948B12836236F685129EB745DB9359F417D7D3","data/processed/p0/transit_points_p0.geojson":"D15301D6230B26E93F4BDD46E9839D26E174244E6ACABCB674F1BC9956C9B06E"},"merchant_id":"e0023fa0-8be6-5c63-821b-ea7349932339","merchant_name":"LIBBY","method_config_fingerprint":"A0AE32FCDC33656774E190C42F9BA9483E2684228F7FCDB54B16728D5177BFF0","node_id":"node_72c707cc9edb4b390287ba4d10651fb999b03fc49c0e27f5c13f6577a5554d73","routing_status":"routable","snap_acceptance_status":"accepted","snap_distance_m":29.860053402355717,"threshold_m":50.0},"type":"Feature"},{"geometry":{"coordinates":[112.752155,-7.262663],"type":"Point"},"properties":{"analysis_version":"p0-central-v1","component_id":"cc_000043","entity_type":"merchant","input_lineage":{"data/processed/p0/culinary_poi_p0.geojson":"B472BB9F0E8C18A5A85FAB6783FBA2455FD5A8FECE9BAAE4B23ED42A6AD7A608","data/processed/p0/pedestrian_edges.geojson":"6A77F7722AE6F3EF4674405EAEF2E43019F6C90363063E52BEDF44F388636355","data/processed/p0/pedestrian_nodes.geojson":"547A82AA6CD4B2012EE931D022948B12836236F685129EB745DB9359F417D7D3","data/processed/p0/transit_points_p0.geojson":"D15301D6230B26E93F4BDD46E9839D26E174244E6ACABCB674F1BC9956C9B06E"},"merchant_id":"e023f985-ff92-54f7-95f3-bcf44ee33a6f","merchant_name":"IKAN BAKAR SAMI SAMI","method_config_fingerprint":"A0AE32FCDC33656774E190C42F9BA9483E2684228F7FCDB54B16728D5177BFF0","node_id":"node_3cca0f07af91c09b87ff627a2a350f8123afef65fa243a872b51cb02572316aa","routing_status":"disconnected","snap_acceptance_status":"accepted","snap_distance_m":5.176195833615292,"threshold_m":50.0},"type":"Feature"},{"geometry":{"coordinates":[112.73911120000002,-7.260117399999956],"type":"Point"},"properties":{"analysis_version":"p0-central-v1","component_id":"cc_000001","entity_type":"merchant","input_lineage":{"data/processed/p0/culinary_poi_p0.geojson":"B472BB9F0E8C18A5A85FAB6783FBA2455FD5A8FECE9BAAE4B23ED42A6AD7A608","data/processed/p0/pedestrian_edges.geojson":"6A77F7722AE6F3EF4674405EAEF2E43019F6C90363063E52BEDF44F388636355","data/processed/p0/pedestrian_nodes.geojson":"547A82AA6CD4B2012EE931D022948B12836236F685129EB745DB9359F417D7D3","data/processed/p0/transit_points_p0.geojson":"D15301D6230B26E93F4BDD46E9839D26E174244E6ACABCB674F1BC9956C9B06E"},"merchant_id":"e177010d-7e54-5c22-ac54-8362e5a18baa","merchant_name":"PIRING SENG COFFEE & CO","method_config_fingerprint":"A0AE32FCDC33656774E190C42F9BA9483E2684228F7FCDB54B16728D5177BFF0","node_id":"node_65234e7be7c3bf3948323ec2b82a1279780a58f881ce29d2b711119a9a8aa90e","routing_status":"routable","snap_acceptance_status":"accepted","snap_distance_m":32.482262660143206,"threshold_m":50.0},"type":"Feature"},{"geometry":{"coordinates":[112.7393031,-7.259739],"type":"Point"},"properties":{"analysis_version":"p0-central-v1","component_id":"cc_000001","entity_type":"merchant","input_lineage":{"data/processed/p0/culinary_poi_p0.geojson":"B472BB9F0E8C18A5A85FAB6783FBA2455FD5A8FECE9BAAE4B23ED42A6AD7A608","data/processed/p0/pedestrian_edges.geojson":"6A77F7722AE6F3EF4674405EAEF2E43019F6C90363063E52BEDF44F388636355","data/processed/p0/pedestrian_nodes.geojson":"547A82AA6CD4B2012EE931D022948B12836236F685129EB745DB9359F417D7D3","data/processed/p0/transit_points_p0.geojson":"D15301D6230B26E93F4BDD46E9839D26E174244E6ACABCB674F1BC9956C9B06E"},"merchant_id":"e1d67e01-204f-5d38-934e-291605dd22fd","merchant_name":"NASI GORENG CAK WI","method_config_fingerprint":"A0AE32FCDC33656774E190C42F9BA9483E2684228F7FCDB54B16728D5177BFF0","node_id":"node_401aa5370f6df7627383ebe38fe3950dc6ee8497b63e5da995d51a64aaca1325","routing_status":"routable","snap_acceptance_status":"accepted","snap_distance_m":17.01870401858572,"threshold_m":50.0},"type":"Feature"},{"geometry":{"coordinates":[112.74729890000003,-7.271621099999948],"type":"Point"},"properties":{"analysis_version":"p0-central-v1","component_id":"cc_000001","entity_type":"merchant","input_lineage":{"data/processed/p0/culinary_poi_p0.geojson":"B472BB9F0E8C18A5A85FAB6783FBA2455FD5A8FECE9BAAE4B23ED42A6AD7A608","data/processed/p0/pedestrian_edges.geojson":"6A77F7722AE6F3EF4674405EAEF2E43019F6C90363063E52BEDF44F388636355","data/processed/p0/pedestrian_nodes.geojson":"547A82AA6CD4B2012EE931D022948B12836236F685129EB745DB9359F417D7D3","data/processed/p0/transit_points_p0.geojson":"D15301D6230B26E93F4BDD46E9839D26E174244E6ACABCB674F1BC9956C9B06E"},"merchant_id":"e21bfe90-5814-5f40-bc54-b012f77cc394","merchant_name":"KAFE 27 SUMATERA","method_config_fingerprint":"A0AE32FCDC33656774E190C42F9BA9483E2684228F7FCDB54B16728D5177BFF0","node_id":"node_ce852d964de3fcf9e53cb1142cfcc7b5a1b620ebc861d1cad53e465bc381c2af","routing_status":"routable","snap_acceptance_status":"accepted","snap_distance_m":24.619968477305125,"threshold_m":50.0},"type":"Feature"},{"geometry":{"coordinates":[112.7451645,-7.2708857],"type":"Point"},"properties":{"analysis_version":"p0-central-v1","component_id":"cc_000001","entity_type":"merchant","input_lineage":{"data/processed/p0/culinary_poi_p0.geojson":"B472BB9F0E8C18A5A85FAB6783FBA2455FD5A8FECE9BAAE4B23ED42A6AD7A608","data/processed/p0/pedestrian_edges.geojson":"6A77F7722AE6F3EF4674405EAEF2E43019F6C90363063E52BEDF44F388636355","data/processed/p0/pedestrian_nodes.geojson":"547A82AA6CD4B2012EE931D022948B12836236F685129EB745DB9359F417D7D3","data/processed/p0/transit_points_p0.geojson":"D15301D6230B26E93F4BDD46E9839D26E174244E6ACABCB674F1BC9956C9B06E"},"merchant_id":"e23e24ec-054c-5be3-93cc-3ea57e077ece","merchant_name":"BARBY'S BAKERY","method_config_fingerprint":"A0AE32FCDC33656774E190C42F9BA9483E2684228F7FCDB54B16728D5177BFF0","node_id":"node_53122b2f75aa1473f309a0146516eb37aeac4e41546c004dd1e7500a008f7d57","routing_status":"routable","snap_acceptance_status":"accepted","snap_distance_m":30.95439073136629,"threshold_m":50.0},"type":"Feature"},{"geometry":{"coordinates":[112.7476524000001,-7.264024799999959],"type":"Point"},"properties":{"analysis_version":"p0-central-v1","component_id":"cc_000001","entity_type":"merchant","input_lineage":{"data/processed/p0/culinary_poi_p0.geojson":"B472BB9F0E8C18A5A85FAB6783FBA2455FD5A8FECE9BAAE4B23ED42A6AD7A608","data/processed/p0/pedestrian_edges.geojson":"6A77F7722AE6F3EF4674405EAEF2E43019F6C90363063E52BEDF44F388636355","data/processed/p0/pedestrian_nodes.geojson":"547A82AA6CD4B2012EE931D022948B12836236F685129EB745DB9359F417D7D3","data/processed/p0/transit_points_p0.geojson":"D15301D6230B26E93F4BDD46E9839D26E174244E6ACABCB674F1BC9956C9B06E"},"merchant_id":"e2a0cab5-68f4-5bc7-9dd2-e25b5a651a29","merchant_name":"MASAKAN PADANG GUMARANG JAYA CABANG DELTA","method_config_fingerprint":"A0AE32FCDC33656774E190C42F9BA9483E2684228F7FCDB54B16728D5177BFF0","node_id":"node_70055646ff5875fcbae79977861b859886085f7857a1f87585d674ff53bd8090","routing_status":"routable","snap_acceptance_status":"accepted","snap_distance_m":19.540747691668965,"threshold_m":50.0},"type":"Feature"},{"geometry":{"coordinates":[112.74051440000005,-7.269566099999963],"type":"Point"},"properties":{"analysis_version":"p0-central-v1","component_id":"cc_000001","entity_type":"merchant","input_lineage":{"data/processed/p0/culinary_poi_p0.geojson":"B472BB9F0E8C18A5A85FAB6783FBA2455FD5A8FECE9BAAE4B23ED42A6AD7A608","data/processed/p0/pedestrian_edges.geojson":"6A77F7722AE6F3EF4674405EAEF2E43019F6C90363063E52BEDF44F388636355","data/processed/p0/pedestrian_nodes.geojson":"547A82AA6CD4B2012EE931D022948B12836236F685129EB745DB9359F417D7D3","data/processed/p0/transit_points_p0.geojson":"D15301D6230B26E93F4BDD46E9839D26E174244E6ACABCB674F1BC9956C9B06E"},"merchant_id":"e3167bdd-9419-5c25-8344-785f8fb34b91","merchant_name":"NASI PADANG - TELUK BELANGA","method_config_fingerprint":"A0AE32FCDC33656774E190C42F9BA9483E2684228F7FCDB54B16728D5177BFF0","node_id":"node_7b5cd264abf6abb12c483673f9946a18e3a7f0895d0e7df101ad16832070884f","routing_status":"routable","snap_acceptance_status":"accepted","snap_distance_m":18.681957780731874,"threshold_m":50.0},"type":"Feature"},{"geometry":{"coordinates":[112.739418,-7.2633686],"type":"Point"},"properties":{"analysis_version":"p0-central-v1","component_id":"cc_000001","entity_type":"merchant","input_lineage":{"data/processed/p0/culinary_poi_p0.geojson":"B472BB9F0E8C18A5A85FAB6783FBA2455FD5A8FECE9BAAE4B23ED42A6AD7A608","data/processed/p0/pedestrian_edges.geojson":"6A77F7722AE6F3EF4674405EAEF2E43019F6C90363063E52BEDF44F388636355","data/processed/p0/pedestrian_nodes.geojson":"547A82AA6CD4B2012EE931D022948B12836236F685129EB745DB9359F417D7D3","data/processed/p0/transit_points_p0.geojson":"D15301D6230B26E93F4BDD46E9839D26E174244E6ACABCB674F1BC9956C9B06E"},"merchant_id":"e3bb05c6-1286-59f5-9096-aadc803717c5","merchant_name":"KFC TUNJUNGAN PLAZA 3","method_config_fingerprint":"A0AE32FCDC33656774E190C42F9BA9483E2684228F7FCDB54B16728D5177BFF0","node_id":"node_58d533e1c37868f4e92c8d9588d0dd2f7e186bb71079a5a1f12d2356e6ffc2a2","routing_status":"routable","snap_acceptance_status":"accepted","snap_distance_m":9.85881619333762,"threshold_m":50.0},"type":"Feature"},{"geometry":{"coordinates":[112.7485682,-7.2583697],"type":"Point"},"properties":{"analysis_version":"p0-central-v1","component_id":"cc_000001","entity_type":"merchant","input_lineage":{"data/processed/p0/culinary_poi_p0.geojson":"B472BB9F0E8C18A5A85FAB6783FBA2455FD5A8FECE9BAAE4B23ED42A6AD7A608","data/processed/p0/pedestrian_edges.geojson":"6A77F7722AE6F3EF4674405EAEF2E43019F6C90363063E52BEDF44F388636355","data/processed/p0/pedestrian_nodes.geojson":"547A82AA6CD4B2012EE931D022948B12836236F685129EB745DB9359F417D7D3","data/processed/p0/transit_points_p0.geojson":"D15301D6230B26E93F4BDD46E9839D26E174244E6ACABCB674F1BC9956C9B06E"},"merchant_id":"e3e92323-c74f-5dce-ab4d-42ce5abba514","merchant_name":"NASI GORENG NUSANTARA","method_config_fingerprint":"A0AE32FCDC33656774E190C42F9BA9483E2684228F7FCDB54B16728D5177BFF0","node_id":"node_6ff39deebd728e70f347244126ae48b0443209ff92d277f9767ea0a0d3bcfd4a","routing_status":"routable","snap_acceptance_status":"accepted","snap_distance_m":25.530387662268442,"threshold_m":50.0},"type":"Feature"},{"geometry":{"coordinates":[112.7525605,-7.2694074],"type":"Point"},"properties":{"analysis_version":"p0-central-v1","component_id":"cc_000001","entity_type":"merchant","input_lineage":{"data/processed/p0/culinary_poi_p0.geojson":"B472BB9F0E8C18A5A85FAB6783FBA2455FD5A8FECE9BAAE4B23ED42A6AD7A608","data/processed/p0/pedestrian_edges.geojson":"6A77F7722AE6F3EF4674405EAEF2E43019F6C90363063E52BEDF44F388636355","data/processed/p0/pedestrian_nodes.geojson":"547A82AA6CD4B2012EE931D022948B12836236F685129EB745DB9359F417D7D3","data/processed/p0/transit_points_p0.geojson":"D15301D6230B26E93F4BDD46E9839D26E174244E6ACABCB674F1BC9956C9B06E"},"merchant_id":"e6a29dee-ae68-5032-adbf-f3463ea177e8","merchant_name":"SEAFOOD UMMA","method_config_fingerprint":"A0AE32FCDC33656774E190C42F9BA9483E2684228F7FCDB54B16728D5177BFF0","node_id":"node_fce83e4e1792c2224b6954181c50118f1c8b4c407c75fa47aacabdbcdb4da140","routing_status":"routable","snap_acceptance_status":"accepted","snap_distance_m":12.985985341525067,"threshold_m":50.0},"type":"Feature"},{"geometry":{"coordinates":[112.7479601,-7.265019],"type":"Point"},"properties":{"analysis_version":"p0-central-v1","component_id":"cc_000001","entity_type":"merchant","input_lineage":{"data/processed/p0/culinary_poi_p0.geojson":"B472BB9F0E8C18A5A85FAB6783FBA2455FD5A8FECE9BAAE4B23ED42A6AD7A608","data/processed/p0/pedestrian_edges.geojson":"6A77F7722AE6F3EF4674405EAEF2E43019F6C90363063E52BEDF44F388636355","data/processed/p0/pedestrian_nodes.geojson":"547A82AA6CD4B2012EE931D022948B12836236F685129EB745DB9359F417D7D3","data/processed/p0/transit_points_p0.geojson":"D15301D6230B26E93F4BDD46E9839D26E174244E6ACABCB674F1BC9956C9B06E"},"merchant_id":"e6af3767-9327-5d05-9551-d285d4a9b2be","merchant_name":"J.CO DONUTS & COFFEE","method_config_fingerprint":"A0AE32FCDC33656774E190C42F9BA9483E2684228F7FCDB54B16728D5177BFF0","node_id":"node_a896d50dfccc3ed98308f132ec21472eb61bd84fcf5d203e4162f98b8fd984e8","routing_status":"routable","snap_acceptance_status":"accepted","snap_distance_m":8.04390909762019,"threshold_m":50.0},"type":"Feature"},{"geometry":{"coordinates":[112.75208830000008,-7.257471899999928],"type":"Point"},"properties":{"analysis_version":"p0-central-v1","component_id":"cc_000001","entity_type":"merchant","input_lineage":{"data/processed/p0/culinary_poi_p0.geojson":"B472BB9F0E8C18A5A85FAB6783FBA2455FD5A8FECE9BAAE4B23ED42A6AD7A608","data/processed/p0/pedestrian_edges.geojson":"6A77F7722AE6F3EF4674405EAEF2E43019F6C90363063E52BEDF44F388636355","data/processed/p0/pedestrian_nodes.geojson":"547A82AA6CD4B2012EE931D022948B12836236F685129EB745DB9359F417D7D3","data/processed/p0/transit_points_p0.geojson":"D15301D6230B26E93F4BDD46E9839D26E174244E6ACABCB674F1BC9956C9B06E"},"merchant_id":"e7a3037d-ac80-514d-b2aa-a48a22643f2b","merchant_name":"FYRA COFFEE","method_config_fingerprint":"A0AE32FCDC33656774E190C42F9BA9483E2684228F7FCDB54B16728D5177BFF0","node_id":"node_e1c2496b707bf67db1f5bb056fab8a9567084960d59b438e55923e1a12e63e39","routing_status":"routable","snap_acceptance_status":"accepted","snap_distance_m":35.883971896920094,"threshold_m":50.0},"type":"Feature"},{"geometry":{"coordinates":[112.74018,-7.258415],"type":"Point"},"properties":{"analysis_version":"p0-central-v1","component_id":"cc_000001","entity_type":"merchant","input_lineage":{"data/processed/p0/culinary_poi_p0.geojson":"B472BB9F0E8C18A5A85FAB6783FBA2455FD5A8FECE9BAAE4B23ED42A6AD7A608","data/processed/p0/pedestrian_edges.geojson":"6A77F7722AE6F3EF4674405EAEF2E43019F6C90363063E52BEDF44F388636355","data/processed/p0/pedestrian_nodes.geojson":"547A82AA6CD4B2012EE931D022948B12836236F685129EB745DB9359F417D7D3","data/processed/p0/transit_points_p0.geojson":"D15301D6230B26E93F4BDD46E9839D26E174244E6ACABCB674F1BC9956C9B06E"},"merchant_id":"e857fa98-d915-5d75-963e-407e46cdf6a6","merchant_name":"WARUNG MASAKAN PADANG FADHILAH","method_config_fingerprint":"A0AE32FCDC33656774E190C42F9BA9483E2684228F7FCDB54B16728D5177BFF0","node_id":"node_b62d10b5d3e1b40ab3615ebc57cc99bbb8063c8c415110c88442ec6147a1e0ba","routing_status":"routable","snap_acceptance_status":"accepted","snap_distance_m":14.6309857713828,"threshold_m":50.0},"type":"Feature"},{"geometry":{"coordinates":[112.75722410000003,-7.25892],"type":"Point"},"properties":{"analysis_version":"p0-central-v1","component_id":"cc_000001","entity_type":"merchant","input_lineage":{"data/processed/p0/culinary_poi_p0.geojson":"B472BB9F0E8C18A5A85FAB6783FBA2455FD5A8FECE9BAAE4B23ED42A6AD7A608","data/processed/p0/pedestrian_edges.geojson":"6A77F7722AE6F3EF4674405EAEF2E43019F6C90363063E52BEDF44F388636355","data/processed/p0/pedestrian_nodes.geojson":"547A82AA6CD4B2012EE931D022948B12836236F685129EB745DB9359F417D7D3","data/processed/p0/transit_points_p0.geojson":"D15301D6230B26E93F4BDD46E9839D26E174244E6ACABCB674F1BC9956C9B06E"},"merchant_id":"e90a2017-b46c-5c55-b308-254027e70314","merchant_name":"WARUNG CAK KIS - PANGSIT MIE AYAM JAKARTA & NASI GORENG (KALASAN)","method_config_fingerprint":"A0AE32FCDC33656774E190C42F9BA9483E2684228F7FCDB54B16728D5177BFF0","node_id":"node_2a85636c8d324fe0e8e468d4aef05651e82fa2cdfd8c8e777c89f0177c432a17","routing_status":"routable","snap_acceptance_status":"accepted","snap_distance_m":20.03282110197452,"threshold_m":50.0},"type":"Feature"},{"geometry":{"coordinates":[112.7322584,-7.2602258],"type":"Point"},"properties":{"analysis_version":"p0-central-v1","component_id":"cc_000001","entity_type":"merchant","input_lineage":{"data/processed/p0/culinary_poi_p0.geojson":"B472BB9F0E8C18A5A85FAB6783FBA2455FD5A8FECE9BAAE4B23ED42A6AD7A608","data/processed/p0/pedestrian_edges.geojson":"6A77F7722AE6F3EF4674405EAEF2E43019F6C90363063E52BEDF44F388636355","data/processed/p0/pedestrian_nodes.geojson":"547A82AA6CD4B2012EE931D022948B12836236F685129EB745DB9359F417D7D3","data/processed/p0/transit_points_p0.geojson":"D15301D6230B26E93F4BDD46E9839D26E174244E6ACABCB674F1BC9956C9B06E"},"merchant_id":"e914e767-8cd4-569f-bd16-ada43a1c8359","merchant_name":"SINAR YONG","method_config_fingerprint":"A0AE32FCDC33656774E190C42F9BA9483E2684228F7FCDB54B16728D5177BFF0","node_id":"node_d4b3c427baa886fc65b40eab8aff5963a074b909972f15f1e9ff02656e947647","routing_status":"routable","snap_acceptance_status":"accepted","snap_distance_m":20.17522191390722,"threshold_m":50.0},"type":"Feature"},{"geometry":{"coordinates":[112.7413437,-7.264747],"type":"Point"},"properties":{"analysis_version":"p0-central-v1","component_id":"cc_000001","entity_type":"merchant","input_lineage":{"data/processed/p0/culinary_poi_p0.geojson":"B472BB9F0E8C18A5A85FAB6783FBA2455FD5A8FECE9BAAE4B23ED42A6AD7A608","data/processed/p0/pedestrian_edges.geojson":"6A77F7722AE6F3EF4674405EAEF2E43019F6C90363063E52BEDF44F388636355","data/processed/p0/pedestrian_nodes.geojson":"547A82AA6CD4B2012EE931D022948B12836236F685129EB745DB9359F417D7D3","data/processed/p0/transit_points_p0.geojson":"D15301D6230B26E93F4BDD46E9839D26E174244E6ACABCB674F1BC9956C9B06E"},"merchant_id":"e9a0a443-a6fa-5428-89c8-74abbcc31652","merchant_name":"KFC BASUKI RACHMAT","method_config_fingerprint":"A0AE32FCDC33656774E190C42F9BA9483E2684228F7FCDB54B16728D5177BFF0","node_id":"node_65184ee86b3254efdbb6b11cdb497e435a252c11ff340b0c5d5116ac6d3ccb30","routing_status":"routable","snap_acceptance_status":"accepted","snap_distance_m":19.536515530983337,"threshold_m":50.0},"type":"Feature"},{"geometry":{"coordinates":[112.7372496,-7.2678762],"type":"Point"},"properties":{"analysis_version":"p0-central-v1","component_id":"cc_000001","entity_type":"merchant","input_lineage":{"data/processed/p0/culinary_poi_p0.geojson":"B472BB9F0E8C18A5A85FAB6783FBA2455FD5A8FECE9BAAE4B23ED42A6AD7A608","data/processed/p0/pedestrian_edges.geojson":"6A77F7722AE6F3EF4674405EAEF2E43019F6C90363063E52BEDF44F388636355","data/processed/p0/pedestrian_nodes.geojson":"547A82AA6CD4B2012EE931D022948B12836236F685129EB745DB9359F417D7D3","data/processed/p0/transit_points_p0.geojson":"D15301D6230B26E93F4BDD46E9839D26E174244E6ACABCB674F1BC9956C9B06E"},"merchant_id":"ebad448a-a9bc-5f64-8aba-c64e6c4d3dfa","merchant_name":"IKAN BAKAR CIPANAS","method_config_fingerprint":"A0AE32FCDC33656774E190C42F9BA9483E2684228F7FCDB54B16728D5177BFF0","node_id":"node_cc7b458428b24212b467631453381432a558288c611a61218a6f46d05d8bd4be","routing_status":"routable","snap_acceptance_status":"accepted","snap_distance_m":15.811182689585186,"threshold_m":50.0},"type":"Feature"},{"geometry":{"coordinates":[112.734975,-7.264443],"type":"Point"},"properties":{"analysis_version":"p0-central-v1","component_id":"cc_000001","entity_type":"merchant","input_lineage":{"data/processed/p0/culinary_poi_p0.geojson":"B472BB9F0E8C18A5A85FAB6783FBA2455FD5A8FECE9BAAE4B23ED42A6AD7A608","data/processed/p0/pedestrian_edges.geojson":"6A77F7722AE6F3EF4674405EAEF2E43019F6C90363063E52BEDF44F388636355","data/processed/p0/pedestrian_nodes.geojson":"547A82AA6CD4B2012EE931D022948B12836236F685129EB745DB9359F417D7D3","data/processed/p0/transit_points_p0.geojson":"D15301D6230B26E93F4BDD46E9839D26E174244E6ACABCB674F1BC9956C9B06E"},"merchant_id":"ee86637b-c4f5-58f6-8d9b-abc85bec2e4c","merchant_name":"BERKAT BURGER SURABAYA","method_config_fingerprint":"A0AE32FCDC33656774E190C42F9BA9483E2684228F7FCDB54B16728D5177BFF0","node_id":"node_00c3b604a24e971588f950fdb6fd20751e2cdb5c0a518c9a0272c9380baa67f1","routing_status":"routable","snap_acceptance_status":"accepted","snap_distance_m":7.0321084973709755,"threshold_m":50.0},"type":"Feature"},{"geometry":{"coordinates":[112.7564483000001,-7.266853199999957],"type":"Point"},"properties":{"analysis_version":"p0-central-v1","component_id":"cc_000001","entity_type":"merchant","input_lineage":{"data/processed/p0/culinary_poi_p0.geojson":"B472BB9F0E8C18A5A85FAB6783FBA2455FD5A8FECE9BAAE4B23ED42A6AD7A608","data/processed/p0/pedestrian_edges.geojson":"6A77F7722AE6F3EF4674405EAEF2E43019F6C90363063E52BEDF44F388636355","data/processed/p0/pedestrian_nodes.geojson":"547A82AA6CD4B2012EE931D022948B12836236F685129EB745DB9359F417D7D3","data/processed/p0/transit_points_p0.geojson":"D15301D6230B26E93F4BDD46E9839D26E174244E6ACABCB674F1BC9956C9B06E"},"merchant_id":"ef925d42-bad7-5c91-abaa-af8948291373","merchant_name":"AMPERA PALAPA MASAKAN PADANG JALAN DHARMAWANGSA NO04 SURABAYA","method_config_fingerprint":"A0AE32FCDC33656774E190C42F9BA9483E2684228F7FCDB54B16728D5177BFF0","node_id":"node_4e74584947c14c2ab88fe8b8910baf5942dab5690c40c8757d49e121d201fed8","routing_status":"routable","snap_acceptance_status":"accepted","snap_distance_m":10.706759621446954,"threshold_m":50.0},"type":"Feature"},{"geometry":{"coordinates":[112.7322494,-7.2609369],"type":"Point"},"properties":{"analysis_version":"p0-central-v1","component_id":"cc_000001","entity_type":"merchant","input_lineage":{"data/processed/p0/culinary_poi_p0.geojson":"B472BB9F0E8C18A5A85FAB6783FBA2455FD5A8FECE9BAAE4B23ED42A6AD7A608","data/processed/p0/pedestrian_edges.geojson":"6A77F7722AE6F3EF4674405EAEF2E43019F6C90363063E52BEDF44F388636355","data/processed/p0/pedestrian_nodes.geojson":"547A82AA6CD4B2012EE931D022948B12836236F685129EB745DB9359F417D7D3","data/processed/p0/transit_points_p0.geojson":"D15301D6230B26E93F4BDD46E9839D26E174244E6ACABCB674F1BC9956C9B06E"},"merchant_id":"f195d0c7-feb7-5543-896d-401eb3c5cf1b","merchant_name":"SEAFOOD 78","method_config_fingerprint":"A0AE32FCDC33656774E190C42F9BA9483E2684228F7FCDB54B16728D5177BFF0","node_id":"node_4e6bd63666286d8bd68446d917ec97f1233928b4cae89b001a5c13d207a39a10","routing_status":"routable","snap_acceptance_status":"accepted","snap_distance_m":26.194129758770394,"threshold_m":50.0},"type":"Feature"},{"geometry":{"coordinates":[112.7479843,-7.2722905],"type":"Point"},"properties":{"analysis_version":"p0-central-v1","component_id":"cc_000026","entity_type":"merchant","input_lineage":{"data/processed/p0/culinary_poi_p0.geojson":"B472BB9F0E8C18A5A85FAB6783FBA2455FD5A8FECE9BAAE4B23ED42A6AD7A608","data/processed/p0/pedestrian_edges.geojson":"6A77F7722AE6F3EF4674405EAEF2E43019F6C90363063E52BEDF44F388636355","data/processed/p0/pedestrian_nodes.geojson":"547A82AA6CD4B2012EE931D022948B12836236F685129EB745DB9359F417D7D3","data/processed/p0/transit_points_p0.geojson":"D15301D6230B26E93F4BDD46E9839D26E174244E6ACABCB674F1BC9956C9B06E"},"merchant_id":"f19a11de-b933-55a6-ac09-eefa6422341e","merchant_name":"RAJANYA ROTI JOHN","method_config_fingerprint":"A0AE32FCDC33656774E190C42F9BA9483E2684228F7FCDB54B16728D5177BFF0","node_id":"node_9775b8e9beff3936d4d651f894fa0c8e95047f793e95f72f2874451f7c9f78e3","routing_status":"disconnected","snap_acceptance_status":"accepted","snap_distance_m":4.514213021694967,"threshold_m":50.0},"type":"Feature"},{"geometry":{"coordinates":[112.7452831,-7.2590782],"type":"Point"},"properties":{"analysis_version":"p0-central-v1","component_id":"cc_000001","entity_type":"merchant","input_lineage":{"data/processed/p0/culinary_poi_p0.geojson":"B472BB9F0E8C18A5A85FAB6783FBA2455FD5A8FECE9BAAE4B23ED42A6AD7A608","data/processed/p0/pedestrian_edges.geojson":"6A77F7722AE6F3EF4674405EAEF2E43019F6C90363063E52BEDF44F388636355","data/processed/p0/pedestrian_nodes.geojson":"547A82AA6CD4B2012EE931D022948B12836236F685129EB745DB9359F417D7D3","data/processed/p0/transit_points_p0.geojson":"D15301D6230B26E93F4BDD46E9839D26E174244E6ACABCB674F1BC9956C9B06E"},"merchant_id":"f308731e-92af-5fd4-9143-89c18de9546e","merchant_name":"BAKSO AMBON","method_config_fingerprint":"A0AE32FCDC33656774E190C42F9BA9483E2684228F7FCDB54B16728D5177BFF0","node_id":"node_1082ddb2d208341e9d48cfbaf386934852213e243948f9e6db248bd5af2c2c97","routing_status":"routable","snap_acceptance_status":"accepted","snap_distance_m":12.38027939663142,"threshold_m":50.0},"type":"Feature"},{"geometry":{"coordinates":[112.7543471,-7.2611579],"type":"Point"},"properties":{"analysis_version":"p0-central-v1","component_id":"cc_000001","entity_type":"merchant","input_lineage":{"data/processed/p0/culinary_poi_p0.geojson":"B472BB9F0E8C18A5A85FAB6783FBA2455FD5A8FECE9BAAE4B23ED42A6AD7A608","data/processed/p0/pedestrian_edges.geojson":"6A77F7722AE6F3EF4674405EAEF2E43019F6C90363063E52BEDF44F388636355","data/processed/p0/pedestrian_nodes.geojson":"547A82AA6CD4B2012EE931D022948B12836236F685129EB745DB9359F417D7D3","data/processed/p0/transit_points_p0.geojson":"D15301D6230B26E93F4BDD46E9839D26E174244E6ACABCB674F1BC9956C9B06E"},"merchant_id":"f31adec1-18cd-52b7-b1c3-1138b8d3607b","merchant_name":"NASI GORENG SEDAP MALAM","method_config_fingerprint":"A0AE32FCDC33656774E190C42F9BA9483E2684228F7FCDB54B16728D5177BFF0","node_id":"node_95be93c91783d82060f40d4e6a764da2be8a0d66d6eda402b0987e2b4fd0ca61","routing_status":"routable","snap_acceptance_status":"accepted","snap_distance_m":24.58084986148064,"threshold_m":50.0},"type":"Feature"},{"geometry":{"coordinates":[112.730815,-7.2660559],"type":"Point"},"properties":{"analysis_version":"p0-central-v1","component_id":"cc_000001","entity_type":"merchant","input_lineage":{"data/processed/p0/culinary_poi_p0.geojson":"B472BB9F0E8C18A5A85FAB6783FBA2455FD5A8FECE9BAAE4B23ED42A6AD7A608","data/processed/p0/pedestrian_edges.geojson":"6A77F7722AE6F3EF4674405EAEF2E43019F6C90363063E52BEDF44F388636355","data/processed/p0/pedestrian_nodes.geojson":"547A82AA6CD4B2012EE931D022948B12836236F685129EB745DB9359F417D7D3","data/processed/p0/transit_points_p0.geojson":"D15301D6230B26E93F4BDD46E9839D26E174244E6ACABCB674F1BC9956C9B06E"},"merchant_id":"f3c06842-2561-5f73-866e-c2ee35c9f08d","merchant_name":"SEDAP MALAM SEAFOOD","method_config_fingerprint":"A0AE32FCDC33656774E190C42F9BA9483E2684228F7FCDB54B16728D5177BFF0","node_id":"node_ffb452c8b3d9943c899f737ff6239b4dd1a5e97f5de16e4b81d2405b338152c6","routing_status":"routable","snap_acceptance_status":"accepted","snap_distance_m":20.655473773246246,"threshold_m":50.0},"type":"Feature"},{"geometry":{"coordinates":[112.74823579999999,-7.2643431],"type":"Point"},"properties":{"analysis_version":"p0-central-v1","component_id":"cc_000001","entity_type":"merchant","input_lineage":{"data/processed/p0/culinary_poi_p0.geojson":"B472BB9F0E8C18A5A85FAB6783FBA2455FD5A8FECE9BAAE4B23ED42A6AD7A608","data/processed/p0/pedestrian_edges.geojson":"6A77F7722AE6F3EF4674405EAEF2E43019F6C90363063E52BEDF44F388636355","data/processed/p0/pedestrian_nodes.geojson":"547A82AA6CD4B2012EE931D022948B12836236F685129EB745DB9359F417D7D3","data/processed/p0/transit_points_p0.geojson":"D15301D6230B26E93F4BDD46E9839D26E174244E6ACABCB674F1BC9956C9B06E"},"merchant_id":"f4c7acdf-19d7-55d4-af20-f8df2eede5aa","merchant_name":"KFC PLAZA SURABAYA","method_config_fingerprint":"A0AE32FCDC33656774E190C42F9BA9483E2684228F7FCDB54B16728D5177BFF0","node_id":"node_f30deb79ba5b65dc9b50679e246d55a433236cac784781beacf5d3d2d9f0a508","routing_status":"routable","snap_acceptance_status":"accepted","snap_distance_m":20.45971428415455,"threshold_m":50.0},"type":"Feature"},{"geometry":{"coordinates":[112.7517816,-7.2640245],"type":"Point"},"properties":{"analysis_version":"p0-central-v1","component_id":"cc_000001","entity_type":"merchant","input_lineage":{"data/processed/p0/culinary_poi_p0.geojson":"B472BB9F0E8C18A5A85FAB6783FBA2455FD5A8FECE9BAAE4B23ED42A6AD7A608","data/processed/p0/pedestrian_edges.geojson":"6A77F7722AE6F3EF4674405EAEF2E43019F6C90363063E52BEDF44F388636355","data/processed/p0/pedestrian_nodes.geojson":"547A82AA6CD4B2012EE931D022948B12836236F685129EB745DB9359F417D7D3","data/processed/p0/transit_points_p0.geojson":"D15301D6230B26E93F4BDD46E9839D26E174244E6ACABCB674F1BC9956C9B06E"},"merchant_id":"f833b1ec-2c30-52e8-b95f-b33ecc1a8f32","merchant_name":"NASI GORENG 99","method_config_fingerprint":"A0AE32FCDC33656774E190C42F9BA9483E2684228F7FCDB54B16728D5177BFF0","node_id":"node_031d4299e2b101adc4c0538d7b50bf58c1550eea76776397ab1cbf6651a69434","routing_status":"routable","snap_acceptance_status":"accepted","snap_distance_m":6.868529929112137,"threshold_m":50.0},"type":"Feature"},{"geometry":{"coordinates":[112.7407851,-7.2636196],"type":"Point"},"properties":{"analysis_version":"p0-central-v1","component_id":"cc_000001","entity_type":"merchant","input_lineage":{"data/processed/p0/culinary_poi_p0.geojson":"B472BB9F0E8C18A5A85FAB6783FBA2455FD5A8FECE9BAAE4B23ED42A6AD7A608","data/processed/p0/pedestrian_edges.geojson":"6A77F7722AE6F3EF4674405EAEF2E43019F6C90363063E52BEDF44F388636355","data/processed/p0/pedestrian_nodes.geojson":"547A82AA6CD4B2012EE931D022948B12836236F685129EB745DB9359F417D7D3","data/processed/p0/transit_points_p0.geojson":"D15301D6230B26E93F4BDD46E9839D26E174244E6ACABCB674F1BC9956C9B06E"},"merchant_id":"f854478e-de55-5214-8076-984fdc8ed7e5","merchant_name":"BURGER KING - TUNJUNGAN PLAZA 1","method_config_fingerprint":"A0AE32FCDC33656774E190C42F9BA9483E2684228F7FCDB54B16728D5177BFF0","node_id":"node_60de147bc6d7224e31e54cba88e6a96857443c8247e2af80f49dba6419520939","routing_status":"routable","snap_acceptance_status":"accepted","snap_distance_m":18.589059315078437,"threshold_m":50.0},"type":"Feature"},{"geometry":{"coordinates":[112.73916940000004,-7.263512799999949],"type":"Point"},"properties":{"analysis_version":"p0-central-v1","component_id":"cc_000001","entity_type":"merchant","input_lineage":{"data/processed/p0/culinary_poi_p0.geojson":"B472BB9F0E8C18A5A85FAB6783FBA2455FD5A8FECE9BAAE4B23ED42A6AD7A608","data/processed/p0/pedestrian_edges.geojson":"6A77F7722AE6F3EF4674405EAEF2E43019F6C90363063E52BEDF44F388636355","data/processed/p0/pedestrian_nodes.geojson":"547A82AA6CD4B2012EE931D022948B12836236F685129EB745DB9359F417D7D3","data/processed/p0/transit_points_p0.geojson":"D15301D6230B26E93F4BDD46E9839D26E174244E6ACABCB674F1BC9956C9B06E"},"merchant_id":"f9ba4416-b924-5145-9bae-7ec62a6386e5","merchant_name":"BURGER KING - TUNJUNGAN PLAZA 3","method_config_fingerprint":"A0AE32FCDC33656774E190C42F9BA9483E2684228F7FCDB54B16728D5177BFF0","node_id":"node_39a1ed0bf919113f6a29ba840b59300db7b5e4a4718ff8cdbadf6d6679189921","routing_status":"routable","snap_acceptance_status":"accepted","snap_distance_m":21.849844351116733,"threshold_m":50.0},"type":"Feature"},{"geometry":{"coordinates":[112.75073262784255,-7.263771637802737],"type":"Point"},"properties":{"analysis_version":"p0-central-v1","component_id":"cc_000001","entity_type":"merchant","input_lineage":{"data/processed/p0/culinary_poi_p0.geojson":"B472BB9F0E8C18A5A85FAB6783FBA2455FD5A8FECE9BAAE4B23ED42A6AD7A608","data/processed/p0/pedestrian_edges.geojson":"6A77F7722AE6F3EF4674405EAEF2E43019F6C90363063E52BEDF44F388636355","data/processed/p0/pedestrian_nodes.geojson":"547A82AA6CD4B2012EE931D022948B12836236F685129EB745DB9359F417D7D3","data/processed/p0/transit_points_p0.geojson":"D15301D6230B26E93F4BDD46E9839D26E174244E6ACABCB674F1BC9956C9B06E"},"merchant_id":"fa73089c-be0f-5dd6-b23f-7a30a10c51f6","merchant_name":"ROTIBOY BAKESHOPPE","method_config_fingerprint":"A0AE32FCDC33656774E190C42F9BA9483E2684228F7FCDB54B16728D5177BFF0","node_id":"node_ace0ea419286d752a999adb0bdf6f12ad8d18f7241743b421d92e70db18ad7f5","routing_status":"routable","snap_acceptance_status":"accepted","snap_distance_m":7.403967350175137,"threshold_m":50.0},"type":"Feature"},{"geometry":{"coordinates":[112.75051840000003,-7.258289599999955],"type":"Point"},"properties":{"analysis_version":"p0-central-v1","component_id":"cc_000001","entity_type":"merchant","input_lineage":{"data/processed/p0/culinary_poi_p0.geojson":"B472BB9F0E8C18A5A85FAB6783FBA2455FD5A8FECE9BAAE4B23ED42A6AD7A608","data/processed/p0/pedestrian_edges.geojson":"6A77F7722AE6F3EF4674405EAEF2E43019F6C90363063E52BEDF44F388636355","data/processed/p0/pedestrian_nodes.geojson":"547A82AA6CD4B2012EE931D022948B12836236F685129EB745DB9359F417D7D3","data/processed/p0/transit_points_p0.geojson":"D15301D6230B26E93F4BDD46E9839D26E174244E6ACABCB674F1BC9956C9B06E"},"merchant_id":"fad717c2-edf7-55ed-8919-f13080e1e376","merchant_name":"RAMYEON CLUB EXPRESS","method_config_fingerprint":"A0AE32FCDC33656774E190C42F9BA9483E2684228F7FCDB54B16728D5177BFF0","node_id":"node_2ce96b3df6fe7cecdbc5507d6949679d5b2e5a332b8527bc7ddca83f5bcd7c2e","routing_status":"routable","snap_acceptance_status":"accepted","snap_distance_m":41.88076376048571,"threshold_m":50.0},"type":"Feature"},{"geometry":{"coordinates":[112.744274,-7.269022899999925],"type":"Point"},"properties":{"analysis_version":"p0-central-v1","component_id":"cc_000001","entity_type":"merchant","input_lineage":{"data/processed/p0/culinary_poi_p0.geojson":"B472BB9F0E8C18A5A85FAB6783FBA2455FD5A8FECE9BAAE4B23ED42A6AD7A608","data/processed/p0/pedestrian_edges.geojson":"6A77F7722AE6F3EF4674405EAEF2E43019F6C90363063E52BEDF44F388636355","data/processed/p0/pedestrian_nodes.geojson":"547A82AA6CD4B2012EE931D022948B12836236F685129EB745DB9359F417D7D3","data/processed/p0/transit_points_p0.geojson":"D15301D6230B26E93F4BDD46E9839D26E174244E6ACABCB674F1BC9956C9B06E"},"merchant_id":"faefe343-b524-569a-93c1-27a572a84c66","merchant_name":"BACKROOM COFFEE ROASTERS","method_config_fingerprint":"A0AE32FCDC33656774E190C42F9BA9483E2684228F7FCDB54B16728D5177BFF0","node_id":"node_33ced2678f3de612bc0fb639d3b5298a329f3c69cabf750071bc5d4bfd5b2801","routing_status":"routable","snap_acceptance_status":"accepted","snap_distance_m":14.49847672436459,"threshold_m":50.0},"type":"Feature"},{"geometry":{"coordinates":[112.7509002,-7.2712658],"type":"Point"},"properties":{"analysis_version":"p0-central-v1","component_id":"cc_000001","entity_type":"merchant","input_lineage":{"data/processed/p0/culinary_poi_p0.geojson":"B472BB9F0E8C18A5A85FAB6783FBA2455FD5A8FECE9BAAE4B23ED42A6AD7A608","data/processed/p0/pedestrian_edges.geojson":"6A77F7722AE6F3EF4674405EAEF2E43019F6C90363063E52BEDF44F388636355","data/processed/p0/pedestrian_nodes.geojson":"547A82AA6CD4B2012EE931D022948B12836236F685129EB745DB9359F417D7D3","data/processed/p0/transit_points_p0.geojson":"D15301D6230B26E93F4BDD46E9839D26E174244E6ACABCB674F1BC9956C9B06E"},"merchant_id":"fb51a171-67d9-583b-a5d0-8f1ddba87981","merchant_name":"DAFA ROTI","method_config_fingerprint":"A0AE32FCDC33656774E190C42F9BA9483E2684228F7FCDB54B16728D5177BFF0","node_id":"node_a06d661b1722b0de6b0a990b7250d8456982cea840e4084964b931f6d200747a","routing_status":"routable","snap_acceptance_status":"accepted","snap_distance_m":30.629548899490196,"threshold_m":50.0},"type":"Feature"},{"geometry":{"coordinates":[112.73336820000009,-7.258276099999932],"type":"Point"},"properties":{"analysis_version":"p0-central-v1","component_id":"cc_000001","entity_type":"merchant","input_lineage":{"data/processed/p0/culinary_poi_p0.geojson":"B472BB9F0E8C18A5A85FAB6783FBA2455FD5A8FECE9BAAE4B23ED42A6AD7A608","data/processed/p0/pedestrian_edges.geojson":"6A77F7722AE6F3EF4674405EAEF2E43019F6C90363063E52BEDF44F388636355","data/processed/p0/pedestrian_nodes.geojson":"547A82AA6CD4B2012EE931D022948B12836236F685129EB745DB9359F417D7D3","data/processed/p0/transit_points_p0.geojson":"D15301D6230B26E93F4BDD46E9839D26E174244E6ACABCB674F1BC9956C9B06E"},"merchant_id":"fb641b7b-0624-54d0-81c4-73bc08127bd4","merchant_name":"KOTALAMA KOFFIE SOERABAJA","method_config_fingerprint":"A0AE32FCDC33656774E190C42F9BA9483E2684228F7FCDB54B16728D5177BFF0","node_id":"node_6599f9f792f3c3c1920111000aeb927d55cab1b190a98662f52a88e8129c3636","routing_status":"routable","snap_acceptance_status":"accepted","snap_distance_m":9.167535764485098,"threshold_m":50.0},"type":"Feature"},{"geometry":{"coordinates":[112.74894350000011,-7.265416499999958],"type":"Point"},"properties":{"analysis_version":"p0-central-v1","component_id":"cc_000001","entity_type":"merchant","input_lineage":{"data/processed/p0/culinary_poi_p0.geojson":"B472BB9F0E8C18A5A85FAB6783FBA2455FD5A8FECE9BAAE4B23ED42A6AD7A608","data/processed/p0/pedestrian_edges.geojson":"6A77F7722AE6F3EF4674405EAEF2E43019F6C90363063E52BEDF44F388636355","data/processed/p0/pedestrian_nodes.geojson":"547A82AA6CD4B2012EE931D022948B12836236F685129EB745DB9359F417D7D3","data/processed/p0/transit_points_p0.geojson":"D15301D6230B26E93F4BDD46E9839D26E174244E6ACABCB674F1BC9956C9B06E"},"merchant_id":"fd6afaae-9f40-531a-a0db-dc23336df233","merchant_name":"ICHIBAN SUSHI - PLAZA SURABAYA","method_config_fingerprint":"A0AE32FCDC33656774E190C42F9BA9483E2684228F7FCDB54B16728D5177BFF0","node_id":"node_c8bba3ab8c20f5845e0ddb5dad95c7da2571be034cbbd20b303a4de414869ef3","routing_status":"routable","snap_acceptance_status":"accepted","snap_distance_m":16.867575978056827,"threshold_m":50.0},"type":"Feature"},{"geometry":{"coordinates":[112.73839370000007,-7.258914199999943],"type":"Point"},"properties":{"analysis_version":"p0-central-v1","component_id":"cc_000001","entity_type":"merchant","input_lineage":{"data/processed/p0/culinary_poi_p0.geojson":"B472BB9F0E8C18A5A85FAB6783FBA2455FD5A8FECE9BAAE4B23ED42A6AD7A608","data/processed/p0/pedestrian_edges.geojson":"6A77F7722AE6F3EF4674405EAEF2E43019F6C90363063E52BEDF44F388636355","data/processed/p0/pedestrian_nodes.geojson":"547A82AA6CD4B2012EE931D022948B12836236F685129EB745DB9359F417D7D3","data/processed/p0/transit_points_p0.geojson":"D15301D6230B26E93F4BDD46E9839D26E174244E6ACABCB674F1BC9956C9B06E"},"merchant_id":"fe07e890-23b9-565c-a2d3-1daace798c64","merchant_name":"LADEED DELI CAFE","method_config_fingerprint":"A0AE32FCDC33656774E190C42F9BA9483E2684228F7FCDB54B16728D5177BFF0","node_id":"node_c965623006d4776f8a30b4217ba0577c96c6fbe6ad77baa550762672ba463206","routing_status":"routable","snap_acceptance_status":"accepted","snap_distance_m":22.084774354132563,"threshold_m":50.0},"type":"Feature"},{"geometry":{"coordinates":[112.74741570000003,-7.273660699999938],"type":"Point"},"properties":{"analysis_version":"p0-central-v1","component_id":"cc_000001","entity_type":"merchant","input_lineage":{"data/processed/p0/culinary_poi_p0.geojson":"B472BB9F0E8C18A5A85FAB6783FBA2455FD5A8FECE9BAAE4B23ED42A6AD7A608","data/processed/p0/pedestrian_edges.geojson":"6A77F7722AE6F3EF4674405EAEF2E43019F6C90363063E52BEDF44F388636355","data/processed/p0/pedestrian_nodes.geojson":"547A82AA6CD4B2012EE931D022948B12836236F685129EB745DB9359F417D7D3","data/processed/p0/transit_points_p0.geojson":"D15301D6230B26E93F4BDD46E9839D26E174244E6ACABCB674F1BC9956C9B06E"},"merchant_id":"fe3f298f-b4d7-544e-b96a-c26c2cb69d00","merchant_name":"G LOUNGE KITCHEN & BAR","method_config_fingerprint":"A0AE32FCDC33656774E190C42F9BA9483E2684228F7FCDB54B16728D5177BFF0","node_id":"node_f69a645f31d115411260c70cf64aad9fdcc144b8ef72b647b88b9d9f1a30872f","routing_status":"routable","snap_acceptance_status":"accepted","snap_distance_m":18.321842180824195,"threshold_m":50.0},"type":"Feature"}],"metadata":{"analysis_version":"p0-central-v1","input_hashes":{"data/processed/p0/culinary_poi_p0.geojson":"B472BB9F0E8C18A5A85FAB6783FBA2455FD5A8FECE9BAAE4B23ED42A6AD7A608","data/processed/p0/pedestrian_edges.geojson":"6A77F7722AE6F3EF4674405EAEF2E43019F6C90363063E52BEDF44F388636355","data/processed/p0/pedestrian_nodes.geojson":"547A82AA6CD4B2012EE931D022948B12836236F685129EB745DB9359F417D7D3","data/processed/p0/transit_points_p0.geojson":"D15301D6230B26E93F4BDD46E9839D26E174244E6ACABCB674F1BC9956C9B06E"},"method":"network_dijkstra_edge_intervals_buffer_v1","method_config":{"buffer_cap_style":"round","buffer_join_style":"round","buffer_quad_segs":8,"edge_interval_rule":"undirected_endpoint_union_v1","isochrone_buffer_m":10.0,"merchant_threshold_m":50.0,"method":"network_dijkstra_edge_intervals_buffer_v1","stop_threshold_m":30.0,"walking_speed_mps":1.3},"method_config_fingerprint":"A0AE32FCDC33656774E190C42F9BA9483E2684228F7FCDB54B16728D5177BFF0","metric_crs":"EPSG:32749","output_crs":"EPSG:4326","output_name":"merchant_snaps_p0"},"type":"FeatureCollection"}
